"Position","Domain","RefDomains","AlexaRank","Matches","MatchedLinks","ExtBackLinks","IndexedURLs","CrawledURLs","FirstCrawled","LastSuccessfulCrawl","IP","SubNet","CountryCode","TLD","CitationFlow","TrustFlow","BackLinks_titleloans4u.com","FirstLinkDate_titleloans4u.com","LastLinkDate_titleloans4u.com"
1,"tooclothesminded.com",332,-1,1,230,19284,32564,27768,04/01/2011 00:00,02/08/2013 00:00,"173.201.1.1","173.201.1.0","US","com",19,2,230,31/05/2012 00:00,28/05/2013 00:00
2,"joshcopeland.com",92,-1,1,119,491,2088,827,28/04/2011 00:00,09/08/2013 00:00,"74.50.25.165","74.50.25.0","US","com",6,0,119,21/11/2011 00:00,21/11/2011 00:00
3,"swapnilghosh.tk",18,-1,1,73,162,507,387,04/11/2010 00:00,29/02/2012 00:00,"209.190.85.24","209.190.85.0","US","tk",6,0,73,23/11/2011 00:00,23/11/2011 00:00
4,"3xgamer.com",673,-1,1,53,2542,279465,116969,06/10/2009 00:00,10/08/2013 00:00,"208.109.78.142","208.109.78.0","US","com",14,6,53,19/11/2011 00:00,19/11/2011 00:00
5,"sharepointjungle.com",201,-1,1,51,1597,75832,55678,11/06/2011 00:00,10/08/2013 00:00,"173.201.97.1","173.201.97.0","US","com",13,1,51,25/03/2013 00:00,25/03/2013 00:00
6,"vrgdt.se",209,-1,1,51,1586,50283,22114,27/12/2009 00:00,08/08/2013 00:00,"46.30.211.51","46.30.211.0","DK","se",18,9,51,03/10/2012 00:00,03/10/2012 00:00
7,"ntct.edu.tw",66767,155862,1,42,3941588,4390421,739703,24/01/2008 00:00,10/08/2013 00:00,"163.22.168.116","163.22.168.0","TW","tw",34,36,42,22/11/2011 00:00,31/12/2011 00:00
8,"powerscript.net",23,-1,1,37,3003,2192,1611,21/11/2010 00:00,10/08/2013 00:00,"208.87.35.103","208.87.35.0","BS","net",8,1,37,27/11/2011 00:00,09/01/2012 00:00
9,"wellnesspacificcoast.com",215,-1,1,32,3255,2639,2173,01/06/2010 00:00,10/01/2013 00:00,"66.147.242.166","66.147.242.0","US","com",8,1,32,17/11/2011 00:00,17/11/2011 00:00
10,"myweightlosssolution.com",861,-1,1,28,12119,10176,9384,11/05/2008 00:00,04/06/2013 00:00,"174.120.200.163","174.120.200.0","US","com",12,1,28,29/08/2012 00:00,14/03/2013 00:00
11,"lowestequityrates.info",1754,-1,1,22,30787,213687,184056,16/04/2010 00:00,10/08/2013 00:00,"208.73.211.152","208.73.211.0","US","info",26,3,22,20/11/2011 00:00,22/11/2011 00:00
12,"akeworld.com",263,-1,1,16,4762,39036,16706,22/01/2011 00:00,10/08/2013 00:00,"65.60.54.66","65.60.54.0","US","com",18,1,16,17/06/2013 00:00,17/06/2013 00:00
13,"unsecuredloansnocreditcheck.net",7,-1,1,16,18,60239,49079,12/03/2013 00:00,18/05/2013 00:00,"174.120.97.6","174.120.97.0","US","net",0,0,16,12/03/2013 00:00,10/05/2013 00:00
14,"modeltouch.de",95,-1,1,15,556,54005,37348,16/11/2011 00:00,10/08/2013 00:00,"83.169.24.203","83.169.24.0","DE","de",13,0,15,17/11/2011 00:00,17/11/2011 00:00
15,"master-mine.co.cc",52,-1,1,15,567,1051,908,05/04/2010 00:00,12/11/2012 00:00,"78.29.1.22","78.29.1.0","RU","cc",6,3,15,26/11/2011 00:00,22/12/2011 00:00
16,"diktiergeraete-forum.de",5866,-1,1,13,30357,328179,171529,01/02/2010 00:00,26/07/2013 00:00,"85.13.133.58","85.13.133.0","DE","de",36,12,13,11/04/2013 00:00,14/04/2013 00:00
17,"laptop-battery-depot.co.uk",887,-1,1,13,6007,4360,2972,23/06/2010 00:00,21/05/2013 00:00,"74.220.199.6","74.220.199.0","US","uk",11,3,13,24/11/2011 00:00,24/11/2011 00:00
18,"thelatesttechnoloygy.info",232,-1,1,12,1291,4939,1699,02/01/2011 00:00,31/07/2012 00:00,"74.200.89.252","74.200.89.0","US","info",9,0,12,23/12/2011 00:00,19/07/2012 00:00
19,"mangrade.com",402,-1,1,11,11473,1465,1284,13/10/2010 00:00,10/08/2013 00:00,"98.158.179.168","98.158.179.0","US","com",15,0,11,04/12/2011 00:00,13/07/2012 00:00
20,"xtrcloud.com",661,-1,1,11,7914,20400,17028,23/01/2011 00:00,10/08/2013 00:00,"173.254.28.144","173.254.28.0","US","com",30,9,11,05/12/2011 00:00,05/12/2011 00:00
21,"ljus.biz",1036,-1,1,11,53678,120873,37093,14/01/2008 00:00,10/08/2013 00:00,"194.9.94.86","194.9.94.0","SE","biz",26,3,11,10/06/2013 00:00,10/06/2013 00:00
22,"mlmwebsite.com",59,-1,1,10,119,3957,3554,26/07/2008 00:00,18/07/2013 00:00,"69.50.218.202","69.50.218.0","US","com",6,0,10,06/12/2011 00:00,06/12/2011 00:00
23,"irvinsammons.net",40,-1,1,10,807,963,845,07/02/2011 00:00,10/08/2013 00:00,"41.76.209.59","41.76.209.0","ZA","net",17,0,10,15/12/2011 00:00,10/01/2012 00:00
24,"whatnew365.com",9532,62961,1,9,238552,273071,91322,27/08/2012 00:00,10/08/2013 00:00,"118.139.185.1","118.139.185.0","SG","com",38,9,9,27/05/2013 00:00,27/05/2013 00:00
25,"containergardening.us",90,-1,1,9,6525,6420,5667,27/12/2008 00:00,10/08/2013 00:00,"173.231.48.132","173.231.48.0","US","us",9,4,9,30/11/2011 00:00,30/11/2011 00:00
26,"mymobileringtones.co.cc",1507,-1,1,9,8813,14191,8388,05/04/2010 00:00,10/11/2012 00:00,"74.54.128.2","74.54.128.0","US","cc",13,1,9,08/12/2011 00:00,02/10/2012 00:00
27,"epilaredefinitiva.com.ro",185,-1,1,9,5651,2941,2766,22/06/2009 00:00,30/05/2013 00:00,"85.9.53.120","85.9.53.0","RO","ro",9,9,9,21/11/2011 00:00,23/11/2011 00:00
28,"softsblog.com",1886,-1,1,9,55517,61454,29989,20/06/2010 00:00,08/08/2013 00:00,"184.170.143.226","184.170.143.0","CA","com",21,8,9,06/06/2013 00:00,06/06/2013 00:00
29,"adultchatbbs.com",720,-1,1,9,80374,86305,55987,21/12/2011 00:00,10/08/2013 00:00,"108.170.23.218","108.170.23.0","US","com",9,4,9,15/03/2013 00:00,27/05/2013 00:00
30,"alpvideo.ru",322,-1,1,9,8816,46144,33601,13/02/2009 00:00,10/08/2013 00:00,"188.128.85.11","188.128.85.0","RU","ru",13,13,9,08/07/2012 00:00,19/09/2012 00:00
31,"directoryshack.com",3042,-1,1,9,27318,106953,90068,08/02/2008 00:00,10/08/2013 00:00,"74.81.85.18","74.81.85.0","US","com",40,10,9,20/06/2013 00:00,20/06/2013 00:00
32,"lukerecommends.com",685,-1,1,9,3979,47508,26609,20/09/2009 00:00,31/07/2013 00:00,"174.132.167.90","174.132.167.0","US","com",16,1,9,26/11/2011 00:00,26/11/2011 00:00
33,"ksu.edu.sa",55840,7309,1,8,24621595,8696623,1367922,23/01/2008 00:00,10/08/2013 00:00,"212.57.194.200","212.57.194.0","SA","sa",56,59,8,21/12/2011 00:00,12/01/2012 00:00
34,"72pines.com",14668,-1,1,8,997423,458723,246035,17/01/2008 00:00,30/07/2013 00:00,"66.63.174.41","66.63.174.0","US","com",23,22,8,01/12/2011 00:00,13/01/2012 00:00
35,"bestpaydayloandeals.com",900,-1,1,8,2520,38959,31701,02/09/2009 00:00,10/08/2013 00:00,"173.236.38.210","173.236.38.0","US","com",9,0,8,18/01/2013 00:00,20/03/2013 00:00
36,"powerfulpanicattackremedy.com",63,-1,1,8,257,396,388,21/04/2011 00:00,11/07/2013 00:00,"174.121.33.222","174.121.33.0","US","com",7,0,8,15/12/2011 00:00,06/06/2013 00:00
37,"corpdirectory.info",1567,70963,1,7,39596,134648,67062,11/10/2011 00:00,10/08/2013 00:00,"50.63.101.1","50.63.101.0","US","info",26,8,7,11/07/2013 00:00,11/07/2013 00:00
38,"ballarat.edu.au",31984,141446,1,7,626999,6827231,1165537,09/01/2008 00:00,10/08/2013 00:00,"141.132.88.207","141.132.88.0","AU","au",47,62,7,20/12/2011 00:00,28/01/2012 00:00
39,"paydayloanshub.net",344,-1,1,7,7387,4050,3956,05/04/2009 00:00,31/07/2013 00:00,"50.116.98.104","50.116.98.0","US","net",26,1,7,16/04/2012 00:00,16/04/2012 00:00
40,"thingstodohigh.com",49,-1,1,7,76,2149,1621,23/12/2009 00:00,01/02/2012 00:00,"199.101.28.20","199.101.28.0","US","com",0,0,7,17/11/2011 00:00,17/11/2011 00:00
41,"itreviewer.ru",178,-1,1,6,5442,24240,22384,19/10/2010 00:00,10/08/2013 00:00,"92.53.113.61","92.53.113.0","RU","ru",21,0,6,06/01/2012 00:00,29/01/2012 00:00
42,"luigibongiovanni.info",329,-1,1,6,2320,9721,6256,19/03/2013 00:00,06/08/2013 00:00,"50.22.225.226","50.22.225.0","US","info",18,1,6,22/06/2013 00:00,22/06/2013 00:00
43,"tudienykhoa.net",270,-1,1,6,11086,12604,8928,25/09/2009 00:00,10/08/2013 00:00,"173.236.158.229","173.236.158.0","US","net",33,3,6,19/12/2011 00:00,17/07/2013 00:00
44,"smallloanlenders.com",1,-1,1,6,1,19954,16404,10/04/2013 00:00,31/07/2013 00:00,"74.54.143.215","74.54.143.0","US","com",0,0,6,17/04/2013 00:00,17/04/2013 00:00
45,"reelcomix.com",8320,-1,1,6,142712,161063,56499,07/06/2008 00:00,10/08/2013 00:00,"207.32.176.72","207.32.176.0","US","com",19,12,6,26/06/2012 00:00,17/08/2012 00:00
46,"medicalmarijuanavirginia.net",49,-1,1,6,514,3954,3692,26/02/2013 00:00,10/08/2013 00:00,"50.63.120.1","50.63.120.0","US","net",15,0,6,27/02/2013 00:00,19/07/2013 00:00
47,"aqardaily.com",678,-1,1,6,4102,461554,162498,08/06/2010 00:00,10/08/2013 00:00,"64.74.223.43","64.74.223.0","US","com",15,1,6,29/03/2012 00:00,30/04/2012 00:00
48,"seobookmarking63.com",56,-1,1,6,715,38376,27768,22/06/2013 00:00,10/08/2013 00:00,"","","","com",24,23,6,11/07/2013 00:00,11/07/2013 00:00
49,"ffcoder.com",4900,32048,1,5,177209,331798,109158,21/02/2013 00:00,10/08/2013 00:00,"108.160.150.123","108.160.150.0","US","com",37,12,5,25/02/2013 00:00,25/02/2013 00:00
50,"bradyleepolygraph.com",413,-1,1,5,30502,49880,9056,06/01/2011 00:00,26/05/2013 00:00,"74.54.144.99","74.54.144.0","US","com",6,0,5,07/12/2011 00:00,07/12/2011 00:00
51,"omelhorblogdomundo.com",48,-1,1,5,5398,308,199,28/05/2010 00:00,20/08/2012 00:00,"189.38.80.52","189.38.80.0","BR","com",7,0,5,20/11/2011 00:00,20/11/2011 00:00
52,"originalmagazineads.com",3148,-1,1,5,59441,35204,20631,27/09/2008 00:00,22/01/2013 00:00,"192.31.186.145","192.31.186.0","US","com",16,6,5,21/11/2011 00:00,31/01/2012 00:00
53,"opinemosf1.es",3754,-1,1,5,20656,118899,60266,04/05/2010 00:00,19/07/2013 00:00,"87.106.187.82","87.106.187.0","DE","es",17,4,5,25/07/2012 00:00,25/07/2012 00:00
54,"majre.hu",261,-1,1,5,846,7426,4193,27/01/2008 00:00,08/08/2013 00:00,"62.112.194.195","62.112.194.0","HU","hu",16,10,5,17/11/2011 00:00,18/11/2011 00:00
55,"furnishedapartmentslasvegasnv.com",61,-1,1,5,566,12560,11050,21/02/2013 00:00,29/05/2013 00:00,"69.175.120.212","69.175.120.0","US","com",6,0,5,27/02/2013 00:00,08/03/2013 00:00
56,"gamemaking.info",139,-1,1,5,10659,12190,5505,11/10/2011 00:00,29/01/2013 00:00,"69.43.161.151","69.43.161.0","US","info",15,0,5,19/11/2011 00:00,19/11/2011 00:00
57,"bagiin.com",324,-1,1,5,4213,82465,57431,23/05/2013 00:00,02/08/2013 00:00,"","","","com",18,5,5,08/07/2013 00:00,08/07/2013 00:00
58,"rconlinedeals.info",1895,-1,1,5,30811,149454,64712,07/07/2010 00:00,10/08/2013 00:00,"174.120.116.253","174.120.116.0","US","info",16,3,5,02/12/2011 00:00,18/04/2013 00:00
59,"hatt.us",550,-1,1,5,78322,55326,24002,06/05/2009 00:00,10/08/2013 00:00,"64.74.223.31","64.74.223.0","US","us",19,9,5,24/06/2013 00:00,24/06/2013 00:00
60,"mediafiredirectlink.com",867,32715,1,4,3547911,44736,28553,13/02/2013 00:00,10/08/2013 00:00,"184.171.252.200","184.171.252.0","US","com",32,15,4,31/07/2013 00:00,31/07/2013 00:00
61,"dotpoch.com",9101,35768,1,4,244482,610730,151736,27/03/2011 00:00,30/07/2013 00:00,"108.162.199.103","108.162.199.0","US","com",33,13,4,09/04/2013 00:00,09/04/2013 00:00
62,"domaindust.com",2018,41025,1,4,28297,143968,59203,20/07/2011 00:00,31/07/2013 00:00,"82.98.86.163","82.98.86.0","DE","com",21,4,4,05/04/2013 00:00,05/04/2013 00:00
63,"linkedin-directory.com",852,44212,1,4,3554141,32065,25543,21/02/2013 00:00,10/08/2013 00:00,"173.248.187.18","173.248.187.0","US","com",33,15,4,30/07/2013 00:00,01/08/2013 00:00
64,"stedwards.edu",31456,97947,1,4,4187719,285166,159775,25/01/2008 00:00,10/08/2013 00:00,"50.56.124.87","50.56.124.0","US","edu",48,61,4,19/12/2011 00:00,10/01/2012 00:00
65,"aboutjiewu.com",46,-1,1,4,257,467,367,30/05/2012 00:00,08/08/2013 00:00,"97.74.47.1","97.74.47.0","US","com",12,20,4,01/12/2011 00:00,23/12/2011 00:00
66,"medicalmarijuananebraska.net",140,-1,1,4,1231,5395,4821,26/02/2013 00:00,10/08/2013 00:00,"50.63.120.1","50.63.120.0","US","net",22,2,4,07/04/2013 00:00,23/07/2013 00:00
67,"islamickorner.net",1669,-1,1,4,49730,567941,174159,01/06/2011 00:00,10/08/2013 00:00,"206.253.167.162","206.253.167.0","US","net",30,9,4,27/03/2012 00:00,27/03/2012 00:00
68,"etelescope.net",82,-1,1,4,975,1852,473,27/10/2011 00:00,,"74.220.219.69","74.220.219.0","US","net",8,0,4,01/12/2011 00:00,01/12/2011 00:00
69,"medicalmarijuanalouisiana.net",46,-1,1,4,246,4614,4246,28/02/2013 00:00,10/08/2013 00:00,"50.63.120.1","50.63.120.0","US","net",15,0,4,12/03/2013 00:00,08/08/2013 00:00
70,"icantstopeating.com",165,-1,1,4,846,892,770,08/12/2010 00:00,10/08/2013 00:00,"173.201.98.128","173.201.98.0","US","com",14,0,4,20/11/2011 00:00,27/02/2012 00:00
71,"natural-skincare-products.info",478,-1,1,4,23287,4969,2260,10/04/2011 00:00,09/02/2013 00:00,"216.172.170.48","216.172.170.0","US","info",9,0,4,09/05/2012 00:00,22/12/2012 00:00
72,"forexvb.com",405,-1,1,4,3815,83599,42011,19/12/2008 00:00,01/08/2013 00:00,"67.215.66.132","67.215.66.0","US","com",15,9,4,12/07/2013 00:00,12/07/2013 00:00
73,"thecelebritynews.co.uk",386,-1,1,4,4533,193462,63179,09/09/2010 00:00,26/03/2013 00:00,"50.63.202.21","50.63.202.0","US","uk",9,9,4,18/11/2011 00:00,24/11/2011 00:00
74,"researchexamples.com",568,-1,1,4,5286,34388,14413,23/09/2010 00:00,10/08/2013 00:00,"66.96.147.111","66.96.147.0","US","com",21,1,4,19/11/2011 00:00,19/11/2011 00:00
75,"webrankstats.com",7184,4573,1,3,137070,1373223,295717,14/08/2010 00:00,10/08/2013 00:00,"174.121.242.65","174.121.242.0","US","com",38,32,3,17/04/2012 00:00,17/04/2012 00:00
76,"optimisationdirectory.info",1133,55526,1,3,48675,65807,43903,26/04/2009 00:00,10/08/2013 00:00,"184.168.172.1","184.168.172.0","US","info",23,9,3,03/08/2013 00:00,03/08/2013 00:00
77,"fb-viral.info",894,58366,1,3,10885,148509,60838,14/02/2013 00:00,10/08/2013 00:00,"67.231.245.218","67.231.245.0","US","info",17,5,3,28/07/2013 00:00,28/07/2013 00:00
78,"cycu.edu.tw",69860,158162,1,3,3681101,1468162,562972,24/01/2008 00:00,10/08/2013 00:00,"140.135.201.3","140.135.201.0","TW","tw",42,59,3,24/11/2011 00:00,24/11/2011 00:00
79,"badboysoftware.biz",44055,172540,1,3,701902,606946,151882,17/11/2008 00:00,10/08/2013 00:00,"182.50.148.128","182.50.148.0","SG","biz",44,25,3,17/07/2012 00:00,15/11/2012 00:00
80,"mueveme.info",2194,844667,1,3,95565,94615,67454,31/10/2009 00:00,10/08/2013 00:00,"69.89.31.93","69.89.31.0","US","info",33,12,3,28/11/2011 00:00,28/11/2011 00:00
81,"thriller-ebooks.de",184,-1,1,3,1528,3734,1888,10/12/2009 00:00,18/01/2013 00:00,"195.143.188.164","195.143.188.0","UK","de",9,1,3,19/11/2011 00:00,19/11/2011 00:00
82,"inlasvegasusa.com",39,-1,1,3,117,128366,76924,27/11/2012 00:00,10/08/2013 00:00,"199.217.117.91","199.217.117.0","US","com",9,0,3,17/04/2013 00:00,17/04/2013 00:00
83,"discountplumbers.net",1819,-1,1,3,38607,162669,42029,12/08/2010 00:00,19/07/2013 00:00,"69.43.161.170","69.43.161.0","US","net",21,3,3,04/12/2011 00:00,04/12/2011 00:00
84,"entekhabschools.net",918,-1,1,3,4352,58780,24280,08/03/2013 00:00,10/08/2013 00:00,"209.190.61.47","209.190.61.0","US","net",27,1,3,14/03/2013 00:00,14/03/2013 00:00
85,"voddlerinvite.com",349,-1,1,3,7813,3138,1381,12/10/2009 00:00,08/08/2013 00:00,"195.74.38.121","195.74.38.0","SE","com",16,5,3,17/11/2011 00:00,17/11/2011 00:00
86,"m-o-n-ey.com",3135,-1,1,3,68104,332730,50387,23/01/2011 00:00,07/08/2013 00:00,"27.254.40.72","27.254.40.0","TH","com",17,3,3,26/11/2011 00:00,26/11/2011 00:00
87,"madcowroundabout.com",1394,-1,1,3,14521,83269,12311,25/09/2010 00:00,21/01/2013 00:00,"174.132.104.201","174.132.104.0","US","com",14,2,3,26/11/2011 00:00,26/11/2011 00:00
88,"txmusictv.com",581,-1,1,3,13562,9103,6839,15/06/2010 00:00,29/07/2013 00:00,"174.122.150.34","174.122.150.0","US","com",23,15,3,19/11/2011 00:00,19/11/2011 00:00
89,"scriptperfect.com",282,-1,1,3,961,1651,1412,21/04/2009 00:00,10/08/2013 00:00,"70.32.83.137","70.32.83.0","US","com",8,8,3,18/11/2011 00:00,18/11/2011 00:00
90,"wildhogs.se",130,-1,1,3,23864,2225,1793,15/06/2012 00:00,10/08/2013 00:00,"46.30.211.53","46.30.211.0","DK","se",21,2,3,26/02/2013 00:00,08/08/2013 00:00
91,"cnt.net.pl",974,-1,1,3,22320,412333,16427,29/04/2011 00:00,10/08/2013 00:00,"178.19.106.230","178.19.106.0","PL","pl",19,3,3,22/11/2011 00:00,31/03/2012 00:00
92,"nacpsi2009.com",289,-1,1,3,9989,638,544,16/01/2010 00:00,14/04/2012 00:00,"199.101.28.20","199.101.28.0","US","com",7,3,3,30/11/2011 00:00,07/12/2011 00:00
93,"makeaface.org",429,-1,1,3,46254,85479,27476,17/01/2013 00:00,30/07/2013 00:00,"174.120.119.8","174.120.119.0","US","org",17,2,3,24/06/2013 00:00,24/06/2013 00:00
94,"jpkh.org",8581,-1,1,3,123297,134023,38569,24/01/2008 00:00,10/08/2013 00:00,"85.17.109.62","85.17.109.0","NL","org",43,4,3,01/05/2012 00:00,21/07/2013 00:00
95,"bunkbedfurniture.org",104,-1,1,3,543,2629,594,19/10/2010 00:00,20/10/2011 00:00,"70.86.12.226","70.86.12.0","US","org",7,0,3,24/11/2011 00:00,15/12/2011 00:00
96,"globalistgirl.net",613,-1,1,3,7138,43777,23726,17/04/2008 00:00,10/08/2013 00:00,"208.109.181.54","208.109.181.0","US","net",30,4,3,23/04/2013 00:00,23/04/2013 00:00
97,"streetroyaltytv.com",906,-1,1,3,5247,37430,30992,13/10/2009 00:00,25/07/2013 00:00,"97.74.144.108","97.74.144.0","US","com",31,4,3,18/11/2011 00:00,18/11/2011 00:00
98,"kuk-bot.net",10905,-1,1,3,77792,76994,14556,14/07/2008 00:00,10/08/2013 00:00,"74.208.63.155","74.208.63.0","US","net",19,5,3,31/07/2012 00:00,31/07/2012 00:00
99,"medicalmarijuanaconnecticut.net",33,-1,1,3,269,3623,3346,26/02/2013 00:00,01/08/2013 00:00,"50.63.120.1","50.63.120.0","US","net",11,0,3,24/02/2013 00:00,02/08/2013 00:00
100,"medicalmarijuanamissouri.net",351,-1,1,3,4751,4558,3804,17/12/2010 00:00,10/08/2013 00:00,"50.63.120.1","50.63.120.0","US","net",25,4,3,02/03/2013 00:00,23/07/2013 00:00
101,"mrjoeblack.com",1118,-1,1,3,9291,916,501,20/09/2009 00:00,07/08/2013 00:00,"94.136.40.104","94.136.40.0","UK","com",16,12,3,19/02/2013 00:00,19/02/2013 00:00
102,"sayam-submit.com",466,-1,1,3,177145,110510,33467,21/05/2013 00:00,10/08/2013 00:00,"","","","com",22,11,3,15/06/2013 00:00,15/06/2013 00:00
103,"judisbobet188.asia",93,-1,1,3,788,28750,6946,30/06/2013 00:00,10/08/2013 00:00,"173.194.70.121","173.194.70.0","US","asia",10,1,3,24/07/2013 00:00,24/07/2013 00:00
104,"bookmarkingarea.com",429,-1,1,3,5069,103443,34821,27/05/2013 00:00,10/08/2013 00:00,"","","","com",19,14,3,15/06/2013 00:00,15/06/2013 00:00
105,"larrymaluma.com.au",73,-1,1,3,821,469,300,16/02/2008 00:00,10/08/2013 00:00,"69.72.240.26","69.72.240.0","US","au",13,10,3,27/07/2013 00:00,05/08/2013 00:00
106,"fremdsehen.at",837,-1,1,3,20311,29148,15739,03/07/2010 00:00,10/08/2013 00:00,"37.235.63.171","37.235.63.0","AT","at",25,6,3,22/11/2011 00:00,22/11/2011 00:00
107,"social-bookmarking.net",27739,9927,1,2,1312992,3061401,873114,12/09/2008 00:00,10/08/2013 00:00,"85.13.148.22","85.13.148.0","DE","net",32,34,2,02/10/2012 00:00,02/10/2012 00:00
108,"fsu.edu",237067,14896,1,2,43601706,4343588,1693491,09/01/2008 00:00,10/08/2013 00:00,"128.186.6.14","128.186.6.0","US","edu",67,77,2,18/12/2011 00:00,18/12/2011 00:00
109,"directory-free.com",10445,16138,1,2,613601,278754,197677,09/01/2008 00:00,10/08/2013 00:00,"212.146.84.43","212.146.84.0","RO","com",41,40,2,02/03/2013 00:00,02/03/2013 00:00
110,"zbookmarking.com",3154,18609,1,2,135003,212028,90517,15/02/2013 00:00,10/08/2013 00:00,"66.96.147.159","66.96.147.0","US","com",28,7,2,05/04/2013 00:00,05/04/2013 00:00
111,"eresourcesonline.com",5970,19006,1,2,230774,398247,119722,15/02/2008 00:00,10/08/2013 00:00,"178.63.54.133","178.63.54.0","DE","com",31,33,2,09/03/2013 00:00,09/03/2013 00:00
112,"dreaminginamerican.com",3516,21567,1,2,191820,289389,93533,18/09/2009 00:00,10/08/2013 00:00,"65.254.248.182","65.254.248.0","US","com",30,12,2,08/05/2013 00:00,08/05/2013 00:00
113,"prmsp.net",3411,21932,1,2,74608,450946,161538,17/07/2012 00:00,31/07/2013 00:00,"50.116.122.135","50.116.122.0","US","net",32,11,2,05/05/2013 00:00,05/05/2013 00:00
114,"way2bookmarks.com",35134,22226,1,2,2079100,1978734,240304,13/12/2009 00:00,10/08/2013 00:00,"50.62.234.1","50.62.234.0","US","com",36,11,2,22/05/2013 00:00,22/05/2013 00:00
115,"nafhat.info",8989,24122,1,2,159096,472514,155923,13/10/2011 00:00,09/08/2013 00:00,"31.22.4.80","31.22.4.0","UK","info",37,8,2,26/02/2013 00:00,26/02/2013 00:00
116,"exactrelease.com",23484,24385,1,2,1084356,530882,305006,24/01/2008 00:00,10/08/2013 00:00,"23.23.230.19","23.23.230.0","US","com",54,22,2,05/07/2013 00:00,05/07/2013 00:00
117,"odyle.net",7260,32393,1,2,139640,302855,124812,24/01/2008 00:00,10/08/2013 00:00,"208.91.198.79","208.91.198.0","US","net",36,15,2,05/07/2013 00:00,05/07/2013 00:00
118,"staticbeam.com",5387,33000,1,2,241968,69208,34781,29/09/2012 00:00,05/08/2013 00:00,"62.75.163.129","62.75.163.0","DE","com",17,6,2,20/05/2013 00:00,20/05/2013 00:00
119,"bookzseo.com",10325,33009,1,2,294647,173974,77538,06/10/2012 00:00,08/08/2013 00:00,"108.175.5.3","108.175.5.0","US","com",23,11,2,25/04/2013 00:00,25/04/2013 00:00
120,"uns.ac.id",85529,36435,1,2,8878687,1625479,731784,24/01/2008 00:00,10/08/2013 00:00,"203.6.148.11","203.6.148.0","ID","id",45,32,2,21/11/2011 00:00,22/11/2011 00:00
121,"freearticleadvertising.com",3997,42473,1,2,215549,53674,42567,27/08/2012 00:00,10/08/2013 00:00,"168.144.82.144","168.144.82.0","CA","com",46,13,2,10/07/2013 00:00,10/07/2013 00:00
122,"iium.edu.my",7653,81537,1,2,555523,29725248,1222539,26/01/2008 00:00,10/08/2013 00:00,"210.48.222.10","210.48.222.0","MY","my",40,48,2,21/01/2012 00:00,12/05/2012 00:00
123,"ylc.edu.tw",86996,82826,1,2,6807667,3523387,1023240,24/01/2008 00:00,09/08/2013 00:00,"163.27.230.31","163.27.230.0","TW","tw",48,24,2,05/01/2012 00:00,01/02/2012 00:00
124,"publicsocialbookmarking.com",3007,113691,1,2,111184,191447,82009,15/03/2013 00:00,01/08/2013 00:00,"207.210.91.148","207.210.91.0","US","com",31,7,2,08/06/2013 00:00,08/06/2013 00:00
125,"add-listing.com",351,135005,1,2,1508,178015,61655,24/12/2011 00:00,01/08/2013 00:00,"173.192.120.220","173.192.120.0","US","com",17,3,2,22/06/2013 00:00,22/06/2013 00:00
126,"walah-m.com",5396,161193,1,2,381415,2100181,498600,29/01/2010 00:00,10/08/2013 00:00,"63.143.54.234","63.143.54.0","US","com",29,7,2,15/06/2012 00:00,15/06/2012 00:00
127,"relax-ptc.info",3577,271783,1,2,51696,80341,32880,10/03/2011 00:00,10/08/2013 00:00,"216.59.33.202","216.59.33.0","US","info",38,11,2,15/07/2013 00:00,15/07/2013 00:00
128,"thestatedtruth.com",11307,837392,1,2,225358,75558,53300,02/01/2010 00:00,10/08/2013 00:00,"184.168.58.1","184.168.58.0","US","com",45,5,2,20/07/2012 00:00,20/07/2012 00:00
129,"efx3.com",2801,885774,1,2,36541,82743,52367,06/07/2009 00:00,10/08/2013 00:00,"199.192.203.200","199.192.203.0","US","com",29,14,2,26/03/2012 00:00,22/08/2012 00:00
130,"booksmarks1002.org",194,-1,1,2,2988,23175,5720,20/07/2013 00:00,10/08/2013 00:00,"","","","org",21,4,2,26/07/2013 00:00,26/07/2013 00:00
131,"diggtory.com",2383,-1,1,2,88321,288744,52853,13/10/2010 00:00,20/01/2013 00:00,"216.8.179.25","216.8.179.0","CA","com",11,3,2,29/11/2011 00:00,29/11/2011 00:00
132,"voordijk.eu",1026,-1,1,2,7757,63588,25419,02/09/2008 00:00,10/08/2013 00:00,"85.17.32.198","85.17.32.0","NL","eu",21,2,2,08/06/2012 00:00,08/06/2012 00:00
133,"erage.eu",11311,-1,1,2,69112,49494,13904,25/01/2008 00:00,10/08/2013 00:00,"94.125.105.119","94.125.105.0","FR","eu",29,17,2,24/12/2011 00:00,24/12/2011 00:00
134,"medicalmarijuanaiowa.org",67,-1,1,2,457,4049,3485,19/06/2012 00:00,10/08/2013 00:00,"50.63.120.1","50.63.120.0","US","org",16,0,2,10/07/2013 00:00,13/07/2013 00:00
135,"c2l.eu",31178,-1,1,2,1571076,1086222,283975,23/07/2009 00:00,10/08/2013 00:00,"188.121.55.128","188.121.55.0","NL","eu",57,15,2,22/05/2012 00:00,26/07/2012 00:00
136,"bluestarsadmissionsconsulting.com",140,-1,1,2,4156,987,845,12/11/2010 00:00,08/08/2013 00:00,"129.121.177.79","129.121.177.0","US","com",12,9,2,05/12/2011 00:00,29/02/2012 00:00
137,"perkymomsvids.com",2719,-1,1,2,38362,7750,4283,30/01/2008 00:00,10/08/2013 00:00,"74.117.179.23","74.117.179.0","US","com",23,6,2,13/06/2012 00:00,05/07/2012 00:00
138,"panamacitycommercialproperties.com",578,-1,1,2,3264,7139,5827,11/02/2010 00:00,28/07/2013 00:00,"174.132.156.188","174.132.156.0","US","com",11,14,2,18/03/2013 00:00,18/03/2013 00:00
139,"robbyramdin.com",450,-1,1,2,10297,9093,6441,17/08/2008 00:00,10/08/2013 00:00,"184.154.165.114","184.154.165.0","US","com",31,11,2,05/12/2011 00:00,05/12/2011 00:00
140,"weightlossdallasweightloss.com",663,-1,1,2,13653,17566,13070,13/10/2009 00:00,27/05/2013 00:00,"149.47.132.220","149.47.132.0","US","com",13,3,2,04/07/2012 00:00,27/07/2012 00:00
141,"srodaslaska24.pl",795,-1,1,2,77168,94150,31936,21/11/2010 00:00,09/08/2013 00:00,"95.211.15.83","95.211.15.0","NL","pl",19,10,2,03/06/2012 00:00,03/06/2012 00:00
142,"phone-cell.co.cc",65,-1,1,2,761,5182,3186,08/04/2009 00:00,16/12/2011 00:00,"209.190.24.3","209.190.24.0","US","cc",5,0,2,23/11/2011 00:00,23/11/2011 00:00
143,"site-hamam-ksa.com",43,-1,1,2,128,30724,17631,22/06/2012 00:00,10/08/2013 00:00,"95.211.17.198","95.211.17.0","NL","com",10,0,2,21/04/2013 00:00,10/07/2013 00:00
144,"medicalmarijuananewhampshire.org",102,-1,1,2,500,4821,4055,01/03/2013 00:00,10/08/2013 00:00,"50.63.120.1","50.63.120.0","US","org",20,0,2,02/03/2013 00:00,16/07/2013 00:00
145,"smallbusinessgrantwriting.com",22,-1,1,2,37,128,75,03/11/2010 00:00,10/08/2013 00:00,"68.178.254.228","68.178.254.0","US","com",8,0,2,19/11/2011 00:00,19/11/2011 00:00
146,"medicalmarijuananorthcarolina.org",75,-1,1,2,275,3915,3635,17/07/2012 00:00,10/08/2013 00:00,"50.63.120.1","50.63.120.0","US","org",16,0,2,07/07/2013 00:00,06/08/2013 00:00
147,"medicalmarijuanaoklahoma.org",45,-1,1,2,24438,3706,3413,29/05/2013 00:00,10/08/2013 00:00,"50.63.120.1","50.63.120.0","US","org",13,0,2,09/07/2013 00:00,03/08/2013 00:00
148,"trompyx.com",3633,-1,1,2,726406,255567,92028,04/02/2008 00:00,10/08/2013 00:00,"66.55.148.51","66.55.148.0","US","com",28,6,2,19/06/2013 00:00,19/06/2013 00:00
149,"afi-soft.com",5896,-1,1,2,201657,107433,23403,15/10/2008 00:00,10/08/2013 00:00,"66.111.53.62","66.111.53.0","US","com",35,7,2,20/08/2012 00:00,25/10/2012 00:00
150,"top1directory.com",202,-1,1,2,57089,17873,13089,04/02/2010 00:00,10/08/2013 00:00,"76.162.105.2","76.162.105.0","US","com",25,15,2,09/07/2013 00:00,09/07/2013 00:00
151,"child-locator-gps.com",80,-1,1,2,358,164264,25783,29/03/2011 00:00,25/12/2012 00:00,"67.215.77.132","67.215.77.0","US","com",7,1,2,06/12/2011 00:00,06/12/2011 00:00
152,"messiahbaptist-ct.org",1111,-1,1,2,6028,1448,946,16/07/2008 00:00,10/08/2013 00:00,"68.178.232.95","68.178.232.0","US","org",24,3,2,26/07/2012 00:00,26/07/2012 00:00
153,"cfd-forum.de",1947,-1,1,2,22713,184446,56589,20/10/2010 00:00,19/11/2012 00:00,"83.169.34.37","83.169.34.0","DE","de",14,3,2,26/04/2012 00:00,02/05/2012 00:00
154,"xn----zmcadgb9a5d4fdcm5b.com",2025,-1,1,2,3263279,67798,33019,21/01/2011 00:00,10/08/2013 00:00,"46.4.54.202","46.4.54.0","DE","com",30,12,2,13/06/2012 00:00,13/06/2012 00:00
155,"thegeekparade.com",43,-1,1,2,67,1038,576,23/11/2011 00:00,29/06/2013 00:00,"173.201.216.6","173.201.216.0","US","com",7,0,2,18/11/2011 00:00,18/11/2011 00:00
156,"ourloveones.org",7,-1,1,2,114,246,187,24/01/2011 00:00,24/01/2011 00:00,"64.74.223.31","64.74.223.0","US","org",0,0,2,04/12/2011 00:00,04/12/2011 00:00
157,"lodjiya.ru",7727,-1,1,2,50550,199029,106635,30/04/2008 00:00,10/08/2013 00:00,"212.114.10.129","212.114.10.0","RU","ru",39,27,2,02/01/2012 00:00,02/01/2012 00:00
158,"fanplex.de",29653,-1,1,2,890774,371075,226217,05/02/2008 00:00,09/08/2013 00:00,"85.13.137.146","85.13.137.0","DE","de",36,6,2,26/06/2013 00:00,26/06/2013 00:00
159,"jcpanzerfaust.de",10511,-1,1,2,58913,89956,17596,09/12/2009 00:00,10/08/2013 00:00,"94.100.20.12","94.100.20.0","NL","de",30,5,2,07/08/2012 00:00,19/07/2013 00:00
160,"medicalmarijuanamississippi.org",63,-1,1,2,518,4119,3715,04/03/2013 00:00,10/08/2013 00:00,"50.63.120.1","50.63.120.0","US","org",15,0,2,17/04/2013 00:00,07/08/2013 00:00
161,"monrose1.de",1795,-1,1,2,577326,445541,200760,16/01/2008 00:00,29/07/2013 00:00,"174.120.189.7","174.120.189.0","US","de",19,12,2,25/03/2013 00:00,25/03/2013 00:00
162,"schnipselchen.de",13577,-1,1,2,162076,234559,130581,09/01/2008 00:00,27/04/2012 00:00,"87.238.192.117","87.238.192.0","DE","de",11,13,2,19/04/2012 00:00,19/04/2012 00:00
163,"clickbankmarketplacefeed.com",468,-1,1,2,3253,3934,3560,01/11/2011 00:00,10/08/2013 00:00,"74.208.129.60","74.208.129.0","US","com",15,0,2,07/12/2011 00:00,28/12/2012 00:00
164,"theclearingchannel.com",17,-1,1,2,28,278,125,13/11/2010 00:00,27/07/2013 00:00,"174.120.21.250","174.120.21.0","US","com",8,3,2,27/11/2011 00:00,18/12/2011 00:00
165,"addviews.com",7507,-1,1,2,283544,103955,19233,08/09/2010 00:00,10/08/2013 00:00,"173.201.63.1","173.201.63.0","US","com",40,3,2,25/11/2011 00:00,25/11/2011 00:00
166,"fizzit.ca",2864,-1,1,2,57340,555102,99891,18/07/2010 00:00,07/08/2013 00:00,"199.101.28.20","199.101.28.0","US","ca",18,4,2,27/11/2011 00:00,27/11/2011 00:00
167,"malapolska.in",153,-1,1,2,987,46149,30801,10/12/2008 00:00,07/04/2013 00:00,"198.58.93.40","198.58.93.0","US","in",6,2,2,08/06/2012 00:00,08/06/2012 00:00
168,"prinsessbrollop.se",250,-1,1,2,2015,74095,32806,10/04/2008 00:00,10/08/2013 00:00,"46.30.211.50","46.30.211.0","DK","se",16,0,2,27/05/2013 00:00,27/05/2013 00:00
169,"rfidnordic.se",4482,-1,1,2,29705,44794,7260,28/01/2010 00:00,10/08/2013 00:00,"217.198.155.45","217.198.155.0","SE","se",18,10,2,29/02/2012 00:00,29/02/2012 00:00
170,"lovecafe.ru",1347,-1,1,2,758620,77259,39724,22/01/2008 00:00,10/08/2013 00:00,"194.186.45.244","194.186.45.0","RU","ru",29,11,2,30/07/2012 00:00,24/07/2013 00:00
171,"maria-tintin.com",150,-1,1,2,7883,68817,31324,03/08/2008 00:00,10/08/2013 00:00,"46.30.211.50","46.30.211.0","DK","com",14,3,2,02/06/2013 00:00,18/07/2013 00:00
172,"ezinearticlesplanet.com",1131,-1,1,2,7618,82131,54690,14/11/2008 00:00,31/07/2013 00:00,"174.120.139.35","174.120.139.0","US","com",15,3,2,11/07/2012 00:00,11/07/2012 00:00
173,"lz2n.com",1319,-1,1,2,8062,27687,10538,01/10/2009 00:00,10/08/2013 00:00,"205.134.240.252","205.134.240.0","US","com",18,1,2,14/08/2012 00:00,25/10/2012 00:00
174,"sibg.info",449,-1,1,2,75533,82265,34066,12/10/2011 00:00,10/08/2013 00:00,"31.22.4.55","31.22.4.0","UK","info",18,4,2,06/07/2013 00:00,06/07/2013 00:00
175,"kavirjo.com",1078,-1,1,2,14037,140529,63778,13/11/2010 00:00,29/07/2013 00:00,"69.43.161.167","69.43.161.0","US","com",19,3,2,10/04/2012 00:00,10/04/2012 00:00
176,"egitmagazine.com",259,-1,1,2,1136,1747,1175,04/10/2010 00:00,05/06/2013 00:00,"74.220.199.6","74.220.199.0","US","com",12,1,2,04/12/2011 00:00,04/12/2011 00:00
177,"justkateplus8.com",1262,-1,1,2,35058,32727,28494,24/04/2010 00:00,02/08/2013 00:00,"97.74.144.192","97.74.144.0","US","com",24,3,2,07/12/2011 00:00,07/12/2011 00:00
178,"sirmy.net",262,-1,1,2,4655,3371,2140,30/09/2008 00:00,01/08/2013 00:00,"85.25.77.86","85.25.77.0","DE","net",11,3,2,04/12/2011 00:00,04/12/2011 00:00
179,"janicechoi.com",75,-1,1,2,1928,1315,595,29/09/2009 00:00,10/08/2013 00:00,"72.18.158.138","72.18.158.0","US","com",11,4,2,19/11/2011 00:00,19/11/2011 00:00
180,"medicalmarijuanatennessee.net",382,-1,1,2,12038,4675,3941,06/02/2013 00:00,10/08/2013 00:00,"50.63.120.1","50.63.120.0","US","net",26,2,2,02/08/2013 00:00,03/08/2013 00:00
181,"acessbm.com",24,-1,1,2,56,52272,19159,07/07/2013 00:00,10/08/2013 00:00,"","","","com",11,0,2,03/08/2013 00:00,03/08/2013 00:00
182,"imexpar.com",5595,-1,1,2,32468,83320,35524,24/01/2010 00:00,10/08/2013 00:00,"72.29.86.229","72.29.86.0","US","com",23,2,2,26/02/2013 00:00,26/02/2013 00:00
183,"host1host.com",1118,-1,1,2,245473,4956,4323,24/05/2010 00:00,10/08/2013 00:00,"173.254.28.143","173.254.28.0","US","com",25,6,2,05/12/2011 00:00,02/05/2012 00:00
184,"alarabia-traveltours.com",752,-1,1,2,10577,273961,79865,17/09/2010 00:00,10/08/2013 00:00,"210.5.47.102","210.5.47.0","MY","com",18,2,2,14/06/2012 00:00,14/06/2012 00:00
185,"diendantocdep.vn",1020,-1,1,2,4748,92898,62473,25/06/2012 00:00,10/08/2013 00:00,"112.78.2.181","112.78.2.0","VN","vn",28,3,2,12/05/2013 00:00,19/07/2013 00:00
186,"forumgratis.biz",40472,-1,1,2,1100308,439963,190978,16/01/2008 00:00,09/08/2013 00:00,"62.75.235.160","62.75.235.0","DE","biz",28,9,2,21/12/2011 00:00,21/12/2011 00:00
187,"myblogvoice.com",32237,-1,1,2,2268632,698153,367088,09/01/2008 00:00,29/04/2013 00:00,"64.74.223.49","64.74.223.0","US","com",27,13,2,27/11/2011 00:00,08/01/2012 00:00
188,"wolfsecurityguard.com",14840,-1,1,2,162477,62922,25882,10/10/2008 00:00,10/08/2013 00:00,"69.50.215.238","69.50.215.0","US","com",32,9,2,26/07/2012 00:00,22/12/2012 00:00
189,"aitpnetwork.org",96,-1,1,2,1251,63737,48240,02/01/2010 00:00,10/08/2013 00:00,"50.63.202.67","50.63.202.0","US","org",17,8,2,08/06/2013 00:00,08/06/2013 00:00
190,"biglustyboobs.com",366,-1,1,2,3187,79125,53408,02/08/2008 00:00,10/08/2013 00:00,"173.245.60.78","173.245.60.0","US","com",10,2,2,18/12/2011 00:00,14/06/2012 00:00
191,"om4w.com",607,-1,1,2,4888,21041,13178,26/04/2011 00:00,10/08/2013 00:00,"208.87.35.103","208.87.35.0","BS","com",21,5,2,26/06/2012 00:00,22/12/2012 00:00
192,"web3.nl",6313,-1,1,2,406926,340796,118007,14/01/2008 00:00,10/08/2013 00:00,"46.51.195.120","46.51.195.0","IE","nl",38,18,2,24/05/2012 00:00,17/07/2013 00:00
193,"vzhik.net",3707,-1,1,2,231613,188080,95347,27/11/2008 00:00,18/07/2013 00:00,"217.107.34.81","217.107.34.0","RU","net",18,6,2,05/09/2012 00:00,05/09/2012 00:00
194,"hetaquariumcollectief.nl",584,-1,1,2,34306,37808,15686,19/02/2008 00:00,27/08/2012 00:00,"5.9.210.33","5.9.210.0","DE","nl",8,11,2,02/05/2012 00:00,02/05/2012 00:00
195,"myorganicbabyblog.com",84,-1,1,2,1377,1846,1458,08/12/2011 00:00,10/08/2013 00:00,"173.201.141.1","173.201.141.0","US","com",10,5,2,18/11/2011 00:00,18/11/2011 00:00
196,"ep2.nl",3230,-1,1,2,83514,652096,181898,28/01/2008 00:00,10/08/2013 00:00,"91.196.168.84","91.196.168.0","NL","nl",29,17,2,19/05/2012 00:00,19/05/2012 00:00
197,"ebi-hotel.com",573,-1,1,2,8645,54436,18828,06/10/2010 00:00,09/08/2013 00:00,"89.25.159.107","89.25.159.0","PL","com",23,8,2,19/06/2013 00:00,19/06/2013 00:00
198,"blogspot.com",10026461,11,1,1,30390382927,4792000861,276091166,09/01/2008 00:00,10/08/2013 00:00,"173.194.73.191","173.194.73.0","US","com",95,90,1,10/05/2013 00:00,10/05/2013 00:00
199,"yale.edu",491775,5530,1,1,69766001,13619651,1816103,09/01/2008 00:00,10/08/2013 00:00,"130.132.35.53","130.132.35.0","US","edu",74,83,1,07/02/2012 00:00,15/06/2012 00:00
200,"littlewebdirectory.com",20817,14589,1,1,4525810,2185125,360823,11/01/2008 00:00,10/08/2013 00:00,"208.109.138.201","208.109.138.0","US","com",37,31,1,16/06/2013 00:00,16/06/2013 00:00
201,"zipzapcity.com",2508,15566,1,1,88278,83111,33325,14/02/2013 00:00,31/07/2013 00:00,"184.172.176.48","184.172.176.0","US","com",26,19,1,20/03/2013 00:00,20/03/2013 00:00
202,"mimideluxe.info",2144,16935,1,1,51261,149303,69145,23/02/2013 00:00,10/08/2013 00:00,"184.170.132.98","184.170.132.0","CA","info",21,7,1,14/03/2013 00:00,14/03/2013 00:00
203,"transworld.net",90605,18995,1,1,14469162,30477484,1355588,14/04/2008 00:00,10/08/2013 00:00,"209.208.1.47","209.208.1.0","US","net",67,56,1,29/12/2011 00:00,24/08/2012 00:00
204,"freeprnow.com",13260,19328,1,1,403294,53593,39344,17/09/2010 00:00,10/08/2013 00:00,"208.68.104.125","208.68.104.0","CA","com",53,19,1,28/05/2013 00:00,27/07/2013 00:00
205,"articlesxpert.com",7851,20589,1,1,176421,475558,180137,22/01/2010 00:00,31/07/2013 00:00,"174.120.19.201","174.120.19.0","US","com",30,36,1,15/05/2013 00:00,15/05/2013 00:00
206,"yoogr.com",11798,20668,1,1,928337,1418562,349083,18/04/2010 00:00,10/08/2013 00:00,"72.44.94.252","72.44.94.0","US","com",33,11,1,29/06/2013 00:00,29/06/2013 00:00
207,"twomorelinks.com",5588,21572,1,1,270762,294281,98763,09/03/2013 00:00,10/08/2013 00:00,"103.1.174.1","103.1.174.0","SG","com",33,13,1,04/04/2013 00:00,04/04/2013 00:00
208,"free-submission.net",2447,22337,1,1,212596,330578,179773,08/04/2010 00:00,10/08/2013 00:00,"212.97.132.145","212.97.132.0","DK","net",23,13,1,19/05/2013 00:00,19/05/2013 00:00
209,"seonetworkup.com",2955,22670,1,1,63154,432995,167172,16/02/2013 00:00,10/08/2013 00:00,"72.44.93.144","72.44.93.0","US","com",27,7,1,07/04/2013 00:00,07/04/2013 00:00
210,"regeit.com",650,24493,1,1,22429,228478,79930,04/12/2012 00:00,10/08/2013 00:00,"199.79.62.121","199.79.62.0","US","com",15,2,1,18/04/2013 00:00,18/04/2013 00:00
211,"gakuna.com",394,25811,1,1,2434,75127,60235,20/06/2012 00:00,31/07/2013 00:00,"50.116.85.57","50.116.85.0","US","com",11,7,1,17/03/2013 00:00,17/03/2013 00:00
212,"occplan.com",9062,26374,1,1,233059,449540,154197,02/06/2012 00:00,10/08/2013 00:00,"173.201.0.128","173.201.0.0","US","com",32,16,1,04/03/2013 00:00,14/05/2013 00:00
213,"seodirectoryonline.org",2028,27704,1,1,54562,2526,2373,10/11/2010 00:00,10/08/2013 00:00,"208.115.226.35","208.115.226.0","US","org",30,23,1,25/03/2013 00:00,06/08/2013 00:00
214,"newsciti.com",762,27777,1,1,495749,146060,100622,27/10/2010 00:00,10/08/2013 00:00,"203.124.105.222","203.124.105.0","SG","com",27,10,1,05/07/2013 00:00,05/07/2013 00:00
215,"forbfd.com",852,28663,1,1,159886,462039,141561,20/08/2012 00:00,31/07/2013 00:00,"74.53.109.50","74.53.109.0","US","com",22,12,1,23/06/2013 00:00,23/06/2013 00:00
216,"bookmarkfall.com",3562,29785,1,1,195181,395671,106169,21/06/2012 00:00,10/08/2013 00:00,"69.195.124.73","69.195.124.0","US","com",30,6,1,06/07/2013 00:00,06/07/2013 00:00
217,"bd24radio.com",355,31451,1,1,110464,118037,58046,04/12/2012 00:00,10/08/2013 00:00,"173.254.28.43","173.254.28.0","US","com",16,9,1,09/05/2013 00:00,09/05/2013 00:00
218,"sharedpin.com",1293,33171,1,1,20385,278928,110898,20/02/2013 00:00,01/06/2013 00:00,"74.54.191.211","74.54.191.0","US","com",15,3,1,11/05/2013 00:00,11/05/2013 00:00
219,"articru.com",4511,34050,1,1,58455,204438,127464,25/07/2012 00:00,10/08/2013 00:00,"184.168.234.1","184.168.234.0","US","com",34,6,1,20/06/2013 00:00,20/06/2013 00:00
220,"prv.pl",295513,35482,1,1,169040899,16372945,2045311,09/01/2008 00:00,10/08/2013 00:00,"194.9.24.151","194.9.24.0","PL","pl",70,42,1,05/04/2013 00:00,21/05/2013 00:00
221,"yokimono.com",329,36216,1,1,36552,1989,1527,18/02/2008 00:00,10/08/2013 00:00,"108.162.198.188","108.162.198.0","US","com",20,24,1,08/07/2013 00:00,14/07/2013 00:00
222,"bookmarkedition.com",5773,39794,1,1,183796,234373,55451,21/06/2012 00:00,02/08/2013 00:00,"37.59.34.164","37.59.34.0","FR","com",31,8,1,14/07/2013 00:00,14/07/2013 00:00
223,"techprspider.com",10077,43122,1,1,352929,180436,158520,17/09/2008 00:00,10/08/2013 00:00,"174.36.173.249","174.36.173.0","US","com",42,18,1,20/07/2013 00:00,20/07/2013 00:00
224,"bookmarkcrazy.info",1723,52351,1,1,43191,154961,68789,13/02/2013 00:00,10/08/2013 00:00,"198.57.169.20","198.57.169.0","US","info",24,5,1,08/06/2013 00:00,08/06/2013 00:00
225,"shakhtar.com",20235,73829,1,1,1035232,944482,163043,16/01/2008 00:00,10/08/2013 00:00,"62.149.13.1","62.149.13.0","UA","com",51,53,1,17/08/2012 00:00,17/08/2012 00:00
226,"uaf.edu",97151,77001,1,1,14898864,3406022,703048,12/01/2008 00:00,10/08/2013 00:00,"137.229.9.250","137.229.9.0","US","edu",56,62,1,04/01/2012 00:00,22/03/2012 00:00
227,"nwasn.com",13972,80472,1,1,262651,173689,85723,27/07/2012 00:00,16/07/2013 00:00,"50.116.84.80","50.116.84.0","US","com",21,7,1,03/06/2013 00:00,03/06/2013 00:00
228,"click4article.com",12904,81032,1,1,344571,81737,57679,06/11/2012 00:00,10/08/2013 00:00,"118.139.172.1","118.139.172.0","SG","com",40,21,1,09/06/2013 00:00,09/06/2013 00:00
229,"onewaylink.org",1373,85541,1,1,14899,196202,74911,12/10/2011 00:00,31/07/2013 00:00,"74.54.143.2","74.54.143.0","US","org",25,3,1,25/07/2013 00:00,25/07/2013 00:00
230,"uis.edu",60226,91802,1,1,11409392,387419,198006,14/01/2008 00:00,10/08/2013 00:00,"192.102.230.95","192.102.230.0","US","edu",52,58,1,30/12/2011 00:00,21/02/2013 00:00
231,"sciencenewsarticles.org",27933,92746,1,1,1321362,308481,143656,06/07/2010 00:00,10/08/2013 00:00,"50.63.202.83","50.63.202.0","US","org",40,14,1,01/12/2011 00:00,18/01/2012 00:00
232,"currenteventsarticles.org",28707,98191,1,1,1268596,407868,190741,21/08/2010 00:00,10/08/2013 00:00,"184.168.239.1","184.168.239.0","US","org",35,11,1,11/12/2011 00:00,11/12/2011 00:00
233,"omgimow.com",8046,111119,1,1,269120,304749,105372,21/01/2013 00:00,10/08/2013 00:00,"103.1.175.1","103.1.175.0","SG","com",36,16,1,11/05/2013 00:00,11/05/2013 00:00
234,"a1000k.com",3046,124560,1,1,675321,25637,13955,12/12/2009 00:00,10/08/2013 00:00,"108.163.179.36","108.163.179.0","CA","com",44,18,1,08/07/2013 00:00,08/07/2013 00:00
235,"clipbookmark.com",1284,125376,1,1,457055,267749,94427,25/03/2011 00:00,10/08/2013 00:00,"176.9.62.9","176.9.62.0","DE","com",25,7,1,20/02/2013 00:00,20/02/2013 00:00
236,"write2article.info",12616,149326,1,1,266394,88681,49553,29/09/2012 00:00,09/08/2013 00:00,"173.214.189.175","173.214.189.0","US","info",47,16,1,12/07/2013 00:00,12/07/2013 00:00
237,"topbizzlinks.com",1615,158364,1,1,17059,188577,70843,04/07/2012 00:00,10/08/2013 00:00,"108.160.150.123","108.160.150.0","US","com",29,15,1,08/06/2013 00:00,08/06/2013 00:00
238,"usually.eu",5549,199948,1,1,142243,131259,54440,18/06/2012 00:00,31/07/2013 00:00,"50.116.74.189","50.116.74.0","US","eu",33,8,1,13/04/2013 00:00,13/04/2013 00:00
239,"onthesamehost.com",11506,236348,1,1,1503125,10913271,1074118,18/06/2009 00:00,10/08/2013 00:00,"54.243.185.251","54.243.185.0","US","com",42,23,1,02/04/2012 00:00,02/04/2012 00:00
240,"uni-vechta.de",19538,247286,1,1,1150180,313322,181124,18/01/2008 00:00,10/08/2013 00:00,"131.173.82.3","131.173.82.0","DE","de",44,56,1,19/06/2012 00:00,19/06/2012 00:00
241,"moresiteslike.net",772,264803,1,1,34746,2638641,177623,16/03/2013 00:00,08/07/2013 00:00,"213.174.158.140","213.174.158.0","US","net",20,15,1,27/06/2013 00:00,27/06/2013 00:00
242,"careofbeauty.com",1862,409984,1,1,15167,93926,38308,09/04/2013 00:00,10/08/2013 00:00,"184.171.254.44","184.171.254.0","US","com",33,9,1,06/07/2013 00:00,06/07/2013 00:00
243,"ihcs.ac.ir",10985,420096,1,1,504255,99054,51404,07/04/2008 00:00,10/08/2013 00:00,"92.242.202.124","92.242.202.0","IR","ir",46,29,1,31/05/2012 00:00,25/05/2013 00:00
244,"iatp.by",56057,444966,1,1,9843467,342993,197389,24/01/2008 00:00,10/08/2013 00:00,"212.98.171.155","212.98.171.0","BY","by",42,36,1,13/12/2011 00:00,13/12/2011 00:00
245,"freeprrelease.net",1630,488005,1,1,37801,175902,29684,24/10/2010 00:00,01/07/2013 00:00,"199.59.243.109","199.59.243.0","US","net",19,2,1,25/11/2011 00:00,25/11/2011 00:00
246,"ishschool.com",143,525287,1,1,620,41261,27779,29/03/2011 00:00,10/08/2013 00:00,"66.96.147.106","66.96.147.0","US","com",14,0,1,24/07/2013 00:00,24/07/2013 00:00
247,"eiksys.net",4762,539131,1,1,67167,1271251,173706,06/12/2008 00:00,10/08/2013 00:00,"96.9.177.69","96.9.177.0","US","net",22,12,1,25/11/2011 00:00,25/11/2011 00:00
248,"onliveinfotech.com",33467,568680,1,1,874271,59537,43468,28/03/2010 00:00,10/08/2013 00:00,"205.204.76.161","205.204.76.0","CA","com",36,7,1,01/09/2012 00:00,05/11/2012 00:00
249,"webdesignforum.com.au",2567,580352,1,1,27170,252530,96854,27/09/2010 00:00,10/08/2013 00:00,"216.12.197.227","216.12.197.0","SG","au",16,8,1,14/06/2012 00:00,14/06/2012 00:00
250,"thebartertown.net",3723,630519,1,1,28386,38211,9790,20/11/2010 00:00,10/08/2013 00:00,"184.173.8.217","184.173.8.0","US","net",22,9,1,11/10/2011 00:00,11/10/2011 00:00
251,"psihotesti.ru",2890,643276,1,1,49566,55694,30750,21/10/2008 00:00,10/08/2013 00:00,"90.156.201.74","90.156.201.0","RU","ru",31,20,1,25/12/2011 00:00,25/12/2011 00:00
252,"ludoko.com",545,719507,1,1,4864,8513,5640,20/03/2008 00:00,10/08/2013 00:00,"64.22.68.6","64.22.68.0","US","com",24,8,1,07/04/2013 00:00,07/04/2013 00:00
253,"araana.com",890,741320,1,1,27938,422360,119552,09/10/2008 00:00,10/08/2013 00:00,"198.154.96.114","198.154.96.0","US","com",18,5,1,15/03/2013 00:00,15/03/2013 00:00
254,"tihson.com",11384,954540,1,1,294585,821111,199733,19/01/2008 00:00,29/07/2013 00:00,"208.73.211.152","208.73.211.0","US","com",29,10,1,29/11/2011 00:00,29/11/2011 00:00
255,"iamcreative.co",56,-1,1,1,557,15117,5338,22/03/2011 00:00,10/08/2013 00:00,"97.74.42.79","97.74.42.0","US","co",5,8,1,13/02/2012 00:00,13/02/2012 00:00
256,"nominato.com.br",4743,-1,1,1,36199,124263,39538,12/08/2009 00:00,18/04/2013 00:00,"200.194.176.32","200.194.176.0","BR","br",12,3,1,26/07/2012 00:00,26/07/2012 00:00
257,"e-rev.tv",20294,-1,1,1,1807568,207384,88209,28/01/2008 00:00,10/08/2013 00:00,"69.65.11.116","69.65.11.0","US","tv",71,21,1,24/05/2013 00:00,24/05/2013 00:00
258,"pib.com.br",2586,-1,1,1,36093,156444,63087,31/01/2008 00:00,10/08/2013 00:00,"200.194.176.25","200.194.176.0","BR","br",18,12,1,13/06/2012 00:00,13/06/2012 00:00
259,"therunaway.net",175,-1,1,1,4465,460,338,22/11/2010 00:00,26/06/2013 00:00,"193.202.110.180","193.202.110.0","NL","net",8,4,1,05/05/2012 00:00,05/05/2012 00:00
260,"kash.tv",1134,-1,1,1,8395,228108,63811,27/09/2010 00:00,05/08/2013 00:00,"64.74.223.39","64.74.223.0","US","tv",11,3,1,29/04/2012 00:00,29/04/2012 00:00
261,"vengopronto.tv",193,-1,1,1,1214,19672,5220,31/03/2012 00:00,08/08/2013 00:00,"97.74.215.186","97.74.215.0","US","tv",11,2,1,24/05/2012 00:00,24/05/2012 00:00
262,"blogotype.se",380,-1,1,1,3318,10715,7379,14/08/2009 00:00,10/08/2013 00:00,"87.237.210.34","87.237.210.0","SE","se",27,2,1,06/12/2011 00:00,06/12/2011 00:00
263,"webmasterarticles.net",7233,-1,1,1,87002,425854,111025,22/02/2008 00:00,04/07/2013 00:00,"50.17.195.149","50.17.195.0","US","net",22,20,1,14/12/2011 00:00,14/12/2011 00:00
264,"ebtc.com.tw",4376,-1,1,1,53493,81498,31638,10/04/2008 00:00,10/08/2013 00:00,"220.130.180.139","220.130.180.0","TW","tw",23,13,1,30/03/2012 00:00,30/03/2012 00:00
265,"powerone.com.tw",8779,-1,1,1,121756,29939,23050,03/04/2010 00:00,10/08/2013 00:00,"118.163.181.163","118.163.181.0","TW","tw",30,7,1,06/12/2011 00:00,06/12/2011 00:00
266,"mahmudesadcosan.biz",2414,-1,1,1,26964,328899,47906,04/12/2011 00:00,10/08/2013 00:00,"176.53.43.199","176.53.43.0","TR","biz",27,10,1,30/03/2012 00:00,30/03/2012 00:00
267,"dreamshare.cn",3598,-1,1,1,19863,46674,18906,27/04/2009 00:00,25/02/2013 00:00,"219.232.227.49","219.232.227.0","CN","cn",11,2,1,12/06/2012 00:00,12/06/2012 00:00
268,"shmok.net",199,-1,1,1,22196,113172,20210,14/04/2008 00:00,09/08/2013 00:00,"37.59.133.208","37.59.133.0","FR","net",13,0,1,17/12/2011 00:00,17/12/2011 00:00
269,"speakasp.net",419,-1,1,1,2057,1526,604,04/11/2009 00:00,07/08/2013 00:00,"66.63.181.104","66.63.181.0","US","net",18,1,1,03/12/2011 00:00,03/12/2011 00:00
270,"caycanhngaynay.vn",116,-1,1,1,1722271,369377,99847,31/01/2012 00:00,10/08/2013 00:00,"27.0.15.145","27.0.15.0","VN","vn",20,1,1,19/06/2012 00:00,19/06/2012 00:00
271,"medicalmarijuanaidaho.net",139,-1,1,1,1316,4784,4284,26/02/2013 00:00,10/08/2013 00:00,"50.63.120.1","50.63.120.0","US","net",24,2,1,24/05/2013 00:00,25/07/2013 00:00
272,"taze.us",301,-1,1,1,2726,3267,1368,18/08/2010 00:00,10/08/2013 00:00,"173.236.128.85","173.236.128.0","US","us",19,2,1,25/07/2012 00:00,25/07/2012 00:00
273,"medicalmarijuanamassachusetts.net",111,-1,1,1,315,4112,3696,28/02/2013 00:00,10/08/2013 00:00,"50.63.120.1","50.63.120.0","US","net",19,0,1,12/03/2013 00:00,08/08/2013 00:00
274,"medicalmarijuanamississippi.net",114,-1,1,1,1240,6069,5018,27/02/2013 00:00,10/08/2013 00:00,"50.63.120.1","50.63.120.0","US","net",20,0,1,28/04/2013 00:00,23/07/2013 00:00
275,"evolveit.com.au",535,-1,1,1,4962,2696,2103,05/03/2008 00:00,10/08/2013 00:00,"46.137.96.191","46.137.96.0","IE","au",11,18,1,23/11/2011 00:00,24/11/2011 00:00
276,"sms-swimmingpoolforum.co.uk",2318,-1,1,1,16670,59404,16096,21/07/2009 00:00,10/08/2013 00:00,"79.170.40.225","79.170.40.0","UK","uk",13,4,1,25/12/2011 00:00,25/12/2011 00:00
277,"scorch.co.uk",76,-1,1,1,368,311,170,13/03/2009 00:00,15/07/2013 00:00,"65.182.101.9","65.182.101.0","US","uk",7,0,1,27/12/2011 00:00,24/05/2012 00:00
278,"rewireinlondon.co.uk",0,-1,1,1,0,42,42,20/07/2013 00:00,08/08/2013 00:00,"82.165.112.37","82.165.112.0","DE","uk",0,0,1,20/07/2013 00:00,08/08/2013 00:00
279,"7techs.com",161,-1,1,1,716,1048,681,06/10/2010 00:00,10/08/2013 00:00,"89.248.164.21","89.248.164.0","NL","com",15,5,1,26/06/2012 00:00,26/06/2012 00:00
280,"nutrifreak.net",12037,-1,1,1,141417,332289,126158,13/06/2012 00:00,10/08/2013 00:00,"74.220.207.107","74.220.207.0","US","net",39,6,1,19/06/2013 00:00,19/06/2013 00:00
281,"ogretiyorum.net",1570,-1,1,1,125353,1642999,537374,25/02/2008 00:00,10/08/2013 00:00,"176.53.44.148","176.53.44.0","TR","net",20,18,1,24/03/2012 00:00,24/03/2012 00:00
282,"50ism.com",6013,-1,1,1,644324,17428940,1809628,31/01/2008 00:00,10/08/2013 00:00,"49.212.34.79","49.212.34.0","JP","com",42,19,1,17/11/2011 00:00,17/11/2011 00:00
283,"pokeproject.net",5763,-1,1,1,89318,52879,13584,29/06/2008 00:00,10/08/2013 00:00,"67.23.166.120","67.23.166.0","US","net",19,5,1,15/03/2012 00:00,15/03/2012 00:00
284,"1000question.com",798,-1,1,1,7163,54387,26302,31/05/2013 00:00,10/08/2013 00:00,"64.202.189.170","64.202.189.0","US","com",26,7,1,12/06/2013 00:00,12/06/2013 00:00
285,"ntu.org.ua",2124,-1,1,1,15123,47281,8543,21/03/2010 00:00,13/09/2012 00:00,"194.28.172.183","194.28.172.0","UA","ua",20,9,1,13/08/2012 00:00,13/08/2012 00:00
286,"stroygrand-s.ru",13428,-1,1,1,149381,259563,100373,05/04/2008 00:00,10/08/2013 00:00,"178.33.152.215","178.33.152.0","FR","ru",37,8,1,02/01/2012 00:00,02/01/2012 00:00
287,"imomo.tw",6142,-1,1,1,83524,123155,51466,23/06/2009 00:00,10/08/2013 00:00,"61.62.215.30","61.62.215.0","TW","tw",20,3,1,18/03/2012 00:00,18/03/2012 00:00
288,"chirobevel.be",3293,-1,1,1,16202,188555,55046,28/10/2009 00:00,10/08/2013 00:00,"46.30.211.54","46.30.211.0","DK","be",29,9,1,04/09/2012 00:00,04/09/2012 00:00
289,"tejero.net",237,-1,1,1,79133,101238,27753,30/05/2013 00:00,10/08/2013 00:00,"95.211.83.113","95.211.83.0","NL","net",25,8,1,28/07/2013 00:00,28/07/2013 00:00
290,"medicalmarijuanamaryland.org",121,-1,1,1,799,4393,3758,19/06/2012 00:00,10/08/2013 00:00,"50.63.120.1","50.63.120.0","US","org",19,0,1,14/07/2013 00:00,14/07/2013 00:00
291,"djff.no",272,-1,1,1,942,9955,2076,29/09/2008 00:00,12/04/2012 00:00,"92.42.70.10","92.42.70.0","NO","no",6,1,1,23/12/2011 00:00,23/12/2011 00:00
292,"netadvokat.ru",9766,-1,1,1,150534,138546,81184,28/10/2008 00:00,10/08/2013 00:00,"194.85.91.163","194.85.91.0","RU","ru",32,24,1,04/06/2012 00:00,04/06/2012 00:00
293,"rabblerousersc.org",12949,-1,1,1,153735,94973,31150,08/11/2008 00:00,10/08/2013 00:00,"208.109.78.121","208.109.78.0","US","org",46,5,1,15/07/2013 00:00,15/07/2013 00:00
294,"goncil.org",85,-1,1,1,612,443,271,24/04/2011 00:00,10/08/2013 00:00,"184.168.152.52","184.168.152.0","US","org",18,3,1,26/07/2012 00:00,22/12/2012 00:00
295,"q8land.org",3108,-1,1,1,41625,195543,42669,04/08/2009 00:00,17/07/2013 00:00,"72.52.172.150","72.52.172.0","US","org",17,2,1,19/04/2013 00:00,19/04/2013 00:00
296,"herbkit.org",1826,-1,1,1,14861,69899,16434,15/12/2010 00:00,11/02/2013 00:00,"192.154.100.82","192.154.100.0","US","org",12,3,1,19/06/2012 00:00,19/06/2012 00:00
297,"printerkartu.org",42,-1,1,1,324,19313,17571,10/06/2013 00:00,10/08/2013 00:00,"103.23.241.149","103.23.241.0","ID","org",11,3,1,17/07/2013 00:00,17/07/2013 00:00
298,"photoshopsky.org",492,-1,1,1,13184,3621,3136,22/10/2010 00:00,16/03/2012 00:00,"98.131.32.5","98.131.32.0","US","org",10,1,1,05/12/2011 00:00,20/03/2012 00:00
299,"highdefinitionprojector.org",23,-1,1,1,49,3566,3297,03/10/2010 00:00,28/12/2010 00:00,"64.74.223.39","64.74.223.0","US","org",6,0,1,08/12/2011 00:00,01/11/2012 00:00
300,"partytimer.org",975,-1,1,1,10173,59564,21688,24/01/2008 00:00,10/08/2013 00:00,"85.13.137.55","85.13.137.0","DE","org",9,4,1,17/12/2011 00:00,17/12/2011 00:00
301,"holografik.org",622,-1,1,1,7011,62683,30563,26/02/2013 00:00,10/08/2013 00:00,"192.165.172.159","192.165.172.0","SE","org",27,9,1,11/07/2013 00:00,11/07/2013 00:00
302,"tvfirstlight.org",1233,-1,1,1,18357,88648,37172,02/05/2013 00:00,10/08/2013 00:00,"","","","org",27,14,1,18/06/2013 00:00,18/06/2013 00:00
303,"onenationca.org",2061,-1,1,1,17104,7782,3325,18/10/2010 00:00,10/08/2013 00:00,"97.74.158.1","97.74.158.0","US","org",16,19,1,30/11/2011 00:00,01/02/2012 00:00
304,"skycity.cc",503,-1,1,1,258252,258342,135824,01/03/2009 00:00,10/08/2013 00:00,"66.148.112.10","66.148.112.0","US","cc",23,26,1,23/11/2011 00:00,23/11/2011 00:00
305,"jvcdigitalcamcorder.org",22,-1,1,1,48,1105,534,09/09/2010 00:00,04/01/2011 00:00,"64.74.223.38","64.74.223.0","US","org",5,0,1,30/11/2011 00:00,22/12/2011 00:00
306,"karmanos.org",12149,-1,1,1,449584,75499,23918,24/01/2008 00:00,10/08/2013 00:00,"204.16.251.241","204.16.251.0","US","org",38,54,1,07/05/2012 00:00,07/05/2012 00:00
307,"northcoastyp.org",3005,-1,1,1,12102,12861,3604,02/10/2008 00:00,10/08/2013 00:00,"184.168.221.21","184.168.221.0","US","org",14,7,1,20/03/2012 00:00,27/03/2012 00:00
308,"leobaillard.org",47667,-1,1,1,1373080,718294,151732,13/04/2008 00:00,09/08/2013 00:00,"88.169.158.137","88.169.158.0","FR","org",50,22,1,26/11/2011 00:00,26/11/2011 00:00
309,"medicalmarijuanawisconsin.org",355,-1,1,1,3361,8711,4318,22/10/2010 00:00,10/08/2013 00:00,"50.63.120.1","50.63.120.0","US","org",25,0,1,26/03/2013 00:00,09/08/2013 00:00
310,"medicalmarijuanasouthdakota.org",333,-1,1,1,3778,4702,3845,19/06/2012 00:00,10/08/2013 00:00,"50.63.120.1","50.63.120.0","US","org",25,4,1,28/02/2013 00:00,16/07/2013 00:00
311,"queweba.co.cc",35,-1,1,1,676,1688,892,26/08/2010 00:00,11/11/2012 00:00,"202.136.40.61","202.136.40.0","AU","cc",6,1,1,24/11/2011 00:00,26/11/2011 00:00
312,"medicalmarijuanaindiana.org",58,-1,1,1,460,4134,3569,19/06/2012 00:00,10/08/2013 00:00,"50.63.120.1","50.63.120.0","US","org",17,2,1,27/02/2013 00:00,17/07/2013 00:00
313,"idwellness.org",937,-1,1,1,57553,17814,13876,03/01/2009 00:00,10/08/2013 00:00,"184.107.190.110","184.107.190.0","CA","org",23,20,1,16/08/2012 00:00,12/05/2013 00:00
314,"seha1.nl",283,-1,1,1,3505,46279,6125,02/05/2011 00:00,26/07/2012 00:00,"91.121.81.175","91.121.81.0","FR","nl",10,1,1,13/06/2012 00:00,13/06/2012 00:00
315,"faceconnection.org",7076,-1,1,1,33253,34603,10107,02/11/2009 00:00,10/08/2013 00:00,"46.30.211.50","46.30.211.0","DK","org",20,8,1,24/07/2012 00:00,25/11/2012 00:00
316,"ssl2.pl",40650,-1,1,1,1600100,742764,126616,24/03/2011 00:00,10/08/2013 00:00,"62.212.76.147","62.212.76.0","NL","pl",34,15,1,10/07/2012 00:00,10/07/2012 00:00
317,"medicalmarijuanakansas.org",130,-1,1,1,1340,4738,3934,28/02/2013 00:00,10/08/2013 00:00,"50.63.120.1","50.63.120.0","US","org",20,1,1,14/07/2013 00:00,14/07/2013 00:00
318,"gatewaycollege.no",4516,-1,1,1,105018,22489,7833,23/01/2008 00:00,10/08/2013 00:00,"80.232.120.75","80.232.120.0","NO","no",24,30,1,13/06/2012 00:00,13/06/2012 00:00
319,"nikol.net.ru",9336,-1,1,1,103125,200981,59793,04/11/2008 00:00,01/08/2013 00:00,"80.93.49.30","80.93.49.0","RU","ru",27,5,1,23/06/2012 00:00,17/06/2013 00:00
320,"medicall.ru",5849,-1,1,1,96234,386673,129950,18/01/2008 00:00,10/08/2013 00:00,"88.212.206.187","88.212.206.0","RU","ru",35,19,1,24/12/2011 00:00,24/12/2011 00:00
321,"inphase.ru",15312,-1,1,1,80146,192608,38927,16/01/2008 00:00,10/08/2013 00:00,"151.248.116.49","151.248.116.0","RU","ru",27,14,1,08/01/2012 00:00,08/01/2012 00:00
322,"ingush.ru",16965,-1,1,1,104961,431426,79680,17/01/2008 00:00,10/08/2013 00:00,"193.106.94.141","193.106.94.0","RU","ru",30,23,1,21/03/2012 00:00,21/03/2012 00:00
323,"gamerelax.ru",2784,-1,1,1,60175,174323,52506,14/02/2009 00:00,09/10/2012 00:00,"67.228.45.68","67.228.45.0","US","ru",10,8,1,12/06/2012 00:00,12/06/2012 00:00
324,"udz.cc",322,-1,1,1,3282,5782,2943,28/06/2008 00:00,10/08/2013 00:00,"69.10.32.154","69.10.32.0","US","cc",16,9,1,25/07/2012 00:00,25/07/2012 00:00
325,"coiaa.org",739,-1,1,1,3854,62005,31501,07/07/2008 00:00,10/08/2013 00:00,"188.165.222.222","188.165.222.0","FR","org",23,14,1,11/03/2012 00:00,11/03/2012 00:00
326,"f-10.org",1076,-1,1,1,14150,96512,30496,27/02/2013 00:00,31/07/2013 00:00,"50.63.202.34","50.63.202.0","US","org",22,7,1,15/06/2013 00:00,15/06/2013 00:00
327,"chempionat-mira.ru",4201,-1,1,1,58285,150098,64575,05/07/2010 00:00,06/08/2013 00:00,"77.222.61.75","77.222.61.0","RU","ru",33,7,1,09/01/2012 00:00,09/01/2012 00:00
328,"expertarticles.org",797,-1,1,1,3958,17373,14282,28/01/2008 00:00,26/05/2013 00:00,"72.34.34.75","72.34.34.0","US","org",9,2,1,25/11/2011 00:00,01/12/2011 00:00
329,"centerclub.ru",8452,-1,1,1,63519,158098,27331,08/02/2008 00:00,10/08/2013 00:00,"93.171.222.117","93.171.222.0","RU","ru",28,6,1,11/01/2012 00:00,11/01/2012 00:00
330,"cdbox.ru",5205,-1,1,1,39685,205696,105136,16/01/2008 00:00,10/08/2013 00:00,"213.248.62.185","213.248.62.0","RU","ru",12,5,1,01/08/2012 00:00,01/08/2012 00:00
331,"boatyard.ru",7033,-1,1,1,173747,147760,56610,20/01/2008 00:00,29/09/2012 00:00,"67.215.66.132","67.215.66.0","US","ru",14,14,1,04/07/2012 00:00,04/07/2012 00:00
332,"ighypercube.ca",53,-1,1,1,164,129,113,27/09/2010 00:00,08/08/2013 00:00,"54.245.109.52","54.245.109.0","US","ca",10,0,1,17/12/2011 00:00,17/12/2011 00:00
333,"rf.ro",832,-1,1,1,8373,20369,11307,11/10/2010 00:00,10/08/2013 00:00,"93.113.193.13","93.113.193.0","RO","ro",21,4,1,19/12/2011 00:00,09/08/2013 00:00
334,"ife.ro",335,-1,1,1,1313,47802,26919,27/09/2010 00:00,10/08/2013 00:00,"94.177.98.32","94.177.98.0","RO","ro",16,3,1,22/04/2013 00:00,22/04/2013 00:00
335,"corabiaforum.ro",35,-1,1,1,85,73053,31921,18/06/2012 00:00,10/08/2013 00:00,"81.18.86.3","81.18.86.0","RO","ro",12,0,1,10/07/2013 00:00,10/07/2013 00:00
336,"buzzkedo.co.cc",59,-1,1,1,463,1787,1457,04/07/2010 00:00,06/11/2012 00:00,"91.121.81.175","91.121.81.0","FR","cc",7,0,1,06/12/2011 00:00,06/12/2011 00:00
337,"eicq.org",440,-1,1,1,5808,148606,95229,30/06/2010 00:00,10/08/2013 00:00,"203.144.4.70","203.144.4.0","AU","org",20,29,1,24/07/2013 00:00,24/07/2013 00:00
338,"freearticlecity.com",341,-1,1,1,13776,58540,21505,24/01/2008 00:00,20/01/2013 00:00,"81.200.64.50","81.200.64.0","UK","com",8,1,1,23/03/2012 00:00,23/03/2012 00:00
339,"blacksheepseo.com",25,-1,1,1,97,141,130,20/11/2010 00:00,10/08/2013 00:00,"208.85.221.26","208.85.221.0","CA","com",5,0,1,28/11/2011 00:00,21/02/2012 00:00
340,"lalang.net",196,-1,1,1,3019,15494,7785,10/09/2010 00:00,10/08/2013 00:00,"65.254.250.119","65.254.250.0","US","net",13,3,1,02/08/2013 00:00,02/08/2013 00:00
341,"page777.com",367,-1,1,1,1985,60758,53579,30/05/2013 00:00,31/07/2013 00:00,"","","","com",23,9,1,21/06/2013 00:00,21/06/2013 00:00
342,"pestermom.com",18046,-1,1,1,315799,320940,158844,24/01/2008 00:00,10/08/2013 00:00,"69.163.248.77","69.163.248.0","US","com",31,28,1,28/12/2012 00:00,28/12/2012 00:00
343,"drawphiladelphia.com",1166,-1,1,1,70284,151532,78337,28/11/2008 00:00,10/08/2013 00:00,"198.187.29.108","198.187.29.0","US","com",22,10,1,30/06/2013 00:00,30/06/2013 00:00
344,"raheq.com",4270,-1,1,1,21258,40756,14821,03/08/2010 00:00,10/08/2013 00:00,"173.212.246.98","173.212.246.0","US","com",15,3,1,06/09/2012 00:00,06/09/2012 00:00
345,"ressidan.com",2077,-1,1,1,13243,111901,43261,05/02/2008 00:00,10/08/2013 00:00,"46.30.211.51","46.30.211.0","DK","com",32,8,1,09/08/2013 00:00,09/08/2013 00:00
346,"revista24siete.com",281,-1,1,1,9285,2069,762,18/03/2008 00:00,27/07/2013 00:00,"82.98.86.163","82.98.86.0","DE","com",9,8,1,16/12/2011 00:00,16/12/2011 00:00
347,"rexaonline.com",85,-1,1,1,419,3003,1627,10/07/2010 00:00,16/07/2013 00:00,"202.90.194.173","202.90.194.0","ID","com",7,0,1,18/12/2011 00:00,18/12/2011 00:00
348,"rich-stadnick.com",398,-1,1,1,2268,1537,1501,13/09/2012 00:00,09/07/2013 00:00,"77.95.228.69","77.95.228.0","NL","com",25,1,1,03/07/2012 00:00,03/07/2012 00:00
349,"rizvanhasan.com",3784,-1,1,1,144927,241899,150102,03/11/2011 00:00,10/08/2013 00:00,"69.175.26.162","69.175.26.0","US","com",27,3,1,19/03/2013 00:00,12/07/2013 00:00
350,"rnbhiphopmusic.com",5789,-1,1,1,89378,227198,46816,16/03/2008 00:00,10/08/2013 00:00,"174.121.166.210","174.121.166.0","US","com",21,4,1,03/05/2012 00:00,03/05/2012 00:00
351,"rouhany.com",4811,-1,1,1,30146,165699,26103,01/11/2010 00:00,10/08/2013 00:00,"97.74.215.52","97.74.215.0","US","com",32,12,1,23/09/2012 00:00,23/09/2012 00:00
352,"russwhiterealtor.com",28,-1,1,1,223,806,635,17/03/2013 00:00,10/08/2013 00:00,"69.89.31.167","69.89.31.0","US","com",9,0,1,24/02/2013 00:00,02/07/2013 00:00
353,"sanjosecatholicschool83.com",2600,-1,1,1,11660,212899,49162,03/11/2010 00:00,10/08/2013 00:00,"74.220.199.6","74.220.199.0","US","com",14,5,1,14/06/2012 00:00,14/06/2012 00:00
354,"oujforum.com",1073,-1,1,1,6509,3382512,75280,21/11/2010 00:00,26/12/2012 00:00,"67.215.66.132","67.215.66.0","US","com",11,2,1,14/06/2012 00:00,14/06/2012 00:00
355,"death32.com",2611,-1,1,1,336122,96528,24925,08/12/2008 00:00,24/02/2013 00:00,"94.124.84.12","94.124.84.0","FR","com",10,5,1,16/06/2012 00:00,16/06/2012 00:00
356,"search-freeek.com",364,-1,1,1,4335,27280,3964,05/06/2012 00:00,01/03/2013 00:00,"64.241.102.175","64.241.102.0","US","com",10,5,1,14/01/2013 00:00,20/02/2013 00:00
357,"cumshotbestpics.com",1886,-1,1,1,48967,5700,3341,04/02/2008 00:00,10/08/2013 00:00,"208.94.232.213","208.94.232.0","US","com",21,3,1,05/07/2012 00:00,05/07/2012 00:00
358,"seowebsitehero.com",1099,-1,1,1,35597,2865,1177,22/11/2010 00:00,10/08/2013 00:00,"50.87.17.140","50.87.17.0","US","com",31,7,1,14/08/2012 00:00,05/09/2012 00:00
359,"confusedparents.com",163,-1,1,1,554,65986,53141,28/01/2010 00:00,29/07/2013 00:00,"108.160.152.104","108.160.152.0","US","com",10,1,1,05/05/2013 00:00,05/05/2013 00:00
360,"shesnotajanitor.com",2913,-1,1,1,23812,110990,55815,06/08/2008 00:00,10/08/2013 00:00,"208.109.14.78","208.109.14.0","US","com",38,6,1,03/07/2012 00:00,11/07/2012 00:00
361,"shrtl.com",3357,-1,1,1,26423,21403,4894,17/03/2009 00:00,10/08/2013 00:00,"88.198.108.243","88.198.108.0","DE","com",17,15,1,14/01/2012 00:00,14/01/2012 00:00
362,"solidealfr.com",930,-1,1,1,21805,37858,15846,16/09/2008 00:00,09/08/2013 00:00,"159.25.16.50","159.25.16.0","DE","com",21,4,1,09/07/2013 00:00,09/07/2013 00:00
363,"stantonjames.com",1643,-1,1,1,44799,78127,33890,06/07/2009 00:00,10/08/2013 00:00,"72.167.27.189","72.167.27.0","US","com",30,12,1,15/06/2012 00:00,15/06/2012 00:00
364,"strongpedia.com",10530,-1,1,1,345756,246917,131227,30/03/2011 00:00,10/08/2013 00:00,"173.254.28.70","173.254.28.0","US","com",40,17,1,29/06/2013 00:00,29/06/2013 00:00
365,"supernatural-investigations-team.com",6540,-1,1,1,98615,152434,39478,07/03/2010 00:00,08/08/2013 00:00,"173.254.28.66","173.254.28.0","US","com",34,4,1,14/06/2012 00:00,14/06/2012 00:00
366,"taiphanmem.com",15635,-1,1,1,411487,1206505,160892,03/03/2011 00:00,10/08/2013 00:00,"112.78.8.123","112.78.8.0","VN","com",28,10,1,23/12/2011 00:00,23/12/2011 00:00
367,"thechatroulettegirls.com",1183,-1,1,1,41910,21760,11083,07/10/2010 00:00,10/08/2013 00:00,"97.74.215.191","97.74.215.0","US","com",21,6,1,13/06/2012 00:00,13/06/2012 00:00
368,"thenadas.com",2486,-1,1,1,62440,8878,5933,01/02/2008 00:00,10/08/2013 00:00,"199.204.253.45","199.204.253.0","US","com",29,31,1,13/04/2012 00:00,13/04/2012 00:00
369,"dataesential.com",515,-1,1,1,5172,140808,63246,05/05/2013 00:00,31/07/2013 00:00,"64.202.189.170","64.202.189.0","US","com",23,1,1,30/05/2013 00:00,30/05/2013 00:00
370,"opencaq.com",8650,-1,1,1,65852,23107,8572,17/07/2008 00:00,10/08/2013 00:00,"97.74.215.142","97.74.215.0","US","com",18,2,1,15/04/2012 00:00,15/04/2012 00:00
371,"onlybigmoms.com",1125,-1,1,1,8278,3021,2030,11/02/2008 00:00,10/08/2013 00:00,"74.117.176.18","74.117.176.0","US","com",14,2,1,19/11/2011 00:00,21/11/2011 00:00
372,"dvrsecurityforum.com",5856,-1,1,1,49416,436785,84176,14/08/2008 00:00,15/12/2012 00:00,"74.220.193.132","74.220.193.0","US","com",18,5,1,12/06/2012 00:00,12/06/2012 00:00
373,"foxnos.com",2458,-1,1,1,60836,175720,44322,13/02/2010 00:00,10/08/2013 00:00,"67.18.43.217","67.18.43.0","US","com",19,4,1,28/11/2011 00:00,28/11/2011 00:00
374,"gaga-source.com",827,-1,1,1,40623,137894,124761,09/04/2012 00:00,12/06/2013 00:00,"94.23.248.78","94.23.248.0","FR","com",13,16,1,04/06/2012 00:00,19/10/2012 00:00
375,"homebrewps3.com",255,-1,1,1,7017,5807,2983,07/04/2011 00:00,14/12/2011 00:00,"74.208.159.70","74.208.159.0","US","com",10,1,1,19/11/2011 00:00,19/11/2011 00:00
376,"howdyinc.com",346,-1,1,1,3306,97067,60939,08/02/2008 00:00,10/08/2013 00:00,"208.109.181.210","208.109.181.0","US","com",12,2,1,29/04/2013 00:00,29/04/2013 00:00
377,"howtogetaloanat18.com",7,-1,1,1,52,10445,10435,20/03/2013 00:00,31/07/2013 00:00,"184.172.173.47","184.172.173.0","US","com",7,0,1,03/05/2013 00:00,03/05/2013 00:00
378,"inforetail.com",239,-1,1,1,2870,2164,1480,16/08/2010 00:00,10/08/2013 00:00,"205.147.208.251","205.147.208.0","US","com",14,16,1,01/05/2013 00:00,17/07/2013 00:00
379,"information-about-this.com",1504,-1,1,1,134044,179501,46776,21/01/2008 00:00,10/06/2013 00:00,"67.215.77.132","67.215.77.0","US","com",19,10,1,01/01/2012 00:00,01/01/2012 00:00
380,"focusmypractice.com",50,-1,1,1,113,185,60,30/10/2010 00:00,07/02/2012 00:00,"50.63.202.14","50.63.202.0","US","com",7,0,1,04/12/2011 00:00,04/12/2011 00:00
381,"irandr.com",3187,-1,1,1,63128,99106,20172,17/02/2011 00:00,10/08/2013 00:00,"209.59.234.151","209.59.234.0","US","com",26,3,1,13/06/2012 00:00,13/06/2012 00:00
382,"iraqdinares.com",7470,-1,1,1,214036,629338,213689,22/04/2009 00:00,10/08/2013 00:00,"184.106.55.84","184.106.55.0","US","com",28,16,1,10/06/2012 00:00,10/06/2012 00:00
383,"itstime2stopthebs.com",10932,-1,1,1,78910,108631,22603,24/09/2011 00:00,10/08/2013 00:00,"173.201.96.1","173.201.96.0","US","com",38,6,1,08/07/2013 00:00,08/07/2013 00:00
384,"jarasforum.com",3495,-1,1,1,19686,444922,105293,05/06/2010 00:00,24/09/2012 00:00,"208.91.197.101","208.91.197.0","UK","com",10,3,1,21/12/2011 00:00,21/12/2011 00:00
385,"jno20.com",201,-1,1,1,866,2923,296,23/06/2012 00:00,17/08/2012 00:00,"174.36.250.101","174.36.250.0","US","com",7,3,1,07/08/2012 00:00,07/08/2012 00:00
386,"joltcafe.com",81,-1,1,1,228,254,234,24/01/2011 00:00,28/01/2012 00:00,"66.147.244.188","66.147.244.0","US","com",6,0,1,26/11/2011 00:00,26/11/2011 00:00
387,"fisicofanbase.com",3833,-1,1,1,33018,68838,37920,29/04/2010 00:00,10/08/2013 00:00,"97.74.215.87","97.74.215.0","US","com",30,4,1,13/06/2012 00:00,13/06/2012 00:00
388,"kanmerkezi.com",1161,-1,1,1,6106,128530,41390,27/01/2009 00:00,10/08/2013 00:00,"68.178.232.56","68.178.232.0","US","com",22,1,1,28/05/2013 00:00,17/07/2013 00:00
389,"finewaxrecords.com",13,-1,1,1,348,10790,6052,14/07/2013 00:00,09/08/2013 00:00,"91.222.8.132","91.222.8.0","UK","com",6,0,1,06/08/2013 00:00,06/08/2013 00:00
390,"livematurezone.com",4267,-1,1,1,46941,9522,7810,14/02/2008 00:00,10/08/2013 00:00,"74.117.176.18","74.117.176.0","US","com",20,2,1,15/07/2012 00:00,15/07/2012 00:00
391,"finerywebdesign.com",422,-1,1,1,2896,4566,1641,04/04/2008 00:00,10/08/2013 00:00,"98.124.252.136","98.124.252.0","US","com",12,6,1,03/10/2012 00:00,03/10/2012 00:00
392,"maganle.com",334,-1,1,1,1916,14794,14119,20/03/2011 00:00,10/08/2013 00:00,"97.74.144.151","97.74.144.0","US","com",21,5,1,24/12/2011 00:00,19/08/2012 00:00
393,"evening-crimea.com",15449,-1,1,1,208549,167056,81691,10/05/2009 00:00,10/08/2013 00:00,"194.1.236.138","194.1.236.0","RU","com",31,16,1,15/08/2012 00:00,15/08/2012 00:00
394,"etf-trend.com",688,-1,1,1,14661,111684,18149,22/12/2011 00:00,10/08/2013 00:00,"67.231.240.66","67.231.240.0","US","com",25,1,1,16/06/2012 00:00,16/06/2012 00:00
395,"medicalmarijuanamassachusetts.com",229,-1,1,1,1535,5193,4643,28/02/2013 00:00,10/08/2013 00:00,"50.63.120.1","50.63.120.0","US","com",23,2,1,18/04/2013 00:00,19/07/2013 00:00
396,"minimusopus.com",128,-1,1,1,578,6644,897,28/05/2008 00:00,01/08/2013 00:00,"46.105.111.116","46.105.111.0","FR","com",11,0,1,01/08/2012 00:00,01/08/2012 00:00
397,"mom-reviewed.com",3038,-1,1,1,30417,155758,31473,16/09/2010 00:00,17/01/2013 00:00,"69.89.31.74","69.89.31.0","US","com",17,1,1,20/12/2011 00:00,20/12/2011 00:00
398,"myinsidenova.com",8343,-1,1,1,194781,52512,16231,27/03/2008 00:00,05/08/2013 00:00,"50.63.202.19","50.63.202.0","US","com",19,6,1,27/07/2012 00:00,27/07/2012 00:00
399,"ni8ball.com",880,-1,1,1,87808,92834,42041,25/03/2013 00:00,09/08/2013 00:00,"208.117.19.48","208.117.19.0","US","com",15,6,1,21/05/2013 00:00,21/05/2013 00:00
400,"nongple.com",22457,-1,1,1,780857,431274,203072,19/01/2008 00:00,10/08/2013 00:00,"203.146.253.32","203.146.253.0","TH","com",21,6,1,21/12/2011 00:00,21/12/2011 00:00
401,"noreh.com",11358,-1,1,1,111324,150960,55779,13/10/2009 00:00,17/07/2013 00:00,"200.98.197.19","200.98.197.0","BR","com",33,6,1,04/07/2012 00:00,04/07/2012 00:00
402,"thepakistanupdate.com",686,-1,1,1,43765,18482,8224,22/02/2010 00:00,02/05/2013 00:00,"23.21.223.57","23.21.223.0","US","com",10,13,1,14/12/2011 00:00,14/12/2011 00:00
403,"chillout101.com",11383,-1,1,1,103695,1031761,125031,26/03/2008 00:00,01/08/2013 00:00,"216.172.174.134","216.172.174.0","US","com",24,10,1,11/06/2012 00:00,11/06/2012 00:00
404,"thsbandtheearlyyears.com",1046,-1,1,1,6774,88309,33356,22/03/2008 00:00,10/08/2013 00:00,"72.41.113.187","72.41.113.0","US","com",16,2,1,10/07/2012 00:00,10/07/2012 00:00
405,"toyota-rampvan.com",338,-1,1,1,3634,40917,17007,15/06/2013 00:00,10/08/2013 00:00,"","","","com",22,8,1,13/07/2013 00:00,13/07/2013 00:00
406,"intkhabat.info",725,-1,1,1,11350,763718,195589,18/07/2010 00:00,20/07/2013 00:00,"208.87.35.103","208.87.35.0","BS","info",13,4,1,01/04/2012 00:00,01/04/2012 00:00
407,"betterpersonalloans.com",93,-1,1,1,8821,63968,51623,15/02/2013 00:00,09/08/2013 00:00,"66.147.242.82","66.147.242.0","US","com",16,2,1,12/06/2013 00:00,12/06/2013 00:00
408,"ben10toy.com",208,-1,1,1,1342,39638,22879,24/05/2010 00:00,10/08/2013 00:00,"208.87.35.103","208.87.35.0","BS","com",18,0,1,28/11/2011 00:00,28/11/2011 00:00
409,"bankingfo.com",227,-1,1,1,1888,36034,17675,17/05/2013 00:00,10/08/2013 00:00,"","","","com",14,8,1,07/06/2013 00:00,07/06/2013 00:00
410,"athritispainadvice.com",104,-1,1,1,512,61530,9256,26/08/2010 00:00,24/07/2013 00:00,"184.170.144.15","184.170.144.0","US","com",6,0,1,28/11/2011 00:00,19/12/2011 00:00
411,"pozitiff.info",12824,-1,1,1,431705,620367,192450,12/01/2008 00:00,10/08/2013 00:00,"193.24.196.5","193.24.196.0","RU","info",46,8,1,04/07/2012 00:00,04/07/2012 00:00
412,"quit-smoking-solutions.info",68,-1,1,1,304,150195,68214,13/10/2011 00:00,21/06/2013 00:00,"176.74.176.167","176.74.176.0","UK","info",5,0,1,24/11/2011 00:00,24/11/2011 00:00
413,"arianlanguagecenter.ir",7635,-1,1,1,110079,211588,45879,09/10/2010 00:00,10/08/2013 00:00,"209.236.117.53","209.236.117.0","US","ir",29,15,1,14/03/2012 00:00,14/03/2012 00:00
414,"hcc.ir",14108,-1,1,1,117620,237996,47809,24/01/2008 00:00,10/08/2013 00:00,"192.30.82.242","192.30.82.0","US","ir",19,5,1,14/02/2012 00:00,14/02/2012 00:00
415,"dangerarrows.lv",3987,-1,1,1,39272,37407,17129,28/06/2008 00:00,07/08/2012 00:00,"78.28.227.182","78.28.227.0","LV","lv",13,4,1,03/06/2012 00:00,03/06/2012 00:00
416,"brunomars.me",5076,-1,1,1,17762,6582,5478,22/02/2013 00:00,20/07/2013 00:00,"173.201.144.128","173.201.144.0","US","me",22,5,1,31/07/2012 00:00,31/07/2012 00:00
417,"serviscentarpzv.me",1873,-1,1,1,12881,68183,22310,25/12/2010 00:00,10/08/2013 00:00,"213.149.103.134","213.149.103.0","ME","me",16,15,1,25/07/2012 00:00,25/07/2012 00:00
418,"lastorres.com.mx",11119,-1,1,1,2117408,122007,47802,08/11/2008 00:00,06/05/2013 00:00,"94.23.230.218","94.23.230.0","FR","mx",15,3,1,02/03/2013 00:00,03/05/2013 00:00
419,"1tvs.net",765,-1,1,1,10728,24444,15187,16/04/2011 00:00,10/08/2013 00:00,"46.165.220.73","46.165.220.0","DE","net",30,2,1,11/06/2013 00:00,11/06/2013 00:00
420,"6y9.net",19404,-1,1,1,196528,198350,47554,02/07/2008 00:00,01/02/2013 00:00,"82.98.135.43","82.98.135.0","ES","net",24,7,1,15/05/2012 00:00,15/05/2012 00:00
421,"adventureinindia.net",7,-1,1,1,15,710,691,04/01/2011 00:00,10/04/2012 00:00,"67.215.77.132","67.215.77.0","US","net",5,0,1,27/03/2012 00:00,10/04/2012 00:00
422,"ampclub.net",522,-1,1,1,33577,51558,15193,06/03/2008 00:00,31/05/2013 00:00,"115.178.63.101","115.178.63.0","TH","net",9,4,1,28/05/2013 00:00,28/05/2013 00:00
423,"aofbilgi.net",1128,-1,1,1,24131,619321,181126,23/02/2008 00:00,10/08/2013 00:00,"208.91.197.101","208.91.197.0","UK","net",20,6,1,23/05/2012 00:00,23/05/2012 00:00
424,"badcreditsecuredloans.net",8,-1,1,1,9,56930,45900,28/02/2013 00:00,09/05/2013 00:00,"174.120.97.9","174.120.97.0","US","net",0,0,1,25/03/2013 00:00,25/03/2013 00:00
425,"dipset-eo.net",4840,-1,1,1,231753,20337,4165,16/03/2009 00:00,20/08/2012 00:00,"46.30.211.51","46.30.211.0","DK","net",12,1,1,16/05/2012 00:00,16/05/2012 00:00
426,"artharrest.com",1255,-1,1,1,68091,22959,15149,02/08/2010 00:00,10/08/2013 00:00,"74.208.39.141","74.208.39.0","US","com",26,3,1,10/12/2011 00:00,03/11/2012 00:00
427,"discoverstlucia.net",126,-1,1,1,439,4115,3145,04/12/2010 00:00,09/08/2013 00:00,"94.229.167.70","94.229.167.0","UK","net",15,5,1,05/12/2011 00:00,05/12/2011 00:00
428,"dolphinfish.net",11337,-1,1,1,178902,549784,128984,17/02/2010 00:00,10/08/2013 00:00,"74.221.213.34","74.221.213.0","US","net",41,8,1,14/03/2012 00:00,14/03/2012 00:00
429,"ekenosen.net",183,-1,1,1,1657,1146,1015,11/10/2008 00:00,03/07/2013 00:00,"71.19.144.53","71.19.144.0","US","net",10,8,1,25/07/2012 00:00,25/07/2012 00:00
430,"anime4viet.com",1938,-1,1,1,31416,360180,118923,02/02/2008 00:00,08/06/2013 00:00,"112.78.6.252","112.78.6.0","VN","com",22,9,1,14/01/2012 00:00,14/01/2012 00:00
431,"amateur-swingers-posts.com",24398,-1,1,1,619788,222646,117040,13/01/2008 00:00,10/08/2013 00:00,"75.125.107.130","75.125.107.0","US","com",37,7,1,10/07/2012 00:00,10/07/2012 00:00
432,"golfstrim.net",28154,-1,1,1,383926,985025,229404,26/04/2008 00:00,10/08/2013 00:00,"178.162.182.163","178.162.182.0","DE","net",48,9,1,04/06/2013 00:00,04/06/2013 00:00
433,"gunwebsites.net",3095,-1,1,1,703337,56652,40748,29/08/2010 00:00,10/08/2013 00:00,"173.201.92.1","173.201.92.0","US","net",39,22,1,19/03/2013 00:00,19/03/2013 00:00
434,"althiriany.com",1928,-1,1,1,13493,76418,25577,06/11/2012 00:00,10/08/2013 00:00,"50.63.38.1","50.63.38.0","US","com",28,4,1,09/07/2013 00:00,09/07/2013 00:00
435,"ikariamlsd.info",7153,-1,1,1,46954,928794,135712,01/09/2010 00:00,07/08/2013 00:00,"50.63.202.86","50.63.202.0","US","info",20,5,1,07/01/2012 00:00,07/01/2012 00:00
436,"lilyfan.net",1493,-1,1,1,152492,767636,357416,04/07/2008 00:00,10/08/2013 00:00,"174.122.4.34","174.122.4.0","US","net",23,20,1,22/04/2012 00:00,22/04/2012 00:00
437,"giantdir.info",1394,-1,1,1,104096,228037,112074,14/02/2008 00:00,10/08/2013 00:00,"198.187.29.108","198.187.29.0","US","info",32,10,1,10/07/2013 00:00,10/07/2013 00:00
438,"bingsurfer.com",2635,-1,1,1,41472,182027,114459,04/02/2010 00:00,10/08/2013 00:00,"64.111.120.201","64.111.120.0","US","com",27,6,1,18/12/2011 00:00,18/12/2011 00:00
439,"cheap-nike-kids-shoes.com",113,-1,1,1,1516,10448,6937,22/11/2010 00:00,29/03/2012 00:00,"199.101.28.20","199.101.28.0","US","com",7,0,1,17/11/2011 00:00,19/11/2011 00:00
440,"vacationtuition.com",8349,-1,1,1,64799,13887,9287,08/07/2009 00:00,05/03/2013 00:00,"67.205.27.137","67.205.27.0","US","com",15,9,1,26/06/2012 00:00,26/06/2012 00:00
441,"vipbazaar.com",202,-1,1,1,996,478,284,20/05/2008 00:00,11/10/2012 00:00,"107.20.206.69","107.20.206.0","US","com",0,0,1,17/12/2011 00:00,17/12/2011 00:00
442,"cecania.com",25227,-1,1,1,1933043,139641,61365,16/01/2008 00:00,10/08/2013 00:00,"173.236.154.180","173.236.154.0","US","com",42,25,1,15/06/2012 00:00,15/06/2012 00:00
443,"wahtalathar.com",267,-1,1,1,1059,20992,9335,09/12/2010 00:00,22/05/2013 00:00,"188.40.67.141","188.40.67.0","DE","com",8,1,1,27/08/2012 00:00,27/08/2012 00:00
444,"vnptsoctrang.vn",3702,-1,1,1,14697,144262,39162,19/11/2011 00:00,10/08/2013 00:00,"113.163.189.111","113.163.189.0","VN","vn",19,3,1,09/08/2013 00:00,09/08/2013 00:00
445,"whoismarkrathbun.com",239,-1,1,1,2262,898,670,15/12/2009 00:00,22/12/2012 00:00,"107.20.206.69","107.20.206.0","US","com",8,3,1,01/12/2011 00:00,04/02/2012 00:00
446,"worthlessforums.com",14596,-1,1,1,241815,1236289,321023,12/01/2008 00:00,10/08/2013 00:00,"174.136.24.115","174.136.24.0","US","com",27,5,1,23/04/2012 00:00,23/04/2012 00:00
447,"books4view.com",583,-1,1,1,5597,111456,50285,06/01/2011 00:00,31/07/2013 00:00,"174.122.64.156","174.122.64.0","US","com",11,4,1,22/10/2012 00:00,22/10/2012 00:00
448,"yantai-life.com",14009,-1,1,1,1010793,67613,18025,08/02/2008 00:00,10/08/2013 00:00,"216.71.184.11","216.71.184.0","US","com",36,25,1,20/12/2011 00:00,20/12/2011 00:00
449,"z7z7z.com",3741,-1,1,1,54223,2480389,735757,31/05/2008 00:00,10/08/2013 00:00,"173.236.69.91","173.236.69.0","US","com",25,5,1,13/06/2012 00:00,13/06/2012 00:00
450,"ceske-hry.cz",11391,-1,1,1,237818,384490,135455,13/01/2008 00:00,10/08/2013 00:00,"89.185.254.14","89.185.254.0","CZ","cz",42,18,1,09/05/2012 00:00,09/05/2012 00:00
451,"azgclan.de",7290,-1,1,1,225542,112142,42905,10/10/2008 00:00,10/08/2013 00:00,"80.237.132.121","80.237.132.0","DE","de",43,5,1,16/03/2012 00:00,16/03/2012 00:00
452,"belletristik-ebooks.de",133,-1,1,1,969,5307,2192,16/05/2010 00:00,21/01/2013 00:00,"195.143.188.164","195.143.188.0","UK","de",9,3,1,12/12/2011 00:00,12/12/2011 00:00
453,"braunglasmafia.de",101,-1,1,1,7593,3930,2065,04/02/2008 00:00,10/08/2013 00:00,"212.90.148.100","212.90.148.0","DE","de",16,1,1,13/12/2011 00:00,13/12/2011 00:00
454,"dh95.de",7324,-1,1,1,84165,31357,9525,01/01/2010 00:00,08/08/2013 00:00,"46.30.211.50","46.30.211.0","DK","de",22,2,1,30/03/2012 00:00,30/03/2012 00:00
455,"dylanpatton.de",3154,-1,1,1,33883,118003,26761,16/11/2009 00:00,03/08/2013 00:00,"87.238.192.103","87.238.192.0","DE","de",33,2,1,11/03/2013 00:00,11/03/2013 00:00
456,"bookmarkfans.com",69,-1,1,1,246,19266,5755,27/06/2013 00:00,09/08/2013 00:00,"","","","com",11,3,1,13/07/2013 00:00,13/07/2013 00:00
457,"praxishomepage.de",600,-1,1,1,6681,20800,14226,20/01/2008 00:00,10/08/2013 00:00,"85.236.48.180","85.236.48.0","DE","de",25,19,1,28/02/2013 00:00,19/07/2013 00:00
458,"liselle.dk",2350,-1,1,1,55942,156088,50557,14/12/2010 00:00,10/08/2013 00:00,"46.30.211.52","46.30.211.0","DK","dk",28,2,1,29/07/2012 00:00,24/05/2013 00:00
459,"patrickbentley.dk",183,-1,1,1,1104,1521,883,23/01/2008 00:00,10/08/2013 00:00,"46.30.211.50","46.30.211.0","DK","dk",14,16,1,25/07/2012 00:00,25/07/2012 00:00
460,"tower-defense.fr",1269,-1,1,1,8134,43301,23030,22/02/2013 00:00,10/08/2013 00:00,"87.106.17.203","87.106.17.0","DE","fr",25,2,1,17/06/2012 00:00,17/06/2012 00:00
461,"zabavan.fr",84,-1,1,1,174,2615,2538,03/07/2013 00:00,10/08/2013 00:00,"213.186.33.19","213.186.33.0","FR","fr",17,0,1,01/03/2013 00:00,16/07/2013 00:00
462,"offroaders.com.hk",1661,-1,1,1,6007,50393,9006,17/06/2008 00:00,08/08/2013 00:00,"218.213.226.205","218.213.226.0","HK","hk",18,21,1,13/12/2011 00:00,13/12/2011 00:00
463,"hknewage.hk",4544,-1,1,1,25452,88226,28814,12/09/2008 00:00,10/08/2013 00:00,"202.65.196.181","202.65.196.0","HK","hk",19,22,1,05/01/2012 00:00,05/01/2012 00:00
464,"clubtarasco.hu",9255,-1,1,1,109417,97716,17801,11/10/2011 00:00,10/08/2013 00:00,"195.70.40.183","195.70.40.0","HU","hu",25,2,1,09/05/2012 00:00,09/05/2012 00:00
465,"zemplenicivilek.hu",2175,-1,1,1,24824,9702,2161,30/04/2011 00:00,07/08/2013 00:00,"79.172.241.65","79.172.241.0","HU","hu",15,5,1,31/12/2011 00:00,31/12/2011 00:00
466,"bestpricesale.info",182,-1,1,1,1547,4385,4216,27/02/2013 00:00,10/08/2013 00:00,"67.20.75.41","67.20.75.0","US","info",29,4,1,14/05/2012 00:00,14/05/2012 00:00
467,"doisongviet.info",2256,-1,1,1,16578,117068,30068,07/11/2011 00:00,10/08/2013 00:00,"208.87.35.103","208.87.35.0","BS","info",21,1,1,23/02/2012 00:00,23/02/2012 00:00
468,"geh-grillen.info",16225,-1,1,1,159804,32364,24357,01/01/2012 00:00,10/08/2013 00:00,"5.9.143.73","5.9.143.0","DE","info",44,7,1,25/06/2012 00:00,25/06/2012 00:00
469,"miatech.co.za",1876,-1,1,1,8271,38320,9559,18/09/2008 00:00,09/08/2013 00:00,"41.160.153.68","41.160.153.0","ZA","za",14,1,1,30/04/2012 00:00,30/04/2012 00:00
