"Position","Domain","RefDomains","AlexaRank","Matches","MatchedLinks","ExtBackLinks","IndexedURLs","CrawledURLs","FirstCrawled","LastSuccessfulCrawl","IP","SubNet","CountryCode","TLD","CitationFlow","TrustFlow","BackLinks_777promoinc.com","FirstLinkDate_777promoinc.com","LastLinkDate_777promoinc.com"
1,"asippai.com",25,-1,1,485,32,132787,75680,17/11/2012 00:00,10/08/2013 00:00,"50.115.140.67","50.115.140.0","US","com",6,3,485,27/02/2013 00:00,27/02/2013 00:00
2,"promo86.com",97,-1,1,339,496,68791,34761,02/03/2008 00:00,10/08/2013 00:00,"74.82.188.228","74.82.188.0","US","com",9,0,339,21/04/2013 00:00,21/04/2013 00:00
3,"sellpromoproducts.com",117,-1,1,222,1293,1129,995,13/02/2008 00:00,08/08/2013 00:00,"184.172.142.50","184.172.142.0","US","com",14,7,222,30/01/2013 00:00,22/02/2013 00:00
4,"jvamarket.com",104,-1,1,34,584,47,39,21/01/2008 00:00,09/08/2013 00:00,"64.62.158.155","64.62.158.0","US","com",9,14,34,27/11/2011 00:00,12/06/2013 00:00
5,"freepromotips.com",256,-1,1,8,6152,90615,61570,10/02/2008 00:00,06/08/2013 00:00,"192.155.87.226","192.155.87.0","US","com",18,14,8,19/12/2011 00:00,19/12/2011 00:00
6,"wp.io",108,21268,1,3,19492,99838,55475,08/12/2011 00:00,30/07/2013 00:00,"5.79.1.190","5.79.1.0","UK","io",18,16,3,05/04/2013 00:00,07/04/2013 00:00
7,"quickpatents.com",177,-1,1,3,2326,642,283,04/12/2008 00:00,20/07/2013 00:00,"184.106.159.222","184.106.159.0","US","com",13,16,3,05/03/2012 00:00,29/11/2012 00:00
8,"wikidict.de",2770,-1,1,3,40107,10923713,1568846,11/04/2008 00:00,10/08/2013 00:00,"85.13.146.134","85.13.146.0","DE","de",23,12,3,01/02/2012 00:00,07/08/2012 00:00
9,"promomarketing.com",8902,182358,1,2,6400393,2013900,240598,13/01/2008 00:00,10/08/2013 00:00,"76.8.58.83","76.8.58.0","US","com",51,44,2,20/10/2011 00:00,20/12/2012 00:00
10,"777promoinc.net",3,-1,1,2,4,3,2,12/05/2013 00:00,,"","","","net",0,0,2,25/11/2010 00:00,12/05/2013 00:00
11,"promoteyourlogo.com",378,-1,1,2,1023,758,739,18/07/2008 00:00,10/08/2013 00:00,"68.180.151.75","68.180.151.0","US","com",15,12,2,21/08/2012 00:00,15/07/2013 00:00
12,"sitesitive.com",2,-1,1,2,52,117,100,14/04/2011 00:00,08/08/2013 00:00,"69.89.31.130","69.89.31.0","US","com",0,0,2,11/08/2011 00:00,30/08/2011 00:00
13,"verticalresponse.com",70441,5741,1,1,20102686,502241,243299,09/01/2008 00:00,10/08/2013 00:00,"23.60.125.178","23.60.125.0","US","com",62,75,1,12/12/2010 00:00,12/12/2010 00:00
14,"webmii.com",354,330190,1,1,315304,1076343,1076343,23/09/2009 00:00,10/08/2013 00:00,"195.95.224.130","195.95.224.0","FR","com",13,5,1,08/07/2012 00:00,08/07/2012 00:00
15,"webmii.be",15,-1,1,1,39938,109843,109842,28/02/2010 00:00,10/08/2013 00:00,"195.95.224.130","195.95.224.0","FR","be",4,0,1,11/10/2011 00:00,13/12/2011 00:00
16,"fightingdog.net",1073,-1,1,1,4772,17025,13461,30/11/2008 00:00,10/08/2013 00:00,"195.93.129.66","195.93.129.0","RU","net",24,13,1,17/03/2013 00:00,01/08/2013 00:00
17,"freelancewp.com",1454,-1,1,1,569123,307594,142058,27/08/2012 00:00,10/08/2013 00:00,"198.199.69.169","198.199.69.0","US","com",53,20,1,23/06/2013 00:00,29/06/2013 00:00
18,"bemoeijemetjeeigenzaken.com",344,-1,1,1,67868,101857,64366,20/11/2009 00:00,31/07/2013 00:00,"174.132.189.250","174.132.189.0","US","com",19,10,1,17/04/2013 00:00,17/04/2013 00:00
19,"artandabsinthe.com",1191,-1,1,1,6385,1206,857,05/12/2008 00:00,08/08/2013 00:00,"95.168.178.131","95.168.178.0","DE","com",12,9,1,31/03/2013 00:00,18/07/2013 00:00
20,"seo08.com",2923,-1,1,1,128846,180258,119033,18/11/2008 00:00,10/08/2013 00:00,"96.30.33.172","96.30.33.0","US","com",26,10,1,08/04/2013 00:00,08/04/2013 00:00
21,"webmii.org",3,-1,1,1,4,403941,403941,13/09/2010 00:00,10/08/2013 00:00,"195.95.224.130","195.95.224.0","FR","org",0,0,1,15/12/2011 00:00,15/12/2011 00:00
