"Position","Domain","RefDomains","AlexaRank","Matches","MatchedLinks","ExtBackLinks","IndexedURLs","CrawledURLs","FirstCrawled","LastSuccessfulCrawl","IP","SubNet","CountryCode","TLD","CitationFlow","TrustFlow","BackLinks_cnyinthedesert.com","FirstLinkDate_cnyinthedesert.com","LastLinkDate_cnyinthedesert.com"
1,"dannydoesvegas.com",2,-1,1,491,7,17715,9443,11/07/2013 00:00,10/08/2013 00:00,"","","","com",9,10,491,11/07/2013 00:00,11/07/2013 00:00
2,"gardenserviceuno.com",13,-1,1,146,113,2904,1286,21/03/2011 00:00,26/07/2012 00:00,"199.59.243.118","199.59.243.0","US","com",5,0,146,21/06/2012 00:00,21/06/2012 00:00
3,"zhangheng.org",89,-1,1,137,1816,21916,13726,21/06/2008 00:00,10/08/2013 00:00,"74.220.199.6","74.220.199.0","US","org",7,0,137,06/05/2012 00:00,06/05/2012 00:00
4,"lvacc.org",264,-1,1,134,2909,844,560,25/02/2008 00:00,07/08/2013 00:00,"66.147.244.242","66.147.244.0","US","org",21,22,134,10/01/2013 00:00,16/02/2013 00:00
5,"armchairassociation.com",1137,-1,1,33,86508,325176,129364,08/02/2008 00:00,10/08/2013 00:00,"184.168.178.1","184.168.178.0","US","com",20,13,33,04/07/2012 00:00,04/07/2012 00:00
6,"savelv.com",1326,-1,1,31,22080,14588,11423,14/06/2008 00:00,10/08/2013 00:00,"75.101.131.132","75.101.131.0","US","com",19,18,31,21/01/2012 00:00,29/01/2012 00:00
7,"lasvegasrvresort.com",287,-1,1,25,946,6206,5739,13/05/2008 00:00,10/08/2013 00:00,"72.34.254.197","72.34.254.0","US","com",22,21,25,21/01/2013 00:00,21/02/2013 00:00
8,"mlascalawriting.com",17,-1,1,23,150,1877,1537,29/11/2010 00:00,10/08/2013 00:00,"54.235.156.25","54.235.156.0","US","com",10,9,23,18/02/2013 00:00,27/02/2013 00:00
9,"chinese-new-year.net",68,-1,1,23,49295,15974,13586,29/12/2010 00:00,10/08/2013 00:00,"74.220.207.118","74.220.207.0","US","net",17,0,23,25/05/2012 00:00,25/06/2013 00:00
10,"nerdtravel.com",80,-1,1,15,969,2600,2546,20/06/2012 00:00,10/08/2013 00:00,"68.178.232.99","68.178.232.0","US","com",15,34,15,16/06/2013 00:00,16/06/2013 00:00
11,"bajatetumusica.com.ar",947,-1,1,14,125504,233219,33083,23/03/2010 00:00,10/08/2013 00:00,"190.228.29.81","190.228.29.0","AR","ar",29,5,14,04/04/2012 00:00,04/04/2012 00:00
12,"vegasflashes.com",23,-1,1,12,1271,3321,2407,31/05/2011 00:00,10/08/2013 00:00,"173.201.0.1","173.201.0.0","US","com",22,6,12,24/01/2013 00:00,13/02/2013 00:00
13,"travelchannel.com",86937,7956,1,10,22848608,2316718,1004940,09/01/2008 00:00,10/08/2013 00:00,"65.172.31.17","65.172.31.0","US","com",67,69,10,08/02/2013 00:00,12/02/2013 00:00
14,"chinese-years.com",55,-1,1,10,5340,11707,11073,07/11/2011 00:00,10/08/2013 00:00,"74.220.207.118","74.220.207.0","US","com",24,0,10,29/06/2013 00:00,29/06/2013 00:00
15,"vegasviphottiehosting.com",1362,-1,1,9,24453,11416,7378,22/03/2008 00:00,31/07/2013 00:00,"50.116.98.49","50.116.98.0","US","com",16,9,9,08/02/2013 00:00,08/02/2013 00:00
16,"dtlv.com",3926,-1,1,9,332316,48687,27433,09/11/2011 00:00,10/08/2013 00:00,"216.55.185.135","216.55.185.0","US","com",35,33,9,13/02/2013 00:00,19/02/2013 00:00
17,"piratefestlv.com",59,-1,1,8,546,156,103,30/06/2013 00:00,10/08/2013 00:00,"199.34.228.100","199.34.228.0","US","com",19,24,8,12/02/2013 00:00,30/06/2013 00:00
18,"vegas24seven.com",720,-1,1,7,3241,47090,36385,01/04/2008 00:00,10/08/2013 00:00,"208.113.251.72","208.113.251.0","US","com",25,16,7,25/02/2013 00:00,13/03/2013 00:00
19,"vegas.com",52425,12436,1,6,4043670,518880,292455,09/01/2008 00:00,10/08/2013 00:00,"93.184.219.50","93.184.219.0","US","com",58,64,6,08/02/2013 00:00,18/02/2013 00:00
20,"humsa.lt",208,-1,1,6,4190,6102,4765,16/10/2010 00:00,10/08/2013 00:00,"79.98.29.5","79.98.29.0","LT","lt",20,20,6,18/04/2013 00:00,23/07/2013 00:00
21,"vegasbloggers.net",82,-1,1,6,33296,961,823,14/05/2013 00:00,10/08/2013 00:00,"173.254.28.85","173.254.28.0","US","net",18,10,6,14/02/2013 00:00,14/02/2013 00:00
22,"medicalmarijuanalouisiana.net",46,-1,1,6,246,4614,4246,28/02/2013 00:00,10/08/2013 00:00,"50.63.120.1","50.63.120.0","US","net",15,0,6,21/04/2013 00:00,08/08/2013 00:00
23,"vegasmagazine.com",3217,556383,1,5,360378,12544,9426,18/01/2008 00:00,10/08/2013 00:00,"199.91.169.140","199.91.169.0","US","com",41,44,5,18/01/2013 00:00,18/01/2013 00:00
24,"inlasvegasusa.com",39,-1,1,5,117,128366,76924,27/11/2012 00:00,10/08/2013 00:00,"199.217.117.91","199.217.117.0","US","com",9,0,5,09/04/2013 00:00,09/04/2013 00:00
25,"korabotaiko.com",29,-1,1,5,286,193,126,01/07/2013 00:00,10/08/2013 00:00,"208.113.162.229","208.113.162.0","US","com",13,10,5,13/02/2013 00:00,19/02/2013 00:00
26,"visitlasvegas.com",28062,-1,1,5,1562323,967624,189328,12/01/2008 00:00,15/07/2013 00:00,"173.213.226.186","173.213.226.0","US","com",36,44,5,13/06/2012 00:00,13/06/2012 00:00
27,"vegas4visitors.com",3069,-1,1,5,174309,5687,4210,19/03/2008 00:00,10/08/2013 00:00,"173.201.145.128","173.201.145.0","US","com",29,21,5,23/01/2012 00:00,28/01/2012 00:00
28,"skift.com",6475,23105,1,4,241886,52642,41268,30/04/2012 00:00,10/08/2013 00:00,"50.57.43.69","50.57.43.0","US","com",50,38,4,18/04/2013 00:00,12/05/2013 00:00
29,"702events.com",560,392990,1,4,101408,797277,295638,11/02/2008 00:00,10/08/2013 00:00,"184.168.214.124","184.168.214.0","US","com",30,12,4,05/04/2012 00:00,05/04/2012 00:00
30,"knpr.org",7367,838266,1,4,2535069,63641,39129,21/01/2008 00:00,10/08/2013 00:00,"66.209.79.122","66.209.79.0","US","org",44,41,4,07/01/2012 00:00,28/01/2012 00:00
31,"knpr.mobi",0,-1,1,4,0,57024,57024,17/01/2011 00:00,10/08/2013 00:00,"108.166.65.135","108.166.65.0","US","mobi",0,0,4,06/02/2013 00:00,06/02/2013 00:00
32,"kuk-bot.net",10905,-1,1,4,77792,76994,14556,14/07/2008 00:00,10/08/2013 00:00,"74.208.63.155","74.208.63.0","US","net",19,5,4,29/05/2012 00:00,25/09/2012 00:00
33,"sexyvegasskin.com",16,-1,1,4,34,175,73,13/07/2013 00:00,20/07/2013 00:00,"50.63.208.1","50.63.208.0","US","com",13,4,4,17/02/2013 00:00,13/07/2013 00:00
34,"searchqu.com",4983,2213,1,3,2254825,628855,200444,12/10/2009 00:00,10/08/2013 00:00,"207.232.22.60","207.232.22.0","IL","com",20,14,3,24/05/2013 00:00,01/06/2013 00:00
35,"lasvegas.com",24365,36982,1,3,2129470,477959,212869,09/01/2008 00:00,10/08/2013 00:00,"173.213.226.186","173.213.226.0","US","com",60,64,3,07/12/2012 00:00,13/01/2013 00:00
36,"ccsd.net",16190,37027,1,3,1087942,1260653,681488,27/01/2008 00:00,10/08/2013 00:00,"169.241.10.40","169.241.10.0","US","net",41,51,3,07/02/2013 00:00,07/02/2013 00:00
37,"ktnv.com",54254,68769,1,3,1696744,902543,503539,16/02/2008 00:00,10/08/2013 00:00,"87.248.218.252","87.248.218.0","IT","com",53,51,3,09/02/2013 00:00,02/03/2013 00:00
38,"galavantier.com",3536,526713,1,3,242282,5888,4679,23/08/2011 00:00,10/08/2013 00:00,"184.106.100.189","184.106.100.0","US","com",42,20,3,09/07/2012 00:00,30/06/2013 00:00
39,"lvwomanmagazine.com",353,-1,1,3,6821,6298,3845,06/01/2010 00:00,10/08/2013 00:00,"198.1.102.98","198.1.102.0","US","com",26,23,3,27/01/2013 00:00,09/02/2013 00:00
40,"tarotjourney.net",964,-1,1,3,8324,106017,74598,26/01/2008 00:00,31/07/2013 00:00,"70.87.187.178","70.87.187.0","US","net",16,15,3,21/03/2013 00:00,23/03/2013 00:00
41,"lvfnb.com",166,-1,1,3,4730,3108,2894,07/08/2012 00:00,10/08/2013 00:00,"198.187.29.88","198.187.29.0","US","com",21,33,3,30/08/2012 00:00,18/07/2013 00:00
42,"lvttl.com",3,-1,1,3,12,128,126,30/06/2013 00:00,20/07/2013 00:00,"","","","com",7,0,3,17/05/2013 00:00,30/06/2013 00:00
43,"medicalmarijuananebraska.net",140,-1,1,3,1231,5395,4821,26/02/2013 00:00,10/08/2013 00:00,"50.63.120.1","50.63.120.0","US","net",22,2,3,17/04/2013 00:00,05/08/2013 00:00
44,"medicalmarijuanaoklahoma.org",45,-1,1,3,24438,3706,3413,29/05/2013 00:00,10/08/2013 00:00,"50.63.120.1","50.63.120.0","US","org",13,0,3,12/07/2013 00:00,02/08/2013 00:00
45,"voordijk.eu",1026,-1,1,3,7757,63588,25419,02/09/2008 00:00,10/08/2013 00:00,"85.17.32.198","85.17.32.0","NL","eu",21,2,3,08/06/2012 00:00,08/06/2012 00:00
46,"zdaemon.org",4454,-1,1,3,133072,535255,216675,22/01/2008 00:00,10/08/2013 00:00,"78.47.240.170","78.47.240.0","DE","org",38,41,3,01/04/2012 00:00,25/07/2012 00:00
47,"apiconnectlv.com",13,-1,1,3,9876,1689,1568,09/02/2013 00:00,10/08/2013 00:00,"184.168.190.1","184.168.190.0","US","com",25,7,3,17/02/2013 00:00,30/06/2013 00:00
48,"1eventguide.com",42,-1,1,3,972,69725,45274,29/03/2008 00:00,10/08/2013 00:00,"50.62.233.1","50.62.233.0","US","com",12,1,3,21/11/2012 00:00,08/02/2013 00:00
49,"bearshare.net",639,1867,1,2,7723,287662,146340,04/03/2009 00:00,10/08/2013 00:00,"207.232.22.55","207.232.22.0","IL","net",12,11,2,18/05/2013 00:00,02/06/2013 00:00
50,"cntraveler.com",20770,20998,1,2,1368545,121781,81762,05/02/2008 00:00,10/08/2013 00:00,"217.212.246.32","217.212.246.0","SE","com",57,48,2,11/02/2013 00:00,21/03/2013 00:00
51,"vegasseven.com",1488,205701,1,2,3275043,261669,143578,25/02/2011 00:00,10/08/2013 00:00,"184.106.15.25","184.106.15.0","US","com",54,36,2,13/09/2012 00:00,17/06/2013 00:00
52,"lvol.com",11783,250786,1,2,1345030,634910,238534,15/01/2008 00:00,10/08/2013 00:00,"209.68.10.32","209.68.10.0","US","com",41,32,2,09/02/2013 00:00,14/02/2013 00:00
53,"travelnerd.com",731,264768,1,2,176115,9587,8824,17/09/2009 00:00,10/08/2013 00:00,"173.199.189.80","173.199.189.0","US","com",39,43,2,09/02/2013 00:00,12/02/2013 00:00
54,"newslookup.com",5740,309203,1,2,3521745,477414,233750,11/01/2008 00:00,10/08/2013 00:00,"24.187.209.10","24.187.209.0","US","com",40,25,2,03/04/2013 00:00,03/04/2013 00:00
55,"tattoosfromthesoul.com",11727,565930,1,2,100099,179721,61680,11/01/2008 00:00,10/08/2013 00:00,"64.202.163.4","64.202.163.0","US","com",40,16,2,14/06/2012 00:00,14/06/2012 00:00
56,"yourwestvalley.com",9876,699021,1,2,1564653,665179,205769,14/01/2008 00:00,10/08/2013 00:00,"192.104.182.209","192.104.182.0","US","com",36,35,2,09/02/2013 00:00,02/07/2013 00:00
57,"thestatedtruth.com",11307,837392,1,2,225358,75558,53300,02/01/2010 00:00,10/08/2013 00:00,"184.168.58.1","184.168.58.0","US","com",45,5,2,11/04/2012 00:00,27/08/2012 00:00
58,"backpainunitedstates.com",625,928947,1,2,19596,26962,14780,25/11/2010 00:00,10/08/2013 00:00,"184.173.193.62","184.173.193.0","US","com",28,2,2,14/06/2012 00:00,15/06/2012 00:00
59,"medicalmarijuanatennessee.net",382,-1,1,2,12038,4675,3941,06/02/2013 00:00,10/08/2013 00:00,"50.63.120.1","50.63.120.0","US","net",26,2,2,14/03/2013 00:00,08/08/2013 00:00
60,"desertcompanion.com",352,-1,1,2,300018,4783,3570,25/10/2011 00:00,10/08/2013 00:00,"66.209.79.122","66.209.79.0","US","com",32,31,2,13/01/2012 00:00,23/01/2012 00:00
61,"projectcarforum.com",1348,-1,1,2,10353,250147,114738,09/10/2010 00:00,10/08/2013 00:00,"208.87.35.103","208.87.35.0","BS","com",21,4,2,17/06/2012 00:00,17/06/2012 00:00
62,"preferredpublicrelations.com",439,-1,1,2,2547,1515,1031,18/01/2008 00:00,10/08/2013 00:00,"72.3.173.65","72.3.173.0","US","com",23,25,2,15/02/2013 00:00,24/02/2013 00:00
63,"preferredpr.com",186,-1,1,2,325,1248,703,16/02/2008 00:00,10/08/2013 00:00,"72.3.173.65","72.3.173.0","US","com",1,0,2,28/02/2013 00:00,28/02/2013 00:00
64,"wildhogs.se",130,-1,1,2,23864,2225,1793,15/06/2012 00:00,10/08/2013 00:00,"46.30.211.53","46.30.211.0","DK","se",21,2,2,02/03/2013 00:00,06/08/2013 00:00
65,"vegasnewschannel.com",585,-1,1,2,11879,533269,21606,13/02/2008 00:00,01/08/2013 00:00,"174.132.167.252","174.132.167.0","US","com",15,15,2,06/04/2012 00:00,06/04/2012 00:00
66,"gamerelax.ru",2784,-1,1,2,60175,174323,52506,14/02/2009 00:00,09/10/2012 00:00,"67.228.45.68","67.228.45.0","US","ru",10,8,2,08/04/2012 00:00,01/08/2012 00:00
67,"openvegas.com",5382,-1,1,2,1063877,2344800,628856,11/03/2008 00:00,10/08/2013 00:00,"216.92.43.76","216.92.43.0","US","com",46,29,2,13/02/2013 00:00,18/02/2013 00:00
68,"britani.ru",14956,-1,1,2,114062,158809,59954,09/01/2008 00:00,10/08/2013 00:00,"178.79.175.118","178.79.175.0","UK","ru",43,10,2,26/07/2012 00:00,26/07/2012 00:00
69,"natural-skincare-products.info",478,-1,1,2,23287,4969,2260,10/04/2011 00:00,09/02/2013 00:00,"216.172.170.48","216.172.170.0","US","info",9,0,2,16/05/2012 00:00,31/12/2012 00:00
70,"desertcompanion.org",34,-1,1,2,16859,1755,1552,09/11/2010 00:00,10/07/2013 00:00,"66.209.79.122","66.209.79.0","US","org",21,21,2,12/01/2012 00:00,12/01/2012 00:00
71,"weeklyseven.com",2700,-1,1,2,574600,156000,48054,07/03/2010 00:00,01/08/2013 00:00,"184.168.221.1","184.168.221.0","US","com",29,30,2,31/05/2012 00:00,24/07/2013 00:00
72,"medicalmarijuanamissouri.net",351,-1,1,2,4751,4558,3804,17/12/2010 00:00,10/08/2013 00:00,"50.63.120.1","50.63.120.0","US","net",25,4,2,21/04/2013 00:00,23/07/2013 00:00
73,"angstweg.nl",27577,-1,1,2,348275,99915,39655,31/01/2008 00:00,10/08/2013 00:00,"81.30.65.151","81.30.65.0","NL","nl",39,11,2,22/04/2012 00:00,22/04/2012 00:00
74,"las-vegas-strip-map.com",52,-1,1,2,145,785,359,14/03/2012 00:00,27/07/2013 00:00,"184.168.40.1","184.168.40.0","US","com",5,0,2,14/02/2013 00:00,20/02/2013 00:00
75,"childbook.com",8049,-1,1,2,77668,33091,19340,16/01/2008 00:00,10/08/2013 00:00,"198.246.58.72","198.246.58.0","US","com",36,33,2,29/12/2012 00:00,04/01/2013 00:00
76,"golfstrim.net",28154,-1,1,2,383926,985025,229404,26/04/2008 00:00,10/08/2013 00:00,"178.162.182.163","178.162.182.0","DE","net",48,9,2,29/04/2012 00:00,29/04/2012 00:00
77,"forumgratis.biz",40472,-1,1,2,1100308,439963,190978,16/01/2008 00:00,09/08/2013 00:00,"62.75.235.160","62.75.235.0","DE","biz",28,9,2,06/05/2012 00:00,06/05/2012 00:00
78,"feedburner.com",2655894,833,1,1,8364787334,293875507,23259771,09/01/2008 00:00,10/08/2013 00:00,"74.125.225.128","74.125.225.0","US","com",92,91,1,29/01/2012 00:00,29/01/2012 00:00
79,"noticias24.com",22484,1231,1,1,1989481,964957,400087,10/01/2008 00:00,10/08/2013 00:00,"173.203.146.195","173.203.146.0","US","com",58,34,1,13/06/2012 00:00,13/06/2012 00:00
80,"bearshare.com",38741,2481,1,1,3787385,753462,247679,18/01/2008 00:00,10/08/2013 00:00,"207.232.22.55","207.232.22.0","IL","com",45,34,1,29/06/2013 00:00,29/06/2013 00:00
81,"philly.com",401795,3140,1,1,49914522,22156987,1945963,09/01/2008 00:00,10/08/2013 00:00,"68.232.35.229","68.232.35.0","US","com",63,51,1,08/02/2013 00:00,08/02/2013 00:00
82,"tbo.com",212620,17985,1,1,48655915,9705350,1711415,09/01/2008 00:00,10/08/2013 00:00,"205.217.182.69","205.217.182.0","US","com",57,57,1,09/02/2013 00:00,10/02/2013 00:00
83,"tennessean.com",210110,21713,1,1,14948456,4720028,1456891,09/01/2008 00:00,10/08/2013 00:00,"23.34.84.71","23.34.84.0","US","com",63,58,1,09/02/2013 00:00,15/02/2013 00:00
84,"nerdwallet.com",15560,23223,1,1,1393765,196055,104469,11/08/2009 00:00,10/08/2013 00:00,"173.199.189.80","173.199.189.0","US","com",54,44,1,20/06/2013 00:00,01/07/2013 00:00
85,"courier-journal.com",156371,24882,1,1,10269071,3001600,1286913,10/01/2008 00:00,10/08/2013 00:00,"23.67.4.71","23.67.4.0","US","com",59,46,1,14/02/2013 00:00,14/02/2013 00:00
86,"pressofatlanticcity.com",78967,52404,1,1,3054826,8932895,959180,09/01/2008 00:00,10/08/2013 00:00,"192.104.182.209","192.104.182.0","US","com",53,54,1,08/02/2013 00:00,08/02/2013 00:00
87,"timesleader.com",100752,61129,1,1,13266411,18133161,1343597,09/01/2008 00:00,10/08/2013 00:00,"108.162.206.94","108.162.206.0","US","com",49,49,1,08/02/2013 00:00,08/02/2013 00:00
88,"therepublic.com",56557,62844,1,1,2886449,1333374,442542,03/02/2008 00:00,10/08/2013 00:00,"198.101.144.12","198.101.144.0","US","com",45,50,1,08/02/2013 00:00,08/02/2013 00:00
89,"mediapool.bg",19206,79270,1,1,3767096,800966,378647,24/01/2008 00:00,10/08/2013 00:00,"193.194.140.19","193.194.140.0","BG","bg",47,45,1,30/07/2012 00:00,25/05/2013 00:00
90,"thestarphoenix.com",37961,93686,1,1,8105525,3629074,1446711,03/02/2008 00:00,10/08/2013 00:00,"208.47.254.82","208.47.254.0","US","com",52,51,1,08/02/2013 00:00,08/02/2013 00:00
91,"eastvalleytribune.com",91135,94126,1,1,11868243,26069279,1973571,11/01/2008 00:00,10/08/2013 00:00,"192.104.182.209","192.104.182.0","US","com",48,49,1,09/02/2013 00:00,13/04/2013 00:00
92,"webspace.ne.jp",5391,108545,1,1,1220048,1537713,724642,25/01/2008 00:00,01/07/2013 00:00,"133.242.193.16","133.242.193.0","JP","jp",32,28,1,27/11/2012 00:00,19/02/2013 00:00
93,"inout-search-ultimate.com",306,120944,1,1,3158,3341634,362937,11/04/2010 00:00,10/08/2013 00:00,"98.129.229.148","98.129.229.0","US","com",18,12,1,03/03/2012 00:00,03/03/2012 00:00
94,"thespectrum.com",49680,152020,1,1,6729670,792838,556458,10/01/2008 00:00,10/08/2013 00:00,"23.13.164.71","23.13.164.0","US","com",47,47,1,13/02/2013 00:00,21/02/2013 00:00
95,"moresiteslike.net",772,264803,1,1,34746,2638641,177623,16/03/2013 00:00,08/07/2013 00:00,"213.174.158.140","213.174.158.0","US","net",20,15,1,09/06/2013 00:00,09/06/2013 00:00
96,"ie7pro.com",36085,268730,1,1,6646312,1090849,346842,10/01/2008 00:00,10/08/2013 00:00,"184.172.2.123","184.172.2.0","US","com",40,40,1,08/08/2012 00:00,08/08/2012 00:00
97,"facesaerch.com",6325,302411,1,1,291007,3743785,953669,16/08/2008 00:00,10/08/2013 00:00,"46.30.211.54","46.30.211.0","DK","com",34,30,1,07/02/2013 00:00,07/02/2013 00:00
98,"hawaiitribune-herald.com",22043,309908,1,1,1431857,19767916,1301221,09/02/2008 00:00,10/08/2013 00:00,"184.169.178.1","184.169.178.0","US","com",48,43,1,25/07/2013 00:00,25/07/2013 00:00
99,"dailyjournal.net",14242,408900,1,1,865788,1084861,358828,11/10/2008 00:00,10/08/2013 00:00,"74.52.139.18","74.52.139.0","US","net",46,34,1,07/02/2013 00:00,07/02/2013 00:00
100,"tribtown.com",25544,409329,1,1,699132,15477948,1165213,07/02/2008 00:00,10/08/2013 00:00,"50.57.202.53","50.57.202.0","US","com",25,27,1,08/02/2013 00:00,08/02/2013 00:00
101,"epu.edu.vn",10626,556270,1,1,328726,58055514,2571887,24/01/2008 00:00,10/08/2013 00:00,"112.213.89.95","112.213.89.0","VN","vn",28,21,1,22/03/2012 00:00,22/03/2012 00:00
102,"cityzapper.nl",4583,714943,1,1,1230646,139886,102564,09/01/2008 00:00,10/08/2013 00:00,"87.253.139.42","87.253.139.0","NL","nl",47,23,1,14/04/2013 00:00,18/07/2013 00:00
103,"faceoff.com",8526,892783,1,1,2013565,322155,240713,09/01/2008 00:00,10/08/2013 00:00,"23.67.243.24","23.67.243.0","US","com",41,42,1,20/04/2013 00:00,20/04/2013 00:00
104,"burnabynow.com",6065,916956,1,1,533699,436377,276934,28/01/2008 00:00,10/08/2013 00:00,"23.65.181.99","23.65.181.0","US","com",49,43,1,04/06/2013 00:00,04/06/2013 00:00
105,"alivincent.com",3751,936911,1,1,42750,28140,9911,17/09/2009 00:00,10/08/2013 00:00,"97.74.215.148","97.74.215.0","US","com",26,15,1,04/04/2012 00:00,04/04/2012 00:00
106,"straightlinetravel.com",2586,-1,1,1,362337,53120,32318,14/11/2008 00:00,03/07/2013 00:00,"54.246.121.183","54.246.121.0","IE","com",29,6,1,08/02/2013 00:00,10/06/2013 00:00
107,"ktph.org",66,-1,1,1,197,11822,8767,28/01/2008 00:00,09/08/2013 00:00,"66.209.79.122","66.209.79.0","US","org",6,0,1,06/02/2013 00:00,06/02/2013 00:00
108,"knpraudio.org",190,-1,1,1,24507,655,15,26/01/2011 00:00,07/08/2013 00:00,"66.209.79.122","66.209.79.0","US","org",17,27,1,09/02/2013 00:00,24/02/2013 00:00
109,"cityzapper.be",274,-1,1,1,15614,38708,28998,27/01/2008 00:00,09/08/2013 00:00,"87.253.139.38","87.253.139.0","NL","be",32,14,1,27/05/2013 00:00,26/07/2013 00:00
110,"echocardiology.org",793,-1,1,1,437799,3759295,1351575,27/01/2008 00:00,05/02/2013 00:00,"216.172.172.110","216.172.172.0","US","org",10,14,1,16/05/2012 00:00,16/05/2012 00:00
111,"arts4nevada.org",265,-1,1,1,51182,11319,8002,09/04/2008 00:00,09/08/2013 00:00,"50.116.11.136","50.116.11.0","US","org",25,27,1,07/07/2013 00:00,07/07/2013 00:00
112,"freelikeabeer.com",149,-1,1,1,417,7768,4481,23/02/2013 00:00,01/08/2013 00:00,"50.21.179.41","50.21.179.0","US","com",7,0,1,10/07/2012 00:00,10/07/2012 00:00
113,"grouchyjohns.com",84,-1,1,1,559,462,386,28/05/2011 00:00,10/08/2013 00:00,"66.117.4.177","66.117.4.0","US","com",17,23,1,13/02/2013 00:00,23/02/2013 00:00
114,"horizonwebmarketing.com",99,-1,1,1,783,271,226,19/02/2013 00:00,31/07/2013 00:00,"174.122.114.254","174.122.114.0","US","com",19,9,1,09/02/2013 00:00,30/06/2013 00:00
115,"sibernetik.net",1088,-1,1,1,9894,180622,69732,01/03/2008 00:00,10/08/2013 00:00,"208.109.78.143","208.109.78.0","US","net",26,8,1,06/08/2013 00:00,06/08/2013 00:00
116,"negaheno.net",929,-1,1,1,20777,18287,9867,27/06/2008 00:00,10/08/2013 00:00,"65.254.250.109","65.254.250.0","US","net",26,8,1,29/05/2013 00:00,29/05/2013 00:00
117,"mullerovi.net",110,-1,1,1,1289,26536,17184,27/01/2008 00:00,14/08/2012 00:00,"69.43.161.167","69.43.161.0","US","net",13,9,1,25/07/2012 00:00,25/07/2012 00:00
118,"inforetail.com",239,-1,1,1,2870,2164,1480,16/08/2010 00:00,10/08/2013 00:00,"205.147.208.251","205.147.208.0","US","com",14,16,1,14/06/2013 00:00,14/06/2013 00:00
119,"medicalmarijuanatexas.net",72,-1,1,1,508,4443,3930,24/02/2013 00:00,10/08/2013 00:00,"50.63.120.1","50.63.120.0","US","net",16,2,1,24/02/2013 00:00,23/07/2013 00:00
120,"chilliwacktimes.com",5477,-1,1,1,282998,463898,267350,12/01/2008 00:00,10/08/2013 00:00,"69.31.58.153","69.31.58.0","US","com",46,29,1,03/06/2013 00:00,03/06/2013 00:00
121,"irspeedvpn.com",4084,-1,1,1,36136,9240,3149,09/11/2008 00:00,26/06/2012 00:00,"209.236.117.61","209.236.117.0","US","com",10,4,1,28/03/2012 00:00,28/03/2012 00:00
122,"chirobevel.be",3293,-1,1,1,16202,188555,55046,28/10/2009 00:00,10/08/2013 00:00,"46.30.211.54","46.30.211.0","DK","be",29,9,1,10/05/2012 00:00,10/05/2012 00:00
123,"medicalmarijuanaiowa.org",67,-1,1,1,457,4049,3485,19/06/2012 00:00,10/08/2013 00:00,"50.63.120.1","50.63.120.0","US","org",16,0,1,16/07/2013 00:00,16/07/2013 00:00
124,"medicalmarijuanamaryland.org",121,-1,1,1,799,4393,3758,19/06/2012 00:00,10/08/2013 00:00,"50.63.120.1","50.63.120.0","US","org",19,0,1,14/07/2013 00:00,14/07/2013 00:00
125,"medicalmarijuanamississippi.org",63,-1,1,1,518,4119,3715,04/03/2013 00:00,10/08/2013 00:00,"50.63.120.1","50.63.120.0","US","org",15,0,1,09/08/2013 00:00,09/08/2013 00:00
126,"taze.us",301,-1,1,1,2726,3267,1368,18/08/2010 00:00,10/08/2013 00:00,"173.236.128.85","173.236.128.0","US","us",19,2,1,25/07/2012 00:00,25/07/2012 00:00
127,"cichlid.gen.tr",238,-1,1,1,59019,21605,7462,21/10/2009 00:00,31/07/2013 00:00,"37.18.177.131","37.18.177.0","US","tr",12,9,1,15/04/2013 00:00,27/07/2013 00:00
128,"nappo.su",1856,-1,1,1,8621,11683,1938,16/02/2010 00:00,02/10/2012 00:00,"31.31.204.60","31.31.204.0","RU","su",11,4,1,25/07/2012 00:00,25/07/2012 00:00
129,"pdrustvo-tam.si",1782,-1,1,1,17236,44027,23850,25/01/2008 00:00,31/05/2012 00:00,"69.56.131.82","69.56.131.0","US","si",13,10,1,17/03/2012 00:00,17/03/2012 00:00
130,"digitaleveryware.com",94,-1,1,1,1080,203,134,10/02/2008 00:00,09/08/2013 00:00,"75.101.131.132","75.101.131.0","US","com",14,14,1,30/01/2012 00:00,30/01/2012 00:00
131,"rfidnordic.se",4482,-1,1,1,29705,44794,7260,28/01/2010 00:00,10/08/2013 00:00,"217.198.155.45","217.198.155.0","SE","se",18,10,1,17/02/2012 00:00,17/02/2012 00:00
132,"telecomtrading.ru",3567,-1,1,1,20433,194326,122950,21/02/2010 00:00,10/08/2013 00:00,"77.222.40.21","77.222.40.0","RU","ru",38,4,1,28/03/2012 00:00,28/03/2012 00:00
133,"s-and-e.ru",5021,-1,1,1,34558,187261,85836,11/12/2009 00:00,10/08/2013 00:00,"195.208.0.110","195.208.0.0","RU","ru",24,9,1,01/08/2012 00:00,21/12/2012 00:00
134,"conocimientoyhabilidades.com",18257,-1,1,1,203145,80473,28693,07/03/2010 00:00,10/08/2013 00:00,"82.223.216.202","82.223.216.0","ES","com",24,6,1,13/06/2012 00:00,13/06/2012 00:00
135,"duraskinindonesia.com",3920,-1,1,1,22612,22560,7135,18/09/2009 00:00,07/08/2013 00:00,"119.235.255.70","119.235.255.0","ID","com",16,4,1,10/07/2012 00:00,10/07/2012 00:00
136,"corabiaforum.ro",35,-1,1,1,85,73053,31921,18/06/2012 00:00,10/08/2013 00:00,"81.18.86.3","81.18.86.0","RO","ro",12,0,1,13/07/2013 00:00,13/07/2013 00:00
137,"olsztynskiemorsy.pl",1400,-1,1,1,12149,78532,18245,17/11/2010 00:00,10/08/2013 00:00,"46.229.151.194","46.229.151.0","PL","pl",23,16,1,21/05/2012 00:00,15/04/2013 00:00
138,"gsmhelp.pl",1152,-1,1,1,71161,90059,39319,05/06/2009 00:00,10/08/2013 00:00,"176.9.95.8","176.9.95.0","DE","pl",23,7,1,23/07/2013 00:00,23/07/2013 00:00
139,"ozpersia.com.au",980,-1,1,1,5665,110262,51398,28/10/2008 00:00,04/12/2012 00:00,"112.140.178.217","112.140.178.0","AU","au",8,1,1,13/04/2012 00:00,13/04/2012 00:00
140,"e-daralhuda.com",848,-1,1,1,3067,128946,50425,03/11/2011 00:00,10/08/2013 00:00,"173.201.0.128","173.201.0.0","US","com",18,5,1,07/07/2013 00:00,07/07/2013 00:00
141,"shilova.org",8489,-1,1,1,182319,34509,21707,11/11/2010 00:00,10/08/2013 00:00,"91.209.206.54","91.209.206.0","UA","org",23,14,1,14/04/2013 00:00,14/04/2013 00:00
142,"nakous.org",8492,-1,1,1,51692,427862,152951,24/05/2009 00:00,10/08/2013 00:00,"66.96.134.61","66.96.134.0","US","org",11,1,1,03/06/2013 00:00,03/06/2013 00:00
143,"medicalmarijuanatexas.org",119,-1,1,1,759,5313,4185,27/02/2013 00:00,10/08/2013 00:00,"50.63.120.1","50.63.120.0","US","org",21,2,1,20/03/2013 00:00,09/08/2013 00:00
144,"eliteflashgame.com",16,-1,1,1,37,1086,1079,29/05/2013 00:00,10/08/2013 00:00,"50.63.40.1","50.63.40.0","US","com",10,1,1,13/07/2013 00:00,13/07/2013 00:00
145,"jamesadamselectric.com",687,-1,1,1,12957,21168,19773,21/06/2012 00:00,10/08/2013 00:00,"184.168.139.1","184.168.139.0","US","com",25,3,1,16/03/2013 00:00,14/07/2013 00:00
146,"lasvegasmirror.com",52,-1,1,1,324,1618,1255,10/11/2010 00:00,13/09/2012 00:00,"76.12.127.4","76.12.127.0","US","com",7,11,1,13/09/2012 00:00,13/09/2012 00:00
147,"lgl20th.net",1526,-1,1,1,8997,24868,6287,01/12/2008 00:00,10/08/2013 00:00,"82.165.95.94","82.165.95.0","DE","net",13,1,1,26/04/2012 00:00,26/04/2012 00:00
148,"mahmudesadcosan.biz",2414,-1,1,1,26964,328899,47906,04/12/2011 00:00,10/08/2013 00:00,"176.53.43.199","176.53.43.0","TR","biz",27,10,1,08/05/2012 00:00,08/05/2012 00:00
149,"oujforum.com",1073,-1,1,1,6509,3382512,75280,21/11/2010 00:00,26/12/2012 00:00,"67.215.66.132","67.215.66.0","US","com",11,2,1,13/06/2012 00:00,13/06/2012 00:00
150,"pendletontimespost.com",186,-1,1,1,247957,447234,133714,14/10/2011 00:00,10/08/2013 00:00,"74.52.139.23","74.52.139.0","US","com",24,27,1,22/02/2013 00:00,22/02/2013 00:00
151,"alarabia-traveltours.com",752,-1,1,1,10577,273961,79865,17/09/2010 00:00,10/08/2013 00:00,"210.5.47.102","210.5.47.0","MY","com",18,2,1,21/06/2012 00:00,21/06/2012 00:00
152,"perkymomsvids.com",2719,-1,1,1,38362,7750,4283,30/01/2008 00:00,10/08/2013 00:00,"74.117.179.23","74.117.179.0","US","com",23,6,1,14/07/2012 00:00,14/07/2012 00:00
153,"aqardaily.com",678,-1,1,1,4102,461554,162498,08/06/2010 00:00,10/08/2013 00:00,"64.74.223.43","64.74.223.0","US","com",15,1,1,13/05/2012 00:00,13/05/2012 00:00
154,"asianpacificnews.com",203,-1,1,1,21028,40893,32337,07/11/2012 00:00,10/08/2013 00:00,"173.201.1.128","173.201.1.0","US","com",26,10,1,23/07/2013 00:00,23/07/2013 00:00
155,"tutuz.com",2669,-1,1,1,19821,601021,183462,19/08/2008 00:00,10/08/2013 00:00,"69.89.31.184","69.89.31.0","US","com",20,16,1,10/11/2012 00:00,10/11/2012 00:00
156,"tuninghell.com",5173,-1,1,1,47131,418394,100703,09/07/2010 00:00,10/08/2013 00:00,"176.9.23.121","176.9.23.0","DE","com",43,6,1,24/06/2013 00:00,24/06/2013 00:00
157,"adult-psp.com",963,-1,1,1,18970,53859,39899,07/03/2008 00:00,10/08/2013 00:00,"66.254.117.17","66.254.117.0","US","com",26,8,1,05/07/2012 00:00,19/10/2012 00:00
158,"pigletsquid.com",53,-1,1,1,308,2058,85,13/12/2011 00:00,10/08/2013 00:00,"67.23.166.25","67.23.166.0","US","com",13,0,1,20/06/2012 00:00,20/06/2012 00:00
159,"assarat.com",917,-1,1,1,5996,130228,17913,03/10/2012 00:00,10/08/2013 00:00,"184.172.59.83","184.172.59.0","US","com",26,6,1,04/07/2013 00:00,04/07/2013 00:00
160,"russwhiterealtor.com",28,-1,1,1,223,806,635,17/03/2013 00:00,10/08/2013 00:00,"69.89.31.167","69.89.31.0","US","com",9,0,1,28/02/2013 00:00,09/07/2013 00:00
161,"sanjosecatholicschool83.com",2600,-1,1,1,11660,212899,49162,03/11/2010 00:00,10/08/2013 00:00,"74.220.199.6","74.220.199.0","US","com",14,5,1,17/05/2012 00:00,17/05/2012 00:00
162,"balloonamalsbyamy.com",532,-1,1,1,4683,145,114,02/11/2010 00:00,21/06/2012 00:00,"184.168.59.1","184.168.59.0","US","com",14,2,1,21/06/2012 00:00,21/06/2012 00:00
163,"ttbtntt.com.vn",26650,-1,1,1,381336,146505,54951,23/02/2008 00:00,10/08/2013 00:00,"173.236.158.199","173.236.158.0","US","vn",55,14,1,23/06/2013 00:00,23/06/2013 00:00
164,"seattletimes.com",102195,-1,1,1,16875676,3145028,1190985,12/01/2008 00:00,10/08/2013 00:00,"23.15.7.155","23.15.7.0","US","com",74,64,1,17/06/2013 00:00,17/06/2013 00:00
165,"thecleansingstory.com",104,-1,1,1,714,986,477,02/04/2008 00:00,10/08/2013 00:00,"208.97.136.200","208.97.136.0","US","com",11,14,1,03/07/2012 00:00,03/07/2012 00:00
166,"assistirbbbonline.com",456,-1,1,1,7494,96961,44513,21/06/2012 00:00,14/07/2013 00:00,"46.17.100.250","46.17.100.0","RU","com",16,4,1,15/06/2013 00:00,15/06/2013 00:00
167,"richmond-news.com",4214,-1,1,1,245314,325603,208761,17/01/2008 00:00,10/08/2013 00:00,"62.154.232.82","62.154.232.0","DE","com",46,40,1,01/06/2013 00:00,01/06/2013 00:00
168,"suntw.com",667,-1,1,1,8508,93255,26176,24/12/2009 00:00,17/07/2013 00:00,"199.59.243.108","199.59.243.0","US","com",18,26,1,04/07/2012 00:00,04/07/2012 00:00
169,"abbotsfordtimes.com",38257,-1,1,1,935550,648923,364449,04/02/2008 00:00,10/08/2013 00:00,"23.67.250.122","23.67.250.0","US","com",40,29,1,06/08/2013 00:00,06/08/2013 00:00
170,"noiraufeminin.com",6507,-1,1,1,168381,78736,25430,08/03/2008 00:00,05/08/2013 00:00,"87.98.140.31","87.98.140.0","FR","com",43,15,1,14/07/2012 00:00,14/07/2012 00:00
171,"islamickorner.net",1669,-1,1,1,49730,567941,174159,01/06/2011 00:00,10/08/2013 00:00,"206.253.167.162","206.253.167.0","US","net",30,9,1,26/04/2012 00:00,26/04/2012 00:00
172,"hotel-king.net",11982,-1,1,1,122701,94827,48356,31/01/2008 00:00,09/08/2013 00:00,"207.45.188.62","207.45.188.0","US","net",36,5,1,01/08/2012 00:00,01/08/2012 00:00
173,"cherdakli.com",4714,-1,1,1,80392,326568,52203,12/03/2008 00:00,10/08/2013 00:00,"178.250.241.75","178.250.241.0","RU","com",24,11,1,31/03/2013 00:00,31/03/2013 00:00
174,"medicalmarijuanamassachusetts.com",229,-1,1,1,1535,5193,4643,28/02/2013 00:00,10/08/2013 00:00,"50.63.120.1","50.63.120.0","US","com",23,2,1,30/04/2013 00:00,20/07/2013 00:00
175,"gravidafeliz.com.br",3732,-1,1,1,34603,161058,43661,22/07/2009 00:00,10/08/2013 00:00,"187.45.210.113","187.45.210.0","BR","br",35,6,1,05/02/2012 00:00,05/02/2012 00:00
176,"mrcoolsboutique.com",838,-1,1,1,6069,11786,5838,30/10/2010 00:00,25/05/2013 00:00,"66.147.244.189","66.147.244.0","US","com",13,1,1,29/06/2012 00:00,29/06/2012 00:00
177,"50pm.net",229,-1,1,1,14018,79,72,30/01/2011 00:00,21/01/2012 00:00,"208.73.210.214","208.73.210.0","US","net",11,8,1,29/04/2012 00:00,29/04/2012 00:00
178,"mrtimes.com",1995,-1,1,1,218304,523763,302808,17/01/2008 00:00,10/08/2013 00:00,"213.198.95.154","213.198.95.0","DE","com",36,29,1,01/06/2013 00:00,01/06/2013 00:00
179,"visitlongisland.com",0,-1,1,1,0,146170,146170,06/01/2011 00:00,31/07/2013 00:00,"66.54.17.120","66.54.17.0","US","com",0,0,1,08/02/2013 00:00,08/02/2013 00:00
180,"4myhometown.com",936,-1,1,1,28979,1947,1866,19/06/2012 00:00,10/08/2013 00:00,"184.168.249.1","184.168.249.0","US","com",21,6,1,25/07/2012 00:00,25/07/2012 00:00
181,"michelafanfarillo.it",1857,-1,1,1,9982,23188,6307,31/12/2011 00:00,10/08/2013 00:00,"217.73.226.115","217.73.226.0","IT","it",27,7,1,13/04/2013 00:00,17/07/2013 00:00
182,"mygiveawaytoday.com",2579,-1,1,1,71727,13439,6021,07/03/2010 00:00,10/08/2013 00:00,"74.220.199.6","74.220.199.0","US","com",18,11,1,23/10/2012 00:00,23/10/2012 00:00
183,"artsorcrafts.info",57,-1,1,1,808,117014,41671,26/02/2013 00:00,18/04/2013 00:00,"50.116.98.99","50.116.98.0","US","info",1,0,1,27/02/2013 00:00,27/02/2013 00:00
184,"bestintravelnews.com",38,-1,1,1,3653,56542,42414,24/02/2013 00:00,31/07/2013 00:00,"50.116.99.132","50.116.99.0","US","com",16,3,1,09/03/2013 00:00,09/03/2013 00:00
185,"praxishomepage.de",600,-1,1,1,6681,20800,14226,20/01/2008 00:00,10/08/2013 00:00,"85.236.48.180","85.236.48.0","DE","de",25,19,1,19/04/2013 00:00,17/07/2013 00:00
186,"jcpanzerfaust.de",10511,-1,1,1,58913,89956,17596,09/12/2009 00:00,10/08/2013 00:00,"94.100.20.12","94.100.20.0","NL","de",30,5,1,04/05/2012 00:00,04/05/2012 00:00
187,"newsdayinc.com",8,-1,1,1,15,109559,109558,05/01/2011 00:00,31/07/2013 00:00,"66.54.17.120","66.54.17.0","US","com",0,0,1,08/02/2013 00:00,08/02/2013 00:00
188,"xn----zmcadgb9a5d4fdcm5b.com",2025,-1,1,1,3263279,67798,33019,21/01/2011 00:00,10/08/2013 00:00,"46.4.54.202","46.4.54.0","DE","com",30,12,1,14/06/2012 00:00,14/06/2012 00:00
189,"musikktropp.com",7576,-1,1,1,113901,55365,17240,24/01/2010 00:00,08/05/2013 00:00,"46.30.211.47","46.30.211.0","DK","com",19,3,1,27/07/2012 00:00,27/07/2012 00:00
190,"delta-optimist.com",40235,-1,1,1,1043086,616685,382801,14/01/2008 00:00,10/08/2013 00:00,"64.208.159.42","64.208.159.0","US","com",47,29,1,08/06/2013 00:00,08/06/2013 00:00
