"Position","Domain","RefDomains","AlexaRank","Matches","MatchedLinks","ExtBackLinks","IndexedURLs","CrawledURLs","FirstCrawled","LastSuccessfulCrawl","IP","SubNet","CountryCode","TLD","CitationFlow","TrustFlow","BackLinks_coppercreekconst.com","FirstLinkDate_coppercreekconst.com","LastLinkDate_coppercreekconst.com"
1,"urmyanmar.com",106,-1,1,599,1821,73776,30442,04/04/2009 00:00,10/08/2013 00:00,"50.31.95.104","50.31.95.0","US","com",22,5,599,06/05/2013 00:00,06/05/2013 00:00
2,"addgoodsites.com",3950,21070,1,276,4392366,1371246,307695,14/02/2008 00:00,10/08/2013 00:00,"198.58.92.228","198.58.92.0","US","com",34,17,276,03/06/2013 00:00,03/06/2013 00:00
3,"press-release-distribution.net",3579,553898,1,83,71887,151458,111283,30/11/2008 00:00,10/08/2013 00:00,"67.192.87.177","67.192.87.0","US","net",31,12,83,21/08/2012 00:00,21/08/2012 00:00
4,"sirenschronicles.com",2609,-1,1,55,448797,19710,15988,02/02/2008 00:00,10/08/2013 00:00,"46.167.15.135","46.167.15.0","DE","com",23,20,55,15/01/2010 00:00,15/01/2010 00:00
5,"reviewjournal.com",61959,18833,1,47,45379356,57215594,2545354,09/01/2008 00:00,10/08/2013 00:00,"54.245.88.31","54.245.88.0","US","com",72,62,47,18/03/2010 00:00,18/03/2010 00:00
6,"iammommy.net",147,-1,1,32,20876,10330,10001,21/01/2011 00:00,14/04/2011 00:00,"174.120.80.60","174.120.80.0","US","net",10,8,32,07/02/2011 00:00,07/02/2011 00:00
7,"birectory.com",2954,192269,1,30,372229,2660776,166443,13/10/2011 00:00,10/08/2013 00:00,"176.9.90.237","176.9.90.0","DE","com",23,18,30,18/09/2012 00:00,29/11/2012 00:00
8,"textbookrevolution.org",10393,644462,1,30,176308,1540766,416018,24/01/2008 00:00,10/08/2013 00:00,"68.233.169.47","68.233.169.0","US","org",38,34,30,08/05/2013 00:00,10/05/2013 00:00
9,"yellowhours.com",2838,285602,1,29,199001,4609606,949207,18/06/2009 00:00,10/08/2013 00:00,"50.62.240.1","50.62.240.0","US","com",28,18,29,21/06/2012 00:00,06/08/2012 00:00
10,"postsclassifieds.com",741,-1,1,24,4576,61858,31750,03/05/2013 00:00,10/08/2013 00:00,"","","","com",13,5,24,04/05/2013 00:00,04/05/2013 00:00
11,"cityfos.com",2710,151283,1,23,404048,3566749,236142,21/05/2011 00:00,25/07/2013 00:00,"210.116.103.222","210.116.103.0","KR","com",17,9,23,22/06/2012 00:00,24/06/2012 00:00
12,"8newsnow.com",45348,53913,1,22,1419613,812391,434404,09/04/2010 00:00,10/08/2013 00:00,"208.47.254.80","208.47.254.0","US","com",57,39,22,21/12/2011 00:00,19/01/2012 00:00
13,"alfal2011alcala.com",136,-1,1,21,811,1357,1310,14/06/2012 00:00,10/08/2013 00:00,"174.37.172.69","174.37.172.0","US","com",25,12,21,31/05/2013 00:00,01/06/2013 00:00
14,"iphonehacks.com",21054,19925,1,20,2697138,513601,188754,25/01/2008 00:00,10/08/2013 00:00,"198.74.56.204","198.74.56.0","US","com",46,33,20,10/12/2010 00:00,15/04/2011 00:00
15,"bizsheet.com",1186,148385,1,16,10047,73487,54168,05/11/2011 00:00,10/08/2013 00:00,"72.15.54.219","72.15.54.0","CA","com",29,13,16,12/07/2012 00:00,12/07/2012 00:00
16,"stonecoldpipes.com",73,-1,1,16,986,1092,1055,28/05/2013 00:00,10/08/2013 00:00,"","","","com",23,1,16,31/05/2013 00:00,13/06/2013 00:00
17,"planchasdepeloghd.net",85,-1,1,15,1164,1409,1376,22/02/2013 00:00,10/08/2013 00:00,"68.65.228.165","68.65.228.0","US","net",19,4,15,17/05/2013 00:00,30/06/2013 00:00
18,"imevlos.com",146,-1,1,14,29983,2039,1721,11/04/2011 00:00,09/08/2013 00:00,"69.162.177.74","69.162.177.0","US","com",23,5,14,06/05/2013 00:00,08/05/2013 00:00
19,"domainnamesseo.com",1020,29312,1,13,3544103,68265,41654,17/02/2013 00:00,10/08/2013 00:00,"198.58.92.228","198.58.92.0","US","com",32,15,13,30/06/2013 00:00,30/06/2013 00:00
20,"egtheatre.com",326,-1,1,13,34480,78933,19846,08/11/2008 00:00,10/08/2013 00:00,"208.87.35.103","208.87.35.0","BS","com",18,6,13,12/05/2010 00:00,12/05/2010 00:00
21,"crystalspace3d.net",31,-1,1,13,213,128265,74120,25/01/2008 00:00,10/08/2013 00:00,"217.115.131.45","217.115.131.0","DE","net",7,10,13,24/04/2013 00:00,25/04/2013 00:00
22,"pedrowp.com",84,-1,1,13,724,1448,1394,26/05/2013 00:00,10/08/2013 00:00,"50.31.89.80","50.31.89.0","US","com",27,10,13,19/04/2013 00:00,30/06/2013 00:00
23,"rivenditavideogiochi.com",98,-1,1,13,1500,11163,2819,29/05/2009 00:00,10/08/2013 00:00,"74.80.153.3","74.80.153.0","US","com",24,4,13,05/05/2013 00:00,14/05/2013 00:00
24,"onlineflightsbook.info",77,-1,1,13,399,34498,31215,24/05/2013 00:00,10/08/2013 00:00,"","","","info",15,19,13,24/05/2013 00:00,26/05/2013 00:00
25,"northernsounds.com",7171,245304,1,12,146482,1586158,325614,09/01/2008 00:00,10/08/2013 00:00,"67.222.158.20","67.222.158.0","US","com",35,38,12,20/05/2013 00:00,20/05/2013 00:00
26,"crystalspace3d.com",67,-1,1,12,882,351379,97467,28/01/2008 00:00,10/08/2013 00:00,"217.115.131.45","217.115.131.0","DE","com",13,5,12,03/05/2013 00:00,21/05/2013 00:00
27,"ndubzfans.com",147,-1,1,12,9854,20119,4442,29/10/2011 00:00,10/08/2013 00:00,"68.65.243.251","68.65.243.0","US","com",23,16,12,17/05/2013 00:00,24/05/2013 00:00
28,"rivenditacellulari.com",92,-1,1,12,338,14750,2681,22/12/2008 00:00,10/08/2013 00:00,"74.80.163.125","74.80.163.0","US","com",22,12,12,04/05/2013 00:00,04/05/2013 00:00
29,"homeaward.com",569,-1,1,12,18092,53452,27503,15/01/2008 00:00,10/08/2013 00:00,"208.92.166.188","208.92.166.0","US","com",27,41,12,07/07/2012 00:00,13/08/2012 00:00
30,"blinklist.com",789701,4299,1,11,1578844847,433442971,5012569,09/01/2008 00:00,10/08/2013 00:00,"107.20.201.138","107.20.201.0","US","com",68,51,11,29/11/2009 00:00,03/11/2010 00:00
31,"michaelmilesband.com",59,-1,1,11,300,1030,992,12/02/2008 00:00,10/08/2013 00:00,"208.117.29.73","208.117.29.0","US","com",23,1,11,24/04/2013 00:00,01/05/2013 00:00
32,"onlinesbookinghotel.info",69,-1,1,11,372,46264,42193,04/05/2013 00:00,10/08/2013 00:00,"","","","info",13,4,11,28/05/2013 00:00,28/05/2013 00:00
33,"ashealthnews.info",20,-1,1,11,189,52998,47272,02/05/2013 00:00,10/08/2013 00:00,"","","","info",12,4,11,17/06/2013 00:00,17/06/2013 00:00
34,"heatherhadden.com",104,-1,1,11,880,1562,1491,15/02/2009 00:00,10/08/2013 00:00,"208.117.19.131","208.117.19.0","US","com",25,2,11,19/04/2013 00:00,19/04/2013 00:00
35,"activdirectory.net",1176,25868,1,10,3846467,57766,37172,22/09/2012 00:00,10/08/2013 00:00,"198.58.84.147","198.58.84.0","US","net",33,15,10,30/06/2013 00:00,30/06/2013 00:00
36,"linkdirectory.com.ar",6670,65424,1,10,2729782,179812,134520,06/03/2008 00:00,10/08/2013 00:00,"50.63.223.1","50.63.223.0","US","ar",36,19,10,03/06/2013 00:00,03/06/2013 00:00
37,"139.li",7768,344812,1,10,243489,251207,159431,01/12/2011 00:00,10/08/2013 00:00,"184.168.59.1","184.168.59.0","US","li",39,5,10,21/05/2012 00:00,21/05/2012 00:00
38,"marketingbodz.com",22714,-1,1,10,767932,432628,148388,09/08/2010 00:00,10/08/2013 00:00,"173.192.54.30","173.192.54.0","US","com",42,12,10,28/05/2013 00:00,28/05/2013 00:00
39,"executivesuitesinlandempire.com",70,-1,1,10,468,1033,1006,04/03/2013 00:00,08/08/2013 00:00,"208.117.24.16","208.117.24.0","US","com",12,1,10,07/05/2013 00:00,07/05/2013 00:00
40,"frailtythefilm.com",1104,-1,1,9,6769,3335,2785,02/11/2011 00:00,10/08/2013 00:00,"174.37.172.70","174.37.172.0","US","com",29,13,9,31/05/2013 00:00,01/07/2013 00:00
41,"skincaream.info",69,-1,1,9,70283,33016,30853,08/05/2013 00:00,10/08/2013 00:00,"","","","info",29,4,9,11/05/2013 00:00,11/05/2013 00:00
42,"truhearts.com",42,-1,1,9,264,968,890,24/09/2012 00:00,10/08/2013 00:00,"69.162.176.10","69.162.176.0","US","com",19,0,9,07/05/2013 00:00,08/05/2013 00:00
43,"flightshoteltravel.info",49,-1,1,9,468,39364,37093,07/06/2013 00:00,10/08/2013 00:00,"","","","info",15,4,9,07/06/2013 00:00,07/06/2013 00:00
44,"optimizacijazaiskalnike.com",54,-1,1,9,337,1257,1171,10/03/2013 00:00,10/08/2013 00:00,"174.36.138.30","174.36.138.0","US","com",19,2,9,25/04/2013 00:00,25/06/2013 00:00
45,"mensofhealth.info",54,-1,1,9,371,37206,31254,03/05/2013 00:00,10/08/2013 00:00,"","","","info",13,4,9,13/05/2013 00:00,16/05/2013 00:00
46,"optimizacijainternetstrani.com",64,-1,1,9,398,1254,1229,12/03/2013 00:00,10/08/2013 00:00,"174.36.138.21","174.36.138.0","US","com",24,2,9,24/04/2013 00:00,24/04/2013 00:00
47,"opensourcedemos.net",4963,164188,1,8,238180,245319,198652,29/07/2010 00:00,10/08/2013 00:00,"208.113.162.41","208.113.162.0","US","net",44,7,8,09/06/2013 00:00,09/06/2013 00:00
48,"vongcong.com",3495,682621,1,8,517053,322250,153540,22/12/2009 00:00,10/08/2013 00:00,"205.234.140.231","205.234.140.0","US","com",47,18,8,14/06/2012 00:00,14/06/2012 00:00
49,"careshealth.info",45,-1,1,8,1399,31956,28561,18/06/2012 00:00,10/08/2013 00:00,"","","","info",9,4,8,07/06/2013 00:00,07/06/2013 00:00
50,"muabanxetai.org",59,-1,1,8,960,1798,1382,28/09/2010 00:00,08/08/2013 00:00,"74.80.170.166","74.80.170.0","US","org",18,2,8,11/05/2013 00:00,12/05/2013 00:00
51,"textbookrevolution.com",2277,-1,1,8,9988,588870,122394,31/03/2011 00:00,10/08/2013 00:00,"68.233.169.47","68.233.169.0","US","com",15,15,8,08/05/2013 00:00,12/05/2013 00:00
52,"theoriginaldoll.net",70,-1,1,8,855,1330,1303,19/06/2012 00:00,06/08/2013 00:00,"68.65.206.21","68.65.206.0","US","net",21,6,8,16/05/2013 00:00,17/05/2013 00:00
53,"safeshores.com",66,-1,1,8,340,1422,1363,05/03/2012 00:00,10/08/2013 00:00,"50.31.93.243","50.31.93.0","US","com",24,1,8,14/04/2013 00:00,15/04/2013 00:00
54,"trademarkcarpet.com",113,-1,1,8,568,45,33,08/11/2011 00:00,16/07/2013 00:00,"174.122.114.227","174.122.114.0","US","com",13,0,8,11/10/2011 00:00,11/10/2011 00:00
55,"onlinedealwebsite.net",1741,-1,1,8,75856,150648,65421,18/04/2013 00:00,10/08/2013 00:00,"","","","net",31,9,8,05/05/2013 00:00,05/05/2013 00:00
56,"valuesearchengine.com",1109,-1,1,8,9694,96434,73356,10/05/2009 00:00,10/08/2013 00:00,"72.46.128.218","72.46.128.0","US","com",16,2,8,13/03/2013 00:00,20/03/2013 00:00
57,"nocash-nobusiness.com",80,-1,1,8,1049,1394,1343,29/05/2013 00:00,10/08/2013 00:00,"74.80.165.109","74.80.165.0","US","com",23,6,8,03/05/2013 00:00,01/07/2013 00:00
58,"brownbook.net",47539,12846,1,7,1839383,12778523,761479,21/04/2008 00:00,10/08/2013 00:00,"208.113.97.198","208.113.97.0","US","net",49,31,7,02/05/2012 00:00,24/09/2012 00:00
59,"pl-r.com",3403,59070,1,7,193302,216652,77150,11/05/2012 00:00,10/08/2013 00:00,"67.23.254.18","67.23.254.0","US","com",35,9,7,04/05/2013 00:00,04/05/2013 00:00
60,"newsbodyfitness.com",52,-1,1,7,514,33636,29476,03/05/2013 00:00,09/08/2013 00:00,"","","","com",21,5,7,04/06/2013 00:00,04/06/2013 00:00
61,"trs24-7.com",123,-1,1,7,437,35,23,14/10/2010 00:00,25/07/2013 00:00,"174.122.114.227","174.122.114.0","US","com",12,2,7,14/10/2010 00:00,14/10/2010 00:00
62,"hiteleshirado.com",77,-1,1,7,490,1240,1153,28/06/2012 00:00,10/08/2013 00:00,"50.31.81.60","50.31.81.0","US","com",24,4,7,28/04/2013 00:00,29/04/2013 00:00
63,"maldito.org",1417,-1,1,7,25562,79544,33060,29/01/2008 00:00,06/08/2013 00:00,"173.192.197.70","173.192.197.0","US","org",14,11,7,23/07/2010 00:00,02/01/2012 00:00
64,"thenagpurian.com",33,-1,1,7,250,907,869,03/06/2013 00:00,10/08/2013 00:00,"","","","com",21,1,7,13/06/2013 00:00,13/06/2013 00:00
65,"hearingreview.info",58,-1,1,7,563,1095,1049,22/09/2012 00:00,08/08/2013 00:00,"50.31.93.202","50.31.93.0","US","info",13,0,7,22/05/2013 00:00,23/05/2013 00:00
66,"asportsnew.info",23,-1,1,7,206,31940,29473,03/05/2013 00:00,10/08/2013 00:00,"","","","info",8,4,7,11/07/2013 00:00,11/07/2013 00:00
67,"pr-press-release.com",2298,-1,1,7,56441,53761,33893,13/09/2009 00:00,10/08/2013 00:00,"67.192.87.174","67.192.87.0","US","com",25,28,7,20/08/2012 00:00,20/08/2012 00:00
68,"savmd.com",76,-1,1,7,419,1376,1340,13/03/2013 00:00,10/08/2013 00:00,"50.31.81.94","50.31.81.0","US","com",26,5,7,19/04/2013 00:00,02/07/2013 00:00
69,"ultrasdfc.com",650,-1,1,7,7229,21462,8136,01/05/2008 00:00,10/08/2013 00:00,"174.36.138.28","174.36.138.0","US","com",22,3,7,07/06/2013 00:00,07/06/2013 00:00
70,"centristparty.info",64,-1,1,6,302,1052,1019,26/05/2013 00:00,10/08/2013 00:00,"208.117.17.223","208.117.17.0","US","info",21,0,6,07/05/2013 00:00,09/05/2013 00:00
71,"creativecirclecommunities.com",50,-1,1,6,368,1185,1156,23/02/2013 00:00,10/08/2013 00:00,"50.31.92.39","50.31.92.0","US","com",24,2,6,16/05/2013 00:00,24/05/2013 00:00
72,"destindelafrique.org",1063,-1,1,6,9386,95569,36269,05/07/2010 00:00,23/04/2013 00:00,"69.43.161.178","69.43.161.0","US","org",11,6,6,14/04/2012 00:00,14/04/2012 00:00
73,"onlinenewsin.com",28,-1,1,6,201,37424,33284,03/05/2013 00:00,10/08/2013 00:00,"","","","com",10,4,6,06/06/2013 00:00,06/06/2013 00:00
74,"selltimeshare.org",1148,-1,1,6,75451,164637,107536,26/10/2011 00:00,10/08/2013 00:00,"173.203.91.103","173.203.91.0","US","org",23,3,6,14/06/2012 00:00,14/06/2012 00:00
75,"travelcitys.info",29,-1,1,6,334,36160,30628,03/05/2013 00:00,10/08/2013 00:00,"","","","info",12,4,6,04/06/2013 00:00,04/06/2013 00:00
76,"newsskincare.info",33,-1,1,6,300,46887,43369,03/05/2013 00:00,10/08/2013 00:00,"","","","info",10,4,6,12/05/2013 00:00,12/05/2013 00:00
77,"folkd.com",300281,2946,1,5,809628507,127063910,2554523,09/01/2008 00:00,10/08/2013 00:00,"78.46.77.150","78.46.77.0","DE","com",61,60,5,19/03/2010 00:00,29/03/2010 00:00
78,"jumptags.com",123455,12061,1,5,90448507,42696048,2030603,05/02/2008 00:00,10/08/2013 00:00,"107.20.165.139","107.20.165.0","US","com",55,43,5,23/02/2010 00:00,12/05/2010 00:00
79,"worldsings.com",15042,220276,1,5,236097,329609,215336,10/11/2008 00:00,10/08/2013 00:00,"208.109.110.186","208.109.110.0","US","com",48,15,5,18/04/2013 00:00,18/04/2013 00:00
80,"mywikibiz.com",20344,296255,1,5,379330,3551644,583823,15/02/2008 00:00,10/08/2013 00:00,"174.121.157.173","174.121.157.0","US","com",36,22,5,21/04/2013 00:00,12/05/2013 00:00
81,"linuxtechnologygroup.com",160,-1,1,5,62154,1316,1289,27/06/2008 00:00,11/05/2013 00:00,"69.162.191.12","69.162.191.0","US","com",8,5,5,19/04/2013 00:00,19/04/2013 00:00
82,"onlineflightsbooking.info",74,-1,1,5,916,40401,36317,04/05/2013 00:00,10/08/2013 00:00,"","","","info",19,4,5,03/06/2013 00:00,03/06/2013 00:00
83,"ritechange.com",80,-1,1,5,262,999,924,07/03/2013 00:00,08/08/2013 00:00,"68.65.244.221","68.65.244.0","US","com",20,0,5,22/05/2013 00:00,30/06/2013 00:00
84,"travelsflight.info",62,-1,1,5,694,38257,34510,27/05/2010 00:00,10/08/2013 00:00,"85.237.86.76","85.237.86.0","DE","info",12,4,5,04/06/2013 00:00,04/06/2013 00:00
85,"discounthomeaccents.info",139,-1,1,5,122637,75878,31274,16/06/2013 00:00,10/08/2013 00:00,"","","","info",14,2,5,17/06/2013 00:00,17/06/2013 00:00
86,"bclicky.com",10,-1,1,5,93,969,943,25/06/2012 00:00,10/08/2013 00:00,"108.175.159.6","108.175.159.0","US","com",11,0,5,19/10/2012 00:00,04/12/2012 00:00
87,"beev.no",1006,-1,1,5,43796,369417,153936,17/12/2012 00:00,07/07/2013 00:00,"184.172.141.201","184.172.141.0","US","no",7,2,5,03/03/2013 00:00,05/03/2013 00:00
88,"newshooting.info",39,-1,1,5,281,36408,34058,08/05/2013 00:00,10/08/2013 00:00,"","","","info",15,4,5,12/07/2013 00:00,12/07/2013 00:00
89,"busylisting.com",1541,91331,1,4,97588,78174,55703,30/08/2010 00:00,10/08/2013 00:00,"108.162.198.129","108.162.198.0","US","com",32,12,4,04/07/2012 00:00,04/07/2012 00:00
90,"webrevealed.com",325,163455,1,4,3749,19566,12574,15/12/2009 00:00,10/08/2013 00:00,"74.95.115.61","74.95.115.0","US","com",22,8,4,09/07/2012 00:00,11/07/2012 00:00
91,"bakersfieldvoice.com",20939,302678,1,4,4625619,273111,168267,04/01/2009 00:00,10/08/2013 00:00,"173.203.117.168","173.203.117.0","US","com",37,40,4,04/04/2013 00:00,27/05/2013 00:00
92,"cre8tivemv.com",5129,690621,1,4,179241,26518,20128,21/11/2009 00:00,09/08/2013 00:00,"108.162.198.189","108.162.198.0","US","com",27,12,4,02/03/2013 00:00,02/03/2013 00:00
93,"guru3x.com",6793,700944,1,4,255800,263013,146463,10/12/2009 00:00,10/08/2013 00:00,"184.172.189.45","184.172.189.0","US","com",36,8,4,07/03/2013 00:00,03/07/2013 00:00
94,"articleblade.com",5305,775856,1,4,170414,238983,57635,06/04/2011 00:00,05/08/2013 00:00,"82.98.86.178","82.98.86.0","DE","com",22,6,4,14/06/2012 00:00,14/06/2012 00:00
95,"makerlab.info",970,986369,1,4,14987,64545,56716,21/10/2011 00:00,09/08/2013 00:00,"88.84.137.155","88.84.137.0","DE","info",22,23,4,25/03/2013 00:00,25/03/2013 00:00
96,"xeeber2.com",109,-1,1,4,517,761,684,28/05/2013 00:00,10/08/2013 00:00,"174.36.138.18","174.36.138.0","US","com",24,1,4,08/06/2013 00:00,07/07/2013 00:00
97,"streetteens.org",315,-1,1,4,1032,172,104,12/09/2010 00:00,10/08/2013 00:00,"66.175.58.9","66.175.58.0","US","org",22,18,4,02/12/2011 00:00,26/09/2012 00:00
98,"multipleintelligenceassessment.com",182,-1,1,4,31503,1781,1531,19/06/2012 00:00,09/08/2013 00:00,"74.80.171.165","74.80.171.0","US","com",21,4,4,26/05/2013 00:00,01/07/2013 00:00
99,"starbookmarking.com",1381,-1,1,4,20903,149437,67941,06/02/2013 00:00,31/07/2013 00:00,"188.40.115.79","188.40.115.0","DE","com",24,13,4,05/05/2013 00:00,05/05/2013 00:00
100,"bathnkitchen.net",45,-1,1,4,264,13152,11777,15/03/2011 00:00,09/08/2013 00:00,"208.64.31.254","208.64.31.0","US","net",14,2,4,01/07/2013 00:00,01/07/2013 00:00
101,"images-digital.com",534,-1,1,4,8685,72301,32356,10/04/2013 00:00,10/08/2013 00:00,"203.124.117.1","203.124.117.0","SG","com",16,3,4,06/05/2013 00:00,06/05/2013 00:00
102,"discountperformanceparts.info",149,-1,1,4,122757,95109,36800,06/11/2012 00:00,10/08/2013 00:00,"173.199.150.188","173.199.150.0","US","info",15,1,4,04/06/2013 00:00,04/06/2013 00:00
103,"atarimdesign.com",1294,-1,1,4,138163,36095,21736,07/03/2010 00:00,31/07/2013 00:00,"50.116.73.20","50.116.73.0","US","com",15,15,4,03/06/2010 00:00,17/10/2011 00:00
104,"haylettsnorthcountry.com",308,-1,1,4,3975,9375,9243,03/04/2013 00:00,10/08/2013 00:00,"174.37.172.69","174.37.172.0","US","com",22,1,4,01/06/2013 00:00,07/06/2013 00:00
105,"adaptivehealthcommscience.com",75,-1,1,4,462,746,718,30/05/2013 00:00,10/08/2013 00:00,"66.147.242.158","66.147.242.0","US","com",23,2,4,31/05/2013 00:00,01/07/2013 00:00
106,"autogridz.com",7087,-1,1,4,143469,115442,73718,03/09/2010 00:00,10/08/2013 00:00,"210.5.47.92","210.5.47.0","MY","com",40,13,4,12/05/2013 00:00,02/07/2013 00:00
107,"bookmark007.com",3216,-1,1,4,61906,246209,69336,19/04/2013 00:00,10/08/2013 00:00,"","","","com",33,18,4,05/05/2013 00:00,08/05/2013 00:00
108,"addlink2dir.com",123,-1,1,4,19574,15299,12816,06/04/2013 00:00,10/08/2013 00:00,"66.147.244.133","66.147.244.0","US","com",25,10,4,03/07/2013 00:00,04/07/2013 00:00
109,"youtube.com",17319452,3,1,3,34644217537,4221017727,260419341,09/01/2008 00:00,10/08/2013 00:00,"74.125.226.206","74.125.226.0","US","com",98,99,3,24/07/2011 00:00,20/11/2011 00:00
110,"reddit.com",2576427,120,1,3,6045538077,2199402487,88786556,09/01/2008 00:00,10/08/2013 00:00,"194.25.95.107","194.25.95.0","DE","com",86,86,3,15/06/2010 00:00,15/06/2010 00:00
111,"typepad.com",1664677,517,1,3,2448901287,97643339,12989884,09/01/2008 00:00,10/08/2013 00:00,"204.9.178.11","204.9.178.0","US","com",82,77,3,04/11/2011 00:00,04/11/2011 00:00
112,"mister-wong.com",220402,18406,1,3,319742978,120163748,2383791,11/01/2008 00:00,10/08/2013 00:00,"80.246.52.16","80.246.52.0","DE","com",50,47,3,16/04/2010 00:00,26/05/2010 00:00
113,"heritageweb.net",11524,28437,1,3,441501,481754,125439,15/02/2008 00:00,31/07/2013 00:00,"184.172.139.65","184.172.139.0","US","net",36,15,3,12/07/2013 00:00,13/07/2013 00:00
114,"a3place.com",2042,28500,1,3,3987138,372729,137628,20/05/2011 00:00,10/08/2013 00:00,"198.58.84.147","198.58.84.0","US","com",37,17,3,09/07/2013 00:00,09/07/2013 00:00
115,"mycandylove.com",35794,37018,1,3,984604,92141,66794,21/06/2012 00:00,10/08/2013 00:00,"188.165.166.193","188.165.166.0","FR","com",48,25,3,04/03/2013 00:00,04/03/2013 00:00
116,"shinymarker.com",3522,41262,1,3,1385762,1021913,251948,07/03/2010 00:00,10/08/2013 00:00,"92.61.147.11","92.61.147.0","EU","com",28,10,3,11/12/2012 00:00,11/12/2012 00:00
117,"inforaise.net",54497,214040,1,3,2480105,423672,255013,02/02/2011 00:00,10/08/2013 00:00,"219.94.203.179","219.94.203.0","JP","net",56,18,3,08/05/2013 00:00,08/05/2013 00:00
118,"adulgence.com",31619,243177,1,3,1493914,128785,78936,07/12/2012 00:00,09/08/2013 00:00,"205.196.18.130","205.196.18.0","US","com",33,12,3,11/03/2013 00:00,11/03/2013 00:00
119,"izoneface.com",34322,357591,1,3,762183,254891,150522,05/01/2011 00:00,10/08/2013 00:00,"69.167.150.108","69.167.150.0","US","com",42,19,3,13/05/2013 00:00,13/05/2013 00:00
120,"wemagazineforwomen.com",4473,408848,1,3,326413,53698,40981,23/01/2008 00:00,10/08/2013 00:00,"50.28.62.243","50.28.62.0","US","com",42,30,3,15/01/2010 00:00,14/04/2013 00:00
121,"rabunda.com",528,-1,1,3,3805,22756,19439,14/02/2008 00:00,10/08/2013 00:00,"184.168.221.96","184.168.221.0","US","com",18,8,3,13/03/2010 00:00,13/03/2010 00:00
122,"nvifma.org",70,-1,1,3,2083,4591,845,30/01/2008 00:00,07/08/2013 00:00,"209.59.145.166","209.59.145.0","US","org",12,17,3,03/09/2012 00:00,22/03/2013 00:00
123,"toneresale.com",1303,-1,1,3,13100,96031,68778,17/11/2012 00:00,10/08/2013 00:00,"97.74.144.123","97.74.144.0","US","com",28,2,3,19/03/2013 00:00,19/03/2013 00:00
124,"kumarhemant.com",2345,-1,1,3,21406,113959,46959,20/06/2012 00:00,30/07/2013 00:00,"46.4.119.111","46.4.119.0","DE","com",15,4,3,14/05/2013 00:00,14/05/2013 00:00
125,"dandoctoroff.info",74,-1,1,3,332,1410,1379,24/02/2013 00:00,10/08/2013 00:00,"68.65.196.198","68.65.196.0","US","info",23,2,3,23/05/2013 00:00,02/07/2013 00:00
126,"idealinternetmarketing.com",211,-1,1,3,3215,41831,8983,06/02/2013 00:00,16/04/2013 00:00,"216.237.121.186","216.237.121.0","US","com",12,2,3,05/03/2013 00:00,05/03/2013 00:00
127,"hotelsbestrates.com",202,-1,1,3,130392,36947,33183,18/12/2011 00:00,10/08/2013 00:00,"173.192.220.100","173.192.220.0","US","com",17,6,3,18/07/2012 00:00,18/07/2012 00:00
128,"cookwaresale.info",158,-1,1,3,122535,57923,29138,26/06/2010 00:00,10/08/2013 00:00,"173.199.150.188","173.199.150.0","US","info",8,2,3,03/06/2013 00:00,02/07/2013 00:00
129,"clubangelinajolie.com",661,-1,1,3,46292,441583,18716,10/02/2008 00:00,03/02/2013 00:00,"213.186.33.5","213.186.33.0","FR","com",6,2,3,15/03/2011 00:00,15/07/2011 00:00
130,"photorestorationmastery.com",55,-1,1,3,879,1079,1008,20/02/2013 00:00,10/08/2013 00:00,"74.80.173.221","74.80.173.0","US","com",19,4,3,16/05/2013 00:00,17/07/2013 00:00
131,"everycontractor.com",6720,-1,1,3,41032,494780,235013,22/01/2008 00:00,10/08/2013 00:00,"64.250.236.167","64.250.236.0","US","com",33,25,3,26/05/2013 00:00,26/05/2013 00:00
132,"pinnacleelectric.net",73,-1,1,3,221,193,106,01/12/2008 00:00,10/08/2013 00:00,"74.117.159.180","74.117.159.0","US","net",12,0,3,25/12/2008 00:00,08/03/2012 00:00
133,"blogspot.com",10026461,11,1,2,30390382927,4792000861,276091166,09/01/2008 00:00,10/08/2013 00:00,"173.194.73.191","173.194.73.0","US","com",95,90,2,07/06/2013 00:00,07/06/2013 00:00
134,"yellowpages.com",331984,559,1,2,43366383,90346516,1438715,09/01/2008 00:00,10/08/2013 00:00,"208.93.105.105","208.93.105.0","US","com",58,61,2,27/06/2010 00:00,04/06/2013 00:00
135,"blogspot.de",341598,619,1,2,130372053,341511839,52483958,14/09/2009 00:00,10/08/2013 00:00,"173.194.70.191","173.194.70.0","US","de",67,57,2,08/05/2013 00:00,22/06/2013 00:00
136,"bbb.org",664076,1627,1,2,625407795,12509047,2682332,21/01/2008 00:00,10/08/2013 00:00,"174.143.89.159","174.143.89.0","US","org",81,84,2,27/08/2012 00:00,27/08/2012 00:00
137,"showmelocal.com",25924,12789,1,2,48650052,19415668,1883617,11/01/2008 00:00,10/08/2013 00:00,"208.74.201.175","208.74.201.0","US","com",44,41,2,28/03/2012 00:00,28/03/2012 00:00
138,"2addlink.info",7458,26601,1,2,6179024,101166,82593,19/02/2008 00:00,05/04/2013 00:00,"205.196.211.22","205.196.211.0","US","info",23,17,2,05/03/2013 00:00,05/03/2013 00:00
139,"vizhole.com",24427,30860,1,2,1688578,1842590,621442,10/02/2008 00:00,10/08/2013 00:00,"176.9.70.114","176.9.70.0","DE","com",42,15,2,04/01/2013 00:00,04/01/2013 00:00
140,"audizine.com",9898,33086,1,2,2065803,8477311,1497041,09/01/2008 00:00,10/08/2013 00:00,"74.86.253.34","74.86.253.0","US","com",40,33,2,02/06/2013 00:00,02/06/2013 00:00
141,"courierpress.com",107876,36071,1,2,3417217,9634700,1062954,10/01/2008 00:00,10/08/2013 00:00,"164.109.40.120","164.109.40.0","US","com",42,40,2,14/10/2010 00:00,14/10/2010 00:00
142,"fizzlive.com",64357,36736,1,2,5020131,1258733,261828,29/10/2010 00:00,10/08/2013 00:00,"80.82.209.167","80.82.209.0","DE","com",59,30,2,02/03/2013 00:00,02/03/2013 00:00
143,"financialcontent.com",99646,43136,1,2,396989139,37106209,4115752,10/01/2008 00:00,10/08/2013 00:00,"38.114.159.1","38.114.159.0","US","com",87,56,2,27/08/2012 00:00,27/08/2012 00:00
144,"prbuzz.com",41382,46592,1,2,2440458,270557,143689,12/01/2008 00:00,10/08/2013 00:00,"67.192.87.187","67.192.87.0","US","com",45,36,2,21/08/2012 00:00,21/08/2012 00:00
145,"smashuparticles.com",2071,47181,1,2,6502458,239450,74764,14/09/2010 00:00,16/07/2013 00:00,"204.197.242.125","204.197.242.0","US","com",15,6,2,12/03/2013 00:00,12/03/2013 00:00
146,"bizvotes.com",11009,96919,1,2,1822521,8645737,237800,10/06/2008 00:00,10/08/2013 00:00,"66.135.49.238","66.135.49.0","US","com",39,36,2,17/03/2013 00:00,08/08/2013 00:00
147,"pressreleasemonkey.com",4568,100623,1,2,155534,60713,50349,10/01/2008 00:00,10/08/2013 00:00,"173.199.162.126","173.199.162.0","US","com",35,25,2,21/08/2012 00:00,21/08/2012 00:00
148,"showsmart.com",5908,121553,1,2,51588,1120614,540715,10/01/2008 00:00,10/08/2013 00:00,"207.112.17.243","207.112.17.0","CA","com",34,16,2,05/09/2012 00:00,05/09/2012 00:00
149,"handalter.info",6097,171401,1,2,96188,19196,8078,25/07/2012 00:00,10/08/2013 00:00,"82.98.86.179","82.98.86.0","DE","info",21,5,2,13/02/2013 00:00,20/02/2013 00:00
150,"ppjaponesia.org",48828,281667,1,2,1741907,117606,88421,27/01/2008 00:00,10/08/2013 00:00,"202.218.25.102","202.218.25.0","JP","org",58,17,2,01/03/2013 00:00,01/03/2013 00:00
151,"wdonline.biz",689,334073,1,2,4978,365090,212594,19/03/2009 00:00,15/06/2013 00:00,"174.121.33.252","174.121.33.0","US","biz",9,9,2,31/10/2009 00:00,12/01/2013 00:00
152,"greatarticlesite.com",7799,334554,1,2,332265,922379,249268,07/08/2008 00:00,10/08/2013 00:00,"205.204.72.195","205.204.72.0","CA","com",39,9,2,25/04/2013 00:00,25/04/2013 00:00
153,"articlesclip.com",2285,336133,1,2,6429792,192279,83273,30/09/2010 00:00,10/08/2013 00:00,"66.147.244.75","66.147.244.0","US","com",32,12,2,09/07/2013 00:00,09/07/2013 00:00
154,"constructionlawva.com",1609,470413,1,2,189313,5309,3732,23/03/2009 00:00,04/08/2013 00:00,"174.120.200.226","174.120.200.0","US","com",32,28,2,05/05/2010 00:00,17/07/2013 00:00
155,"nari.org",17420,648404,1,2,1520048,79822,59656,25/01/2008 00:00,10/08/2013 00:00,"76.227.221.181","76.227.221.0","US","org",50,65,2,16/04/2011 00:00,03/07/2013 00:00
156,"articlesglobal.com",25232,655046,1,2,1689189,540022,191727,14/10/2010 00:00,10/08/2013 00:00,"184.168.26.1","184.168.26.0","US","com",44,17,2,03/03/2013 00:00,03/03/2013 00:00
157,"worldwidirectory.com",1459,737048,1,2,77089,9561592,1582055,10/01/2008 00:00,07/06/2013 00:00,"66.197.157.216","66.197.157.0","US","com",12,15,2,11/11/2009 00:00,11/11/2009 00:00
158,"articleserver.net",4601,784997,1,2,198713,343229,66949,25/12/2010 00:00,09/08/2013 00:00,"82.98.86.178","82.98.86.0","DE","net",20,3,2,18/04/2012 00:00,18/04/2012 00:00
159,"gorgeousgeekdating.com",25729,789606,1,2,1146507,135166,41945,17/11/2012 00:00,09/08/2013 00:00,"70.168.219.170","70.168.219.0","US","com",29,13,2,04/03/2013 00:00,04/03/2013 00:00
160,"likosoft.com",22658,812740,1,2,442252,252533,63390,24/10/2012 00:00,18/07/2013 00:00,"173.254.28.42","173.254.28.0","US","com",29,6,2,04/12/2012 00:00,04/12/2012 00:00
161,"bookmarkingfeed.com",1571,868478,1,2,17091,132290,63884,20/02/2013 00:00,14/07/2013 00:00,"50.116.99.153","50.116.99.0","US","com",28,6,2,06/05/2013 00:00,06/05/2013 00:00
162,"industrialwebdirectory.com",525,902697,1,2,5769,7179,6912,22/02/2010 00:00,10/08/2013 00:00,"174.132.119.122","174.132.119.0","US","com",25,14,2,22/02/2013 00:00,06/07/2013 00:00
163,"durmusaligulcan.com",94,-1,1,2,4462,51181,47022,28/04/2009 00:00,25/07/2013 00:00,"199.101.28.20","199.101.28.0","US","com",7,0,2,03/09/2009 00:00,03/09/2009 00:00
164,"vegashomeloan.net",5,-1,1,2,129,167782,102048,24/04/2009 00:00,13/02/2011 00:00,"204.13.160.107","204.13.160.0","US","net",0,0,2,05/02/2011 00:00,05/02/2011 00:00
165,"arti-research.org",1306,-1,1,2,14750,1389,1154,27/06/2008 00:00,10/08/2013 00:00,"50.23.144.80","50.23.144.0","US","org",29,16,2,29/09/2010 00:00,24/10/2010 00:00
166,"free-themes-templetes.com",1972,-1,1,2,67851,115039,60135,26/02/2013 00:00,10/08/2013 00:00,"203.124.117.1","203.124.117.0","SG","com",33,5,2,04/05/2013 00:00,04/05/2013 00:00
167,"fumetteriamaniac.ch",10447,-1,1,2,79653,133339,47525,07/07/2010 00:00,10/08/2013 00:00,"213.188.32.83","213.188.32.0","CH","ch",35,10,2,12/11/2012 00:00,31/07/2013 00:00
168,"glamournewswire.com",2171,-1,1,2,1149792,35917,22043,01/02/2008 00:00,10/08/2013 00:00,"192.69.201.154","192.69.201.0","US","com",28,20,2,29/08/2012 00:00,25/05/2013 00:00
169,"hpdac.net",26,-1,1,2,2644,22690,19847,25/08/2010 00:00,09/08/2013 00:00,"150.254.84.235","150.254.84.0","PL","net",13,3,2,08/03/2013 00:00,18/07/2013 00:00
170,"lasvegasroofers.net",0,-1,1,2,0,44599,34703,15/12/2010 00:00,16/07/2013 00:00,"184.168.221.96","184.168.221.0","US","net",0,0,2,18/01/2011 00:00,18/01/2011 00:00
171,"tera88.com",2607,-1,1,2,167001,108330,76805,18/03/2012 00:00,10/08/2013 00:00,"67.215.66.132","67.215.66.0","US","com",35,3,2,26/06/2012 00:00,26/06/2012 00:00
172,"estatenewswire.com",1407,-1,1,2,1299424,92506,59915,12/01/2008 00:00,10/08/2013 00:00,"192.69.201.154","192.69.201.0","US","com",32,30,2,27/08/2012 00:00,27/08/2012 00:00
173,"ukarticledirectory.com",3952,-1,1,2,161482,300692,138253,15/10/2011 00:00,10/08/2013 00:00,"108.162.198.138","108.162.198.0","US","com",26,4,2,26/05/2013 00:00,26/05/2013 00:00
174,"b2bb2c.info",11581,-1,1,2,673308,472068,218587,22/04/2010 00:00,09/08/2013 00:00,"69.164.222.127","69.164.222.0","US","info",25,4,2,22/06/2012 00:00,22/06/2012 00:00
175,"lasvegaspainters.net",1,-1,1,2,1,81447,56308,05/12/2010 00:00,10/08/2013 00:00,"176.74.176.167","176.74.176.0","UK","net",0,0,2,18/01/2011 00:00,18/01/2011 00:00
176,"jmt2k.com",260,-1,1,2,1084,101752,4730,24/05/2010 00:00,10/08/2013 00:00,"69.163.192.63","69.163.192.0","US","com",15,15,2,10/04/2011 00:00,09/05/2011 00:00
177,"healthsfitness.info",22,-1,1,2,1713,41547,34889,11/05/2013 00:00,10/08/2013 00:00,"","","","info",16,4,2,13/07/2013 00:00,13/07/2013 00:00
178,"allnewarticlesdaily.com",1293,-1,1,2,23823,488179,136209,17/12/2011 00:00,10/08/2013 00:00,"108.160.158.4","108.160.158.0","US","com",23,3,2,10/06/2013 00:00,10/06/2013 00:00
179,"penhacks.net",1226,-1,1,2,15681,237599,109250,27/09/2009 00:00,10/08/2013 00:00,"67.215.66.132","67.215.66.0","US","net",19,14,2,12/04/2012 00:00,12/04/2012 00:00
180,"ranaburr.com",71,-1,1,2,511,240,192,14/02/2008 00:00,30/07/2013 00:00,"174.120.150.7","174.120.150.0","US","com",14,0,2,06/10/2010 00:00,29/11/2011 00:00
181,"bestarticlesforyou.com",54,-1,1,2,166,33275,8352,23/03/2012 00:00,18/05/2013 00:00,"216.237.121.186","216.237.121.0","US","com",5,1,2,12/03/2013 00:00,12/03/2013 00:00
182,"jeromeparadis.com",651,-1,1,2,68302,4390,4043,14/01/2008 00:00,10/08/2013 00:00,"174.142.222.115","174.142.222.0","CA","com",25,33,2,07/07/2010 00:00,07/07/2010 00:00
183,"allergiesinfoblog.com",9657,-1,1,2,309532,75467,58624,05/09/2009 00:00,31/07/2013 00:00,"184.172.184.64","184.172.184.0","US","com",34,6,2,10/03/2013 00:00,05/04/2013 00:00
184,"featuredlinkdirectory.ws",1108,-1,1,2,409557,61136,20040,27/10/2009 00:00,10/08/2013 00:00,"208.87.35.103","208.87.35.0","BS","ws",25,12,2,17/05/2011 00:00,19/11/2011 00:00
185,"nevada-newhomes.com",414,-1,1,2,666,1626,1191,15/06/2012 00:00,01/02/2013 00:00,"216.241.47.140","216.241.47.0","US","com",6,11,2,16/03/2011 00:00,02/02/2013 00:00
186,"passionluxe.com",1996,-1,1,2,225802,16104,13066,12/01/2008 00:00,10/08/2013 00:00,"213.186.33.4","213.186.33.0","FR","com",28,24,2,09/09/2012 00:00,06/04/2013 00:00
187,"markjohnsoncustomhomes.com",650,-1,1,2,2006,3130,2563,21/11/2008 00:00,10/08/2013 00:00,"72.3.231.13","72.3.231.0","US","com",18,12,2,22/03/2013 00:00,16/07/2013 00:00
188,"discoursecourtyard.info",7,-1,1,2,48,1342,760,09/01/2012 00:00,26/06/2012 00:00,"81.200.64.50","81.200.64.0","UK","info",5,0,2,04/04/2012 00:00,04/04/2012 00:00
189,"sayyestono.info",82,-1,1,2,406,840,805,10/06/2009 00:00,07/08/2013 00:00,"208.117.20.161","208.117.20.0","US","info",12,0,2,10/05/2013 00:00,11/05/2013 00:00
190,"lasvegas-newhomes.com",393,-1,1,2,695,2197,1325,29/03/2011 00:00,16/01/2013 00:00,"82.98.86.179","82.98.86.0","DE","com",5,0,2,15/03/2011 00:00,03/12/2012 00:00
191,"developzambia.com",290,-1,1,2,3254,17581,10859,14/10/2011 00:00,31/07/2013 00:00,"184.172.145.4","184.172.145.0","US","com",22,0,2,24/02/2013 00:00,06/07/2013 00:00
192,"discoursequestion.info",93,-1,1,2,1782,4362,638,19/06/2012 00:00,25/07/2012 00:00,"50.63.202.78","50.63.202.0","US","info",7,0,2,24/06/2012 00:00,24/06/2012 00:00
193,"press-release-site.com",72,-1,1,2,4577,15718,12044,18/09/2009 00:00,10/08/2013 00:00,"67.192.87.182","67.192.87.0","US","com",8,4,2,20/08/2012 00:00,22/08/2012 00:00
194,"wordpress.com",6605676,21,1,1,12008496205,806652455,59581827,09/01/2008 00:00,10/08/2013 00:00,"66.155.11.238","66.155.11.0","US","com",94,92,1,12/04/2011 00:00,29/06/2013 00:00
195,"google.bg",55594,731,1,1,32701817,16723387,1224872,21/01/2008 00:00,10/08/2013 00:00,"173.194.75.94","173.194.75.0","US","bg",50,48,1,04/12/2009 00:00,21/02/2012 00:00
196,"feedburner.com",2655894,833,1,1,8364787334,293875507,23259771,09/01/2008 00:00,10/08/2013 00:00,"74.125.225.128","74.125.225.0","US","com",92,91,1,07/04/2012 00:00,07/04/2012 00:00
197,"friendfeed.com",591430,1883,1,1,596043028,197699861,2897360,06/02/2008 00:00,10/08/2013 00:00,"69.171.233.18","69.171.233.0","US","com",71,70,1,25/09/2010 00:00,25/09/2010 00:00
198,"webnode.com",616561,2419,1,1,152467100,3008549,541457,21/03/2008 00:00,10/08/2013 00:00,"94.138.111.96","94.138.111.0","CZ","com",78,41,1,15/03/2013 00:00,15/03/2013 00:00
199,"diigo.com",515169,2425,1,1,484010993,130874810,4839292,09/01/2008 00:00,10/08/2013 00:00,"72.26.228.26","72.26.228.0","US","com",69,53,1,23/10/2010 00:00,23/10/2010 00:00
200,"blogspot.cz",40889,4890,1,1,10179682,37526588,3101866,15/01/2008 00:00,10/08/2013 00:00,"173.194.73.191","173.194.73.0","US","cz",48,38,1,18/06/2013 00:00,18/06/2013 00:00
201,"yellowbook.com",575895,5240,1,1,99719647,94548067,2052762,09/01/2008 00:00,10/08/2013 00:00,"12.111.223.136","12.111.223.0","US","com",63,62,1,15/05/2013 00:00,15/05/2013 00:00
202,"url.org",76959,6128,1,1,3603254,25600191,1860514,27/01/2008 00:00,10/08/2013 00:00,"94.124.74.174","94.124.74.0","IT","org",36,32,1,22/05/2010 00:00,22/05/2010 00:00
203,"global-free-classified-ads.com",19710,8354,1,1,554381,4390441,631005,09/01/2008 00:00,10/08/2013 00:00,"209.59.248.166","209.59.248.0","US","com",38,22,1,13/02/2010 00:00,13/02/2010 00:00
204,"yellowbot.com",79415,14237,1,1,5784869,42633962,1985940,09/01/2008 00:00,10/08/2013 00:00,"199.15.177.185","199.15.177.0","US","com",54,58,1,01/04/2012 00:00,01/04/2012 00:00
205,"articlecell.com",19871,19712,1,1,478197,2017730,801938,11/02/2008 00:00,10/08/2013 00:00,"174.121.181.233","174.121.181.0","US","com",40,15,1,11/06/2013 00:00,11/06/2013 00:00
206,"articles.org",15552,21646,1,1,500706,631607,166567,01/10/2008 00:00,10/08/2013 00:00,"50.57.174.22","50.57.174.0","US","org",31,17,1,18/07/2012 00:00,18/07/2012 00:00
207,"add-page.com",15993,23407,1,1,1376165,124726,115284,12/06/2008 00:00,10/08/2013 00:00,"79.96.77.131","79.96.77.0","PL","com",37,17,1,21/06/2013 00:00,21/06/2013 00:00
208,"livesocial.info",14157,25823,1,1,4018775,1459185,152377,07/09/2010 00:00,10/08/2013 00:00,"199.85.212.184","199.85.212.0","US","info",31,16,1,17/01/2013 00:00,17/01/2013 00:00
209,"bookmarkinglambda.com",6956,29212,1,1,249118,346157,106342,19/06/2012 00:00,31/07/2013 00:00,"216.172.185.32","216.172.185.0","US","com",34,5,1,06/05/2013 00:00,06/05/2013 00:00
210,"inseratemarkt.at",6374,30937,1,1,415531,408187,121094,04/12/2012 00:00,31/07/2013 00:00,"96.125.161.237","96.125.161.0","US","at",32,13,1,06/05/2013 00:00,06/05/2013 00:00
211,"uscity.net",40515,32135,1,1,1690168,1231794,273772,21/01/2008 00:00,10/08/2013 00:00,"208.111.25.9","208.111.25.0","US","net",42,32,1,15/09/2012 00:00,15/09/2012 00:00
212,"contractortalk.com",11722,32662,1,1,2641606,4723634,663422,09/01/2008 00:00,10/08/2013 00:00,"67.220.200.36","67.220.200.0","US","com",36,39,1,15/11/2010 00:00,01/02/2013 00:00
213,"sayfaolustur.com",2891,33801,1,1,48838,205582,81671,03/03/2013 00:00,10/08/2013 00:00,"50.63.68.72","50.63.68.0","US","com",33,10,1,06/05/2013 00:00,07/08/2013 00:00
214,"diychatroom.com",17634,34135,1,1,2817470,3474198,652603,10/01/2008 00:00,10/08/2013 00:00,"108.168.201.42","108.168.201.0","US","com",35,45,1,31/10/2010 00:00,17/01/2013 00:00
215,"articlicious.com",20687,37881,1,1,797671,430581,196494,09/09/2009 00:00,10/08/2013 00:00,"184.168.239.1","184.168.239.0","US","com",32,11,1,15/06/2012 00:00,15/06/2012 00:00
216,"emailwire.com",94667,60595,1,1,15416894,733828,336358,10/01/2008 00:00,10/08/2013 00:00,"67.220.214.50","67.220.214.0","US","com",64,52,1,27/08/2012 00:00,27/08/2012 00:00
217,"nexport.com",14094,63259,1,1,4084685,6100005,1720716,09/01/2008 00:00,10/08/2013 00:00,"157.55.168.46","157.55.168.0","US","com",35,42,1,05/09/2012 00:00,05/09/2012 00:00
218,"searchles.com",28982,70827,1,1,49137422,19685615,1735282,09/01/2008 00:00,01/08/2013 00:00,"66.232.115.130","66.232.115.0","US","com",33,24,1,21/12/2009 00:00,21/12/2009 00:00
219,"bolalist.com",6616,73117,1,1,157883,140624,113093,18/01/2009 00:00,10/08/2013 00:00,"173.0.129.54","173.0.129.0","US","com",41,14,1,13/03/2013 00:00,17/05/2013 00:00
220,"analyticsdigger.org",3398,112720,1,1,287636,8085498,518171,24/07/2011 00:00,06/08/2013 00:00,"88.214.226.35","88.214.226.0","UK","org",41,33,1,31/10/2012 00:00,31/10/2012 00:00
221,"sameip.org",920,115839,1,1,173682,176691,96828,07/12/2009 00:00,10/08/2013 00:00,"199.68.199.143","199.68.199.0","US","org",35,12,1,29/10/2011 00:00,24/07/2012 00:00
222,"firedeye.info",5288,128263,1,1,106609,19803,6721,25/06/2012 00:00,08/08/2013 00:00,"82.98.86.179","82.98.86.0","DE","info",27,6,1,22/02/2013 00:00,22/02/2013 00:00
223,"linksite.ca",270,129405,1,1,72145,48994,35221,30/06/2008 00:00,31/07/2013 00:00,"74.54.41.178","74.54.41.0","US","ca",26,22,1,07/05/2013 00:00,11/07/2013 00:00
224,"contractspot.com",6825,139948,1,1,151844,2140225,753591,07/02/2008 00:00,10/08/2013 00:00,"173.255.195.26","173.255.195.0","US","com",31,5,1,17/03/2013 00:00,24/07/2013 00:00
225,"projobspot.com",14816,170589,1,1,410193,403322,116388,02/10/2010 00:00,10/08/2013 00:00,"173.214.173.113","173.214.173.0","US","com",43,10,1,02/01/2013 00:00,02/01/2013 00:00
226,"keywordtagger.com",1121,179041,1,1,25127,262630,146637,08/05/2009 00:00,22/07/2013 00:00,"108.162.199.218","108.162.199.0","US","com",23,5,1,06/05/2013 00:00,06/05/2013 00:00
227,"virtualizationadmin.com",5875,188324,1,1,1814574,115079,69398,10/09/2008 00:00,10/08/2013 00:00,"173.255.206.62","173.255.206.0","US","com",42,40,1,10/07/2012 00:00,06/03/2013 00:00
228,"bacfrancais.com",46294,215593,1,1,1528582,154252,82169,16/01/2008 00:00,10/08/2013 00:00,"91.121.184.129","91.121.184.0","FR","com",54,27,1,01/04/2013 00:00,01/04/2013 00:00
229,"digg3.com",6980,224412,1,1,721858,1596850,593510,11/10/2008 00:00,10/08/2013 00:00,"174.121.82.195","174.121.82.0","US","com",37,10,1,01/08/2013 00:00,01/08/2013 00:00
230,"noldu.net",1331,229763,1,1,164502,147645,93441,21/03/2012 00:00,31/07/2013 00:00,"174.122.2.61","174.122.2.0","US","net",15,6,1,09/05/2013 00:00,09/05/2013 00:00
231,"htw.pl",34089,233202,1,1,6123420,1652309,677384,23/01/2008 00:00,10/08/2013 00:00,"194.9.24.158","194.9.24.0","PL","pl",60,18,1,13/05/2013 00:00,13/05/2013 00:00
232,"world-class-articles.com",9253,293274,1,1,154756,488571,157431,06/02/2008 00:00,10/08/2013 00:00,"198.57.131.68","198.57.131.0","US","com",33,14,1,12/05/2013 00:00,12/05/2013 00:00
233,"antbook.eu",4194,294198,1,1,148459,1069121,190738,07/08/2011 00:00,17/06/2013 00:00,"46.234.106.48","46.234.106.0","CZ","eu",25,32,1,07/11/2012 00:00,07/11/2012 00:00
234,"guildquality.com",3450,388660,1,1,515644,60999,36216,02/02/2008 00:00,10/08/2013 00:00,"72.32.188.26","72.32.188.0","US","com",43,33,1,18/11/2011 00:00,11/03/2013 00:00
235,"ezinepr.com",12740,427672,1,1,328966,57440,17193,04/12/2011 00:00,16/07/2013 00:00,"109.68.33.64","109.68.33.0","UK","com",26,7,1,25/06/2012 00:00,21/12/2012 00:00
236,"nhpw.com",1449,610058,1,1,13062,116092,73891,19/11/2011 00:00,01/08/2013 00:00,"174.120.155.34","174.120.155.0","US","com",29,17,1,03/07/2013 00:00,03/07/2013 00:00
237,"babytalkzone.com",4742,633991,1,1,373066,2605448,346543,10/01/2008 00:00,10/08/2013 00:00,"74.84.138.104","74.84.138.0","US","com",30,27,1,20/05/2013 00:00,21/05/2013 00:00
238,"olivearticles.com",1347,650281,1,1,6501512,131881,51300,26/07/2010 00:00,01/08/2013 00:00,"82.98.86.165","82.98.86.0","DE","com",14,7,1,06/06/2013 00:00,06/06/2013 00:00
239,"articledome.com",5765,671095,1,1,180797,205255,42196,05/01/2011 00:00,05/08/2013 00:00,"82.98.86.178","82.98.86.0","DE","com",21,8,1,15/06/2012 00:00,15/06/2012 00:00
240,"dwarkadelhi.com",4082,685095,1,1,86508,37303,23574,02/11/2011 00:00,10/08/2013 00:00,"106.10.153.167","106.10.153.0","SG","com",50,10,1,04/03/2013 00:00,04/03/2013 00:00
241,"articlesarefree.com",5144,745915,1,1,66761,200594,48632,16/11/2011 00:00,31/07/2013 00:00,"216.172.184.213","216.172.184.0","US","com",26,8,1,05/03/2013 00:00,05/03/2013 00:00
242,"cinosanap.eu",456,764178,1,1,60881,147321,38701,17/07/2012 00:00,10/08/2013 00:00,"46.234.106.48","46.234.106.0","CZ","eu",24,32,1,19/03/2013 00:00,19/03/2013 00:00
243,"articleinside.com",986,995864,1,1,194633,308389,64981,31/03/2011 00:00,05/08/2013 00:00,"82.98.86.178","82.98.86.0","DE","com",14,6,1,13/06/2012 00:00,13/06/2012 00:00
244,"hotarticle.org",5665,997397,1,1,237971,399499,71970,21/01/2008 00:00,09/08/2013 00:00,"82.98.86.171","82.98.86.0","DE","org",20,6,1,26/04/2012 00:00,26/04/2012 00:00
245,"penyet.net",2700,-1,1,1,639448,510861,272943,31/01/2008 00:00,10/08/2013 00:00,"208.87.35.103","208.87.35.0","BS","net",29,22,1,12/04/2012 00:00,12/04/2012 00:00
246,"bokmassan.se",1495,-1,1,1,79044,171207,58549,30/10/2009 00:00,10/08/2013 00:00,"93.94.209.11","93.94.209.0","SE","se",43,33,1,15/08/2012 00:00,15/08/2012 00:00
247,"kittenplay.biz",2483,-1,1,1,135170,38695,19847,29/01/2011 00:00,10/08/2013 00:00,"176.74.176.167","176.74.176.0","UK","biz",25,4,1,16/05/2012 00:00,16/05/2012 00:00
248,"devonmiles.net",123,-1,1,1,567,2052990,55544,25/01/2008 00:00,24/07/2013 00:00,"74.53.54.189","74.53.54.0","US","net",6,4,1,23/04/2008 00:00,23/04/2008 00:00
249,"free-articledirectory.org",925,-1,1,1,8093,92693,63204,14/04/2008 00:00,27/06/2013 00:00,"50.34.255.200","50.34.255.0","US","org",12,5,1,16/03/2013 00:00,16/03/2013 00:00
250,"e-shopkart.org",1808,-1,1,1,67375,140495,67457,07/04/2013 00:00,10/08/2013 00:00,"203.124.117.1","203.124.117.0","SG","org",30,6,1,07/05/2013 00:00,07/05/2013 00:00
251,"1stfind.com",7947,-1,1,1,280556,1100430,143207,23/01/2008 00:00,29/06/2013 00:00,"66.96.160.128","66.96.160.0","US","com",25,16,1,13/06/2012 00:00,13/06/2012 00:00
252,"4bukmark.com",1387,-1,1,1,46528,157431,68331,09/04/2013 00:00,10/08/2013 00:00,"46.30.211.55","46.30.211.0","DK","com",32,17,1,06/05/2013 00:00,04/08/2013 00:00
253,"4rss.com",4423,-1,1,1,135023,295172,68464,15/10/2011 00:00,10/08/2013 00:00,"67.192.87.169","67.192.87.0","US","com",26,20,1,27/08/2012 00:00,22/12/2012 00:00
254,"yolgecenhani.net",920,-1,1,1,48980,104065,48670,10/07/2008 00:00,06/08/2013 00:00,"184.168.221.44","184.168.221.0","US","net",18,7,1,08/05/2013 00:00,08/05/2013 00:00
255,"96147.com",5566,-1,1,1,456593,3585501,369120,29/09/2010 00:00,30/01/2013 00:00,"91.121.81.175","91.121.81.0","FR","com",15,6,1,07/02/2011 00:00,07/02/2011 00:00
256,"aitirlab.com",2721,-1,1,1,102263,262479,101708,14/10/2011 00:00,10/08/2013 00:00,"208.87.35.103","208.87.35.0","BS","com",28,7,1,15/06/2012 00:00,15/06/2012 00:00
257,"online-articles-directory.net",793,-1,1,1,4655,46116,35248,19/06/2012 00:00,15/07/2013 00:00,"50.34.255.200","50.34.255.0","US","net",16,8,1,17/03/2013 00:00,15/04/2013 00:00
258,"apicsud.com",3592,-1,1,1,48456,29791,9629,09/02/2008 00:00,13/09/2012 00:00,"208.73.211.152","208.73.211.0","US","com",14,5,1,06/04/2012 00:00,06/04/2012 00:00
259,"pennyauctiontimes.com",2436,-1,1,1,20978,10571,2487,01/04/2011 00:00,09/08/2013 00:00,"74.208.237.254","74.208.237.0","US","com",18,4,1,14/06/2012 00:00,14/06/2012 00:00
260,"contractorblock.com",94,-1,1,1,3121,27147,17268,09/01/2013 00:00,10/08/2013 00:00,"50.97.78.210","50.97.78.0","US","com",21,2,1,04/04/2013 00:00,01/07/2013 00:00
261,"articlestrip.com",8858,-1,1,1,619626,112112,56269,08/05/2012 00:00,28/04/2013 00:00,"198.154.205.78","198.154.205.0","US","com",25,8,1,23/02/2013 00:00,23/02/2013 00:00
262,"goliathcompany.com",86,-1,1,1,316,118,95,18/02/2008 00:00,10/08/2013 00:00,"69.89.31.171","69.89.31.0","US","com",17,5,1,26/06/2012 00:00,22/03/2013 00:00
263,"googlesblog.com",231,-1,1,1,6980,1252,700,20/06/2012 00:00,04/08/2013 00:00,"66.96.147.104","66.96.147.0","US","com",9,11,1,26/10/2012 00:00,26/10/2012 00:00
264,"hackensawboys.com",2880,-1,1,1,25072,4312,2297,13/01/2008 00:00,10/08/2013 00:00,"184.106.55.68","184.106.55.0","US","com",28,28,1,19/03/2011 00:00,07/11/2012 00:00
265,"homeremodelingdir.com",0,-1,1,1,0,59,58,04/03/2013 00:00,04/03/2013 00:00,"50.22.136.130","50.22.136.0","US","com",0,0,1,04/03/2013 00:00,04/03/2013 00:00
266,"howoma.com",256,-1,1,1,6993,22648,13243,11/11/2011 00:00,10/08/2013 00:00,"208.87.35.103","208.87.35.0","BS","com",17,1,1,03/06/2012 00:00,03/06/2012 00:00
267,"thelnj.com",1252,-1,1,1,34449,29426,21046,21/07/2011 00:00,31/07/2013 00:00,"108.167.152.233","108.167.152.0","US","com",28,2,1,10/07/2013 00:00,10/07/2013 00:00
268,"thearticlebeach2.com",5508,-1,1,1,126756,188966,86688,15/10/2011 00:00,10/08/2013 00:00,"184.173.195.90","184.173.195.0","US","com",35,3,1,04/07/2012 00:00,04/07/2012 00:00
269,"industrynews247.com",219,-1,1,1,7980,14380,10283,27/02/2013 00:00,10/08/2013 00:00,"192.69.201.154","192.69.201.0","US","com",12,5,1,14/07/2013 00:00,14/07/2013 00:00
270,"yamahdi.com",1448,-1,1,1,24320,3571,2462,07/02/2008 00:00,30/07/2013 00:00,"108.167.174.51","108.167.174.0","US","com",24,14,1,28/08/2012 00:00,28/08/2012 00:00
271,"teennewspaper.com",16959,-1,1,1,705584,439746,223756,19/05/2008 00:00,10/08/2013 00:00,"176.74.176.167","176.74.176.0","UK","com",39,10,1,10/07/2012 00:00,10/07/2012 00:00
272,"sharepointresourcecenter.com",5852,-1,1,1,120671,1946,1838,29/08/2010 00:00,10/08/2013 00:00,"66.147.244.177","66.147.244.0","US","com",23,7,1,25/08/2012 00:00,22/03/2013 00:00
273,"servicelance.com",1532,-1,1,1,19783,4189,4164,21/12/2011 00:00,10/08/2013 00:00,"96.30.50.16","96.30.50.0","US","com",29,7,1,08/03/2013 00:00,05/07/2013 00:00
274,"sbhnews.com",121,-1,1,1,1256,5543,2326,08/11/2011 00:00,13/09/2012 00:00,"67.215.66.132","67.215.66.0","US","com",7,0,1,13/09/2012 00:00,13/09/2012 00:00
275,"savannahshappenings.com",981,-1,1,1,9051,18553,16507,27/01/2008 00:00,10/08/2013 00:00,"67.199.85.105","67.199.85.0","US","com",24,15,1,15/03/2013 00:00,05/07/2013 00:00
276,"movietrailerzones.com",1330,-1,1,1,36006,77465,36081,13/10/2011 00:00,31/07/2013 00:00,"119.18.61.133","119.18.61.0","IN","com",14,2,1,14/06/2012 00:00,14/06/2012 00:00
277,"nevadacareers.com",5,-1,1,1,32,144390,11834,13/02/2011 00:00,10/08/2013 00:00,"173.212.56.184","173.212.56.0","US","com",0,0,1,09/05/2011 00:00,09/05/2011 00:00
278,"newmarketservices.com",190,-1,1,1,48791,136072,64564,15/02/2008 00:00,10/08/2013 00:00,"184.82.172.180","184.82.172.0","US","com",21,2,1,18/03/2012 00:00,12/12/2012 00:00
279,"palmtreegalleries.com",1632,-1,1,1,9937,234613,133534,15/07/2009 00:00,10/08/2013 00:00,"118.139.170.1","118.139.170.0","SG","com",20,7,1,10/06/2013 00:00,10/06/2013 00:00
280,"kkr-fans-news-blog.com",1798,-1,1,1,21200,43451,36996,19/06/2012 00:00,10/08/2013 00:00,"174.122.93.68","174.122.93.0","US","com",33,8,1,03/03/2013 00:00,13/07/2013 00:00
281,"cushendall.net",18,-1,1,1,25,440933,440933,30/06/2009 00:00,10/07/2013 00:00,"82.98.86.167","82.98.86.0","DE","net",0,0,1,23/05/2010 00:00,23/05/2010 00:00
282,"dotnow.in",229,-1,1,1,1520,1584,767,03/12/2010 00:00,10/08/2013 00:00,"202.71.129.6","202.71.129.0","IN","in",9,3,1,19/04/2012 00:00,19/04/2012 00:00
283,"articlesnare.info",7984,-1,1,1,184724,43685,9401,02/01/2012 00:00,01/03/2013 00:00,"74.86.197.160","74.86.197.0","US","info",20,5,1,16/06/2012 00:00,16/06/2012 00:00
284,"copper.jp",21,-1,1,1,2640,271553,28222,18/03/2008 00:00,04/11/2009 00:00,"81.200.64.50","81.200.64.0","UK","jp",0,0,1,02/05/2008 00:00,02/05/2008 00:00
285,"yourweb148.info",70,-1,1,1,4005,25345,17332,12/01/2009 00:00,23/09/2009 00:00,"","","","info",0,0,1,14/09/2009 00:00,14/09/2009 00:00
286,"writerscourt.info",27,-1,1,1,158,764,398,19/06/2012 00:00,02/07/2012 00:00,"81.200.64.50","81.200.64.0","UK","info",5,0,1,29/06/2012 00:00,29/06/2012 00:00
287,"artikelpagina.com",734,-1,1,1,6676,22913,11191,21/06/2012 00:00,08/08/2013 00:00,"82.98.86.178","82.98.86.0","DE","com",14,3,1,25/02/2013 00:00,25/02/2013 00:00
288,"startfoxnews.info",41,-1,1,1,229,38987,35760,04/05/2013 00:00,10/08/2013 00:00,"","","","info",14,4,1,28/06/2013 00:00,28/06/2013 00:00
289,"solorpanelnow.info",43,-1,1,1,1487,18238,13620,26/02/2013 00:00,10/08/2013 00:00,"174.120.8.251","174.120.8.0","US","info",4,0,1,13/07/2013 00:00,13/07/2013 00:00
290,"presumptionbackroom.info",132,-1,1,1,523,923,158,19/06/2012 00:00,06/11/2012 00:00,"68.178.232.100","68.178.232.0","US","info",7,0,1,10/07/2012 00:00,10/07/2012 00:00
291,"bestarticledirectoryservice.com",482,-1,1,1,82808,79261,24415,07/12/2011 00:00,18/05/2013 00:00,"216.237.121.186","216.237.121.0","US","com",11,3,1,16/03/2013 00:00,16/03/2013 00:00
292,"articlebliss.info",7600,-1,1,1,429378,227160,146715,02/06/2010 00:00,10/08/2013 00:00,"208.87.35.103","208.87.35.0","BS","info",29,4,1,19/04/2012 00:00,19/04/2012 00:00
293,"onlinedealwebsite.info",1266,-1,1,1,33071,161989,65428,20/04/2013 00:00,10/08/2013 00:00,"","","","info",28,6,1,07/05/2013 00:00,07/05/2013 00:00
294,"carissaraman.com",1752,-1,1,1,51247,29230,20115,06/08/2010 00:00,10/08/2013 00:00,"50.22.11.58","50.22.11.0","US","com",13,4,1,21/04/2012 00:00,21/04/2012 00:00
295,"championshipsubdivisionnews.com",7515,-1,1,1,382303,228995,103698,21/03/2008 00:00,10/08/2013 00:00,"216.249.99.66","216.249.99.0","US","com",41,18,1,20/02/2013 00:00,20/02/2013 00:00
296,"guesscorner.info",214,-1,1,1,3939,1766,268,16/06/2012 00:00,25/07/2012 00:00,"68.178.232.100","68.178.232.0","US","info",7,0,1,17/07/2012 00:00,17/07/2012 00:00
297,"cityregions.com",681,-1,1,1,297913,240167,101216,23/01/2008 00:00,10/08/2013 00:00,"192.69.201.154","192.69.201.0","US","com",26,15,1,07/09/2012 00:00,02/08/2013 00:00
298,"postsbm.com",692,-1,1,1,8217,97556,45838,21/04/2013 00:00,10/08/2013 00:00,"","","","com",25,7,1,04/05/2013 00:00,04/05/2013 00:00
299,"compositionquarter.info",125,-1,1,1,415,817,727,18/06/2012 00:00,,"62.157.140.133","62.157.140.0","DE","info",8,0,1,25/03/2012 00:00,25/03/2012 00:00
300,"dietmogul.com",6232,-1,1,1,105670,92206,63587,11/04/2010 00:00,28/07/2013 00:00,"5.135.178.199","5.135.178.0","FR","com",32,6,1,06/07/2012 00:00,02/03/2013 00:00
301,"bzlinks.info",307,-1,1,1,2048,117715,22930,20/04/2010 00:00,09/08/2013 00:00,"64.95.64.194","64.95.64.0","US","info",17,6,1,12/09/2010 00:00,05/11/2011 00:00
302,"buyfollowers-ontwitter.com",6,-1,1,1,47608,21076,16254,30/06/2013 00:00,10/08/2013 00:00,"67.228.207.197","67.228.207.0","US","com",14,9,1,05/08/2013 00:00,05/08/2013 00:00
303,"gasta.co.za",114,-1,1,1,40808,1025104,1025104,28/06/2008 00:00,12/03/2013 00:00,"91.210.235.70","91.210.235.0","IE","za",7,3,1,20/05/2010 00:00,20/05/2010 00:00
