"Position","Domain","RefDomains","AlexaRank","Matches","MatchedLinks","ExtBackLinks","IndexedURLs","CrawledURLs","FirstCrawled","LastSuccessfulCrawl","IP","SubNet","CountryCode","TLD","CitationFlow","TrustFlow","BackLinks_arizonasandsrvpark.com","FirstLinkDate_arizonasandsrvpark.com","LastLinkDate_arizonasandsrvpark.com"
1,"ieurotourism.eu",150,-1,1,41,83636,262236,173441,28/09/2008 00:00,02/07/2009 00:00,"193.136.92.50","193.136.92.0","PT","eu",8,6,41,01/12/2008 00:00,01/12/2008 00:00
2,"memorexa.com",5875,-1,1,36,2583906,976949,538162,09/01/2008 00:00,22/06/2012 00:00,"67.15.247.197","67.15.247.0","US","com",19,14,36,13/05/2009 00:00,13/05/2009 00:00
3,"americantrailsrv.com",9,-1,1,29,67,76,59,20/06/2012 00:00,18/07/2013 00:00,"174.122.114.250","174.122.114.0","US","com",5,7,29,02/10/2012 00:00,01/07/2013 00:00
4,"listingsarizona.com",312,-1,1,29,1340,390897,85345,16/01/2008 00:00,16/11/2012 00:00,"209.62.111.242","209.62.111.0","US","com",7,3,29,18/02/2008 00:00,03/11/2012 00:00
5,"elmonterv.com",9009,153507,1,28,422217,39242,25901,10/02/2008 00:00,10/08/2013 00:00,"66.223.110.182","66.223.110.0","US","com",41,51,28,02/08/2010 00:00,22/02/2012 00:00
6,"listingsus.com",5441,200807,1,27,2636970,4204787,1923059,09/01/2008 00:00,10/08/2013 00:00,"209.62.111.242","209.62.111.0","US","com",35,20,27,30/03/2008 00:00,09/10/2012 00:00
7,"scopek.com",7149,-1,1,27,98612,8495010,1101060,03/01/2009 00:00,02/08/2013 00:00,"173.201.44.120","173.201.44.0","US","com",18,19,27,28/07/2009 00:00,04/09/2009 00:00
8,"advancedseniorsolutions.com",2385,-1,1,22,135483,129612,100263,20/01/2008 00:00,10/08/2013 00:00,"38.113.1.225","38.113.1.0","US","com",23,19,22,25/05/2008 00:00,25/05/2008 00:00
9,"recreation-0105afqfz.info",4,-1,1,14,13,65349,62391,02/05/2010 00:00,03/11/2010 00:00,"","","","info",0,0,14,19/09/2010 00:00,19/09/2010 00:00
10,"recreation-0208alwsv.info",5,-1,1,14,2840,68570,51578,21/05/2010 00:00,15/01/2013 00:00,"199.59.163.207","199.59.163.0","US","info",0,0,14,18/10/2010 00:00,18/10/2010 00:00
11,"recreation-0232alwsv.info",4,-1,1,13,267,65235,50122,21/05/2010 00:00,03/11/2010 00:00,"216.8.179.24","216.8.179.0","CA","info",0,0,13,07/08/2010 00:00,07/08/2010 00:00
12,"recreation-0212alwsv.info",2,-1,1,13,5099,70128,55309,21/05/2010 00:00,03/11/2010 00:00,"","","","info",0,0,13,29/09/2010 00:00,29/09/2010 00:00
13,"recreation-0210alwsv.info",3,-1,1,12,3593,68775,47767,21/08/2010 00:00,03/11/2010 00:00,"","","","info",0,0,12,19/10/2010 00:00,19/10/2010 00:00
14,"recreation-0107afqfz.info",3,-1,1,12,4713,69479,51318,20/05/2010 00:00,03/11/2010 00:00,"","","","info",0,0,12,20/10/2010 00:00,20/10/2010 00:00
15,"recreation-0230alwsv.info",4,-1,1,12,3009,67953,42537,21/05/2010 00:00,03/11/2010 00:00,"","","","info",0,0,12,30/09/2010 00:00,30/09/2010 00:00
16,"themecraft.net",19978,14017,1,11,2788845,8022898,406378,30/12/2009 00:00,10/08/2013 00:00,"207.45.184.218","207.45.184.0","US","net",42,31,11,29/09/2012 00:00,29/09/2012 00:00
17,"ffastream.com",1,-1,1,11,2,494971,494971,18/03/2008 00:00,08/08/2013 00:00,"199.101.28.20","199.101.28.0","US","com",0,0,11,22/04/2008 00:00,05/08/2008 00:00
18,"propertyoxford.net",33,-1,1,11,5955,715672,715672,29/09/2008 00:00,25/06/2013 00:00,"82.98.86.172","82.98.86.0","DE","net",0,0,11,15/03/2010 00:00,03/04/2010 00:00
19,"cobatan.com",0,-1,1,10,0,969804,969804,13/09/2008 00:00,07/07/2013 00:00,"67.215.66.132","67.215.66.0","US","com",0,0,10,17/10/2008 00:00,13/11/2008 00:00
20,"recreation-0202alwsv.info",2,-1,1,10,5045,70328,56934,21/08/2010 00:00,03/11/2010 00:00,"","","","info",0,0,10,09/10/2010 00:00,09/10/2010 00:00
21,"propertypeterborough.com",341,-1,1,10,2835150,875784,389996,07/10/2009 00:00,28/06/2013 00:00,"82.98.86.172","82.98.86.0","DE","com",5,0,10,25/03/2010 00:00,10/04/2010 00:00
22,"yellowbook.com",575895,5240,1,9,99719647,94548067,2052762,09/01/2008 00:00,10/08/2013 00:00,"12.111.223.136","12.111.223.0","US","com",63,62,9,25/09/2010 00:00,25/09/2010 00:00
23,"propertybrittany.com",362,-1,1,9,7024333,1185466,525829,05/07/2009 00:00,09/08/2013 00:00,"176.74.176.167","176.74.176.0","UK","com",10,0,9,24/01/2010 00:00,16/02/2010 00:00
24,"doire.com",396,-1,1,9,949814,1324008,212278,14/12/2009 00:00,10/02/2013 00:00,"82.98.86.163","82.98.86.0","DE","com",5,0,9,26/04/2010 00:00,23/10/2011 00:00
25,"recreation-0214alwsv.info",4,-1,1,9,2652,67787,54279,21/05/2010 00:00,03/11/2010 00:00,"80.156.86.78","80.156.86.0","DE","info",0,0,9,07/08/2010 00:00,07/08/2010 00:00
26,"recreation-0206alwsv.info",4,-1,1,9,9695,74163,72128,28/06/2010 00:00,03/11/2010 00:00,"","","","info",0,0,9,27/09/2010 00:00,27/09/2010 00:00
27,"propertywatford.com",9,-1,1,9,11,337802,337801,05/11/2009 00:00,20/07/2013 00:00,"82.98.86.172","82.98.86.0","DE","com",0,0,9,26/04/2010 00:00,28/12/2011 00:00
28,"botw.org",68497,8363,1,8,11404714,4406796,947208,21/01/2008 00:00,10/08/2013 00:00,"209.73.194.21","209.73.194.0","US","org",51,44,8,20/11/2009 00:00,20/11/2009 00:00
29,"nilandsplace.com",1671,411669,1,8,10361,313776,154883,23/01/2008 00:00,10/08/2013 00:00,"216.224.174.35","216.224.174.0","US","com",25,11,8,15/07/2010 00:00,15/07/2010 00:00
30,"7live7.net",2,-1,1,8,154,1077117,1077117,17/07/2009 00:00,09/08/2013 00:00,"184.168.221.96","184.168.221.0","US","net",0,0,8,11/01/2011 00:00,11/01/2011 00:00
31,"ahrensadventures.com",241,-1,1,8,3808,643,445,21/01/2008 00:00,02/02/2013 00:00,"69.93.241.226","69.93.241.0","US","com",10,8,8,19/03/2011 00:00,25/03/2011 00:00
32,"campster.com",934,-1,1,7,18046,118665,84266,25/11/2008 00:00,09/08/2013 00:00,"72.167.253.212","72.167.253.0","US","com",19,19,7,19/05/2011 00:00,08/04/2013 00:00
33,"mpcsol.com",1818,-1,1,7,343732,3280805,1143529,09/01/2008 00:00,10/08/2013 00:00,"72.29.73.35","72.29.73.0","US","com",26,24,7,18/09/2008 00:00,18/09/2008 00:00
34,"stormfrogdev2.com",18,-1,1,7,1242,7971,6794,04/01/2011 00:00,10/08/2013 00:00,"173.84.33.228","173.84.33.0","US","com",35,27,7,12/02/2013 00:00,30/06/2013 00:00
35,"discoverourtown.com",35570,41811,1,6,2359737,1055444,593334,09/01/2008 00:00,10/08/2013 00:00,"216.139.215.90","216.139.215.0","US","com",42,48,6,06/10/2008 00:00,05/03/2012 00:00
36,"rvparkreviews.com",8682,91712,1,6,418904,362363,272796,09/01/2008 00:00,10/08/2013 00:00,"206.41.251.4","206.41.251.0","US","com",44,35,6,11/02/2008 00:00,29/04/2013 00:00
37,"findouter.com",4219,145021,1,6,727474,198105,127829,12/02/2008 00:00,10/08/2013 00:00,"72.249.190.118","72.249.190.0","US","com",32,33,6,04/06/2010 00:00,18/01/2013 00:00
38,"passport-america.com",5213,533091,1,6,100356,43846,24627,10/01/2008 00:00,10/08/2013 00:00,"74.205.119.18","74.205.119.0","US","com",38,29,6,07/06/2012 00:00,01/07/2013 00:00
39,"immobat-maroc.com",1401,-1,1,6,65707,2249335,345966,12/01/2008 00:00,10/01/2013 00:00,"69.43.161.166","69.43.161.0","US","com",9,10,6,26/03/2008 00:00,31/05/2008 00:00
40,"campingquebec.com",3801,-1,1,6,126012,234791,126103,09/01/2008 00:00,10/08/2013 00:00,"72.55.128.113","72.55.128.0","CA","com",40,50,6,08/03/2008 00:00,08/03/2008 00:00
41,"anypages.com",14,-1,1,6,2313,1137093,1137092,09/01/2008 00:00,10/08/2013 00:00,"210.24.197.35","210.24.197.0","SG","com",6,0,6,11/10/2009 00:00,11/10/2009 00:00
42,"keyword-directory.com",602,-1,1,6,778560,6393119,1103515,15/11/2009 00:00,10/08/2013 00:00,"173.244.181.116","173.244.181.0","US","com",8,3,6,02/03/2010 00:00,02/03/2010 00:00
43,"myrvtalk.com",1851,-1,1,6,17485,238012,112594,05/02/2008 00:00,10/08/2013 00:00,"96.127.161.18","96.127.161.0","US","com",19,10,6,15/01/2012 00:00,07/06/2013 00:00
44,"propertywigan.com",21,-1,1,6,3539,479419,479418,05/11/2009 00:00,21/07/2013 00:00,"82.98.86.172","82.98.86.0","DE","com",0,0,6,04/03/2010 00:00,30/03/2010 00:00
45,"gridir.com",105,102797,1,5,148028,211018,172627,09/10/2012 00:00,10/08/2013 00:00,"50.16.239.77","50.16.239.0","US","com",58,25,5,01/03/2013 00:00,01/03/2013 00:00
46,"easyhotels4u.com",133,-1,1,5,1039,1540285,78217,24/06/2008 00:00,27/01/2013 00:00,"217.70.184.38","217.70.184.0","FR","com",7,11,5,04/09/2008 00:00,30/09/2008 00:00
47,"recreationkeywords.net",2,-1,1,5,2,1272054,1272053,31/01/2008 00:00,01/12/2010 00:00,"173.244.181.125","173.244.181.0","US","net",0,0,5,15/03/2009 00:00,15/03/2009 00:00
48,"d-yn.com",284,-1,1,5,164772,390247,120303,07/11/2010 00:00,10/08/2013 00:00,"192.30.136.146","192.30.136.0","US","com",24,21,5,03/04/2013 00:00,03/04/2013 00:00
49,"belfastonline.com",45,-1,1,5,22389,1074813,1074812,20/04/2009 00:00,12/02/2013 00:00,"82.98.86.167","82.98.86.0","DE","com",0,0,5,25/08/2010 00:00,25/08/2010 00:00
50,"searchmaze.com",1396,-1,1,5,375014,239503,160478,10/01/2008 00:00,10/08/2013 00:00,"213.206.113.136","213.206.113.0","NL","com",26,26,5,18/02/2008 00:00,18/02/2008 00:00
51,"dublinproperties.com",13,-1,1,5,1626,1028468,1028468,01/05/2009 00:00,12/02/2013 00:00,"82.98.86.169","82.98.86.0","DE","com",0,0,5,12/01/2010 00:00,27/06/2010 00:00
52,"queensisland.com",19,-1,1,5,5902,1226487,1226487,15/07/2009 00:00,12/01/2013 00:00,"82.98.86.178","82.98.86.0","DE","com",0,0,5,01/05/2010 00:00,25/05/2010 00:00
53,"zzjia.com",340,-1,1,5,5232,298910,109163,04/01/2010 00:00,07/08/2013 00:00,"116.255.164.46","116.255.164.0","CN","com",15,9,5,09/04/2013 00:00,09/04/2013 00:00
54,"dmoz.org",569403,1059,1,4,1094375544,55944258,3010654,09/01/2008 00:00,10/08/2013 00:00,"205.188.87.207","205.188.87.0","US","org",79,82,4,08/03/2008 00:00,26/09/2010 00:00
55,"passportamerica.com",2595,453988,1,4,549708,34068,19973,28/01/2008 00:00,08/08/2013 00:00,"166.78.215.161","166.78.215.0","US","com",32,34,4,03/06/2012 00:00,03/06/2012 00:00
56,"seotg.com.cn",1285,-1,1,4,1136674,1325195,447353,14/11/2009 00:00,10/08/2013 00:00,"58.64.137.200","58.64.137.0","HK","cn",28,9,4,11/05/2013 00:00,12/05/2013 00:00
57,"matrixbookstore.biz",2310,-1,1,4,11168,1074,924,25/06/2008 00:00,10/08/2013 00:00,"66.241.225.205","66.241.225.0","US","biz",35,31,4,22/06/2009 00:00,01/07/2013 00:00
58,"recreation-0204alwsv.info",4,-1,1,4,131,47713,13837,15/06/2010 00:00,03/11/2010 00:00,"","","","info",0,0,4,01/11/2010 00:00,01/11/2010 00:00
59,"gotravelaz.com",79,-1,1,4,11092,160,155,10/09/2011 00:00,10/08/2013 00:00,"69.89.21.68","69.89.21.0","US","com",23,15,4,23/01/2011 00:00,10/07/2013 00:00
60,"dinggeqiu.com",138,-1,1,4,391281,384594,93860,11/01/2013 00:00,10/08/2013 00:00,"50.115.128.51","50.115.128.0","US","com",12,2,4,13/05/2013 00:00,13/05/2013 00:00
61,"cxteaw.com",705,-1,1,4,69087,560440,112825,10/09/2010 00:00,10/08/2013 00:00,"199.193.64.150","199.193.64.0","US","com",35,9,4,13/03/2013 00:00,13/03/2013 00:00
62,"deguoguan.net",100,-1,1,4,37190,288374,105212,23/02/2013 00:00,10/08/2013 00:00,"59.188.31.238","59.188.31.0","HK","net",13,10,4,18/03/2013 00:00,18/03/2013 00:00
63,"links4us.com",1273,-1,1,4,533541,2460226,764770,09/01/2008 00:00,06/10/2010 00:00,"69.43.161.167","69.43.161.0","US","com",15,9,4,13/07/2009 00:00,13/07/2009 00:00
64,"dzbtw.com",0,-1,1,4,0,40138,40138,06/03/2013 00:00,10/08/2013 00:00,"202.134.77.20","202.134.77.0","HK","com",0,0,4,10/04/2013 00:00,03/08/2013 00:00
65,"youtravelarizona.com",113,-1,1,4,11060,157,155,13/04/2011 00:00,15/02/2013 00:00,"69.89.22.127","69.89.22.0","US","com",15,14,4,08/05/2009 00:00,04/02/2013 00:00
66,"11111a.com",617,-1,1,4,5922,193908,65256,10/05/2010 00:00,10/08/2013 00:00,"113.10.144.97","113.10.144.0","HK","com",31,13,4,25/04/2013 00:00,27/04/2013 00:00
67,"clicks2travel.com",85,-1,1,4,256,28494,21981,09/01/2008 00:00,10/08/2013 00:00,"67.18.0.8","67.18.0.0","US","com",12,7,4,26/03/2008 00:00,26/03/2008 00:00
68,"bazsites.com",1128,181144,1,3,92684,1974749,708366,24/01/2008 00:00,10/08/2013 00:00,"209.62.124.61","209.62.124.0","US","com",25,14,3,10/09/2009 00:00,10/09/2009 00:00
69,"57883.net",8428,220763,1,3,106605,2091795,339201,03/04/2010 00:00,10/08/2013 00:00,"223.5.194.193","223.5.194.0","CN","net",33,9,3,14/04/2013 00:00,06/07/2013 00:00
70,"web-max.ca",2880,235353,1,3,1752919,3955384,1028447,28/01/2008 00:00,10/08/2013 00:00,"64.22.71.229","64.22.71.0","US","ca",32,18,3,15/05/2010 00:00,28/05/2013 00:00
71,"26513.cn",2290,481853,1,3,122558,1755002,284914,21/12/2009 00:00,10/08/2013 00:00,"101.55.32.55","101.55.32.0","KR","cn",16,23,3,19/05/2013 00:00,19/05/2013 00:00
72,"7yue.org",1930,529048,1,3,74676,931410,245171,06/09/2008 00:00,10/08/2013 00:00,"103.30.42.35","103.30.42.0","HK","org",28,20,3,30/05/2013 00:00,01/06/2013 00:00
73,"rv-clubs.us",4267,645988,1,3,41410,2671,1324,01/02/2008 00:00,10/08/2013 00:00,"184.173.117.75","184.173.117.0","US","us",32,27,3,21/01/2008 00:00,10/01/2013 00:00
74,"odyssearch.com",2728,753909,1,3,67212,1723655,645159,09/01/2008 00:00,10/08/2013 00:00,"69.55.52.54","69.55.52.0","US","com",31,24,3,19/10/2008 00:00,19/10/2008 00:00
75,"mtshastanews.com",19020,838927,1,3,490519,15464115,1201552,15/07/2008 00:00,10/08/2013 00:00,"205.139.40.72","205.139.40.0","US","com",33,35,3,05/10/2010 00:00,05/10/2010 00:00
76,"icatu.org",251,-1,1,3,3850,2747341,142875,26/01/2008 00:00,09/08/2013 00:00,"208.87.35.103","208.87.35.0","BS","org",16,19,3,07/02/2011 00:00,22/02/2011 00:00
77,"tatootags.com",27,-1,1,3,3598,1025782,1025781,12/01/2008 00:00,31/07/2013 00:00,"141.8.225.38","141.8.225.0","CH","com",0,0,3,30/09/2009 00:00,30/09/2009 00:00
78,"businessxtra.com",46,-1,1,3,194,65122,50882,18/01/2008 00:00,10/08/2013 00:00,"64.74.223.46","64.74.223.0","US","com",13,2,3,20/07/2008 00:00,20/07/2008 00:00
79,"abigato.com",69,-1,1,3,261,173221,93505,16/10/2010 00:00,10/08/2013 00:00,"206.41.251.156","206.41.251.0","US","com",14,9,3,04/01/2011 00:00,10/03/2013 00:00
80,"campgroundreviews.com",136,-1,1,3,1229,176120,128343,01/04/2008 00:00,10/08/2013 00:00,"206.41.251.4","206.41.251.0","US","com",8,0,3,22/11/2009 00:00,26/05/2013 00:00
81,"103721.com",83,-1,1,3,9558,272810,91186,19/02/2013 00:00,10/08/2013 00:00,"174.139.17.140","174.139.17.0","US","com",27,6,3,10/04/2013 00:00,10/04/2013 00:00
82,"coalisland.net",11,-1,1,3,15,585417,585417,09/04/2009 00:00,12/02/2013 00:00,"82.98.86.161","82.98.86.0","DE","net",0,0,3,24/04/2010 00:00,24/04/2010 00:00
83,"freeshippingstore.com",1,-1,1,3,2,195497,13582,16/01/2008 00:00,06/02/2013 00:00,"68.178.232.99","68.178.232.0","US","com",0,0,3,17/03/2008 00:00,17/03/2008 00:00
84,"careerskeywords.net",200,-1,1,3,125963,2037855,1016791,24/01/2008 00:00,17/12/2010 00:00,"173.244.181.125","173.244.181.0","US","net",5,0,3,05/04/2010 00:00,05/04/2010 00:00
85,"propertybristol.com",55,-1,1,3,16780,693102,693101,05/07/2009 00:00,05/06/2013 00:00,"82.98.86.172","82.98.86.0","DE","com",0,0,3,21/06/2010 00:00,29/06/2010 00:00
86,"yoddle.net",1236,-1,1,3,29356,5824006,691324,26/01/2008 00:00,31/07/2013 00:00,"64.74.223.32","64.74.223.0","US","net",15,14,3,03/10/2010 00:00,03/10/2010 00:00
87,"okdage.com",133,-1,1,3,1183,452821,126988,27/06/2012 00:00,10/08/2013 00:00,"74.82.188.228","74.82.188.0","US","com",14,1,3,19/03/2013 00:00,19/03/2013 00:00
88,"deridderdailynews.com",5029,-1,1,3,1877794,16637584,1264067,20/10/2008 00:00,10/08/2013 00:00,"63.240.213.244","63.240.213.0","US","com",22,28,3,04/10/2010 00:00,04/10/2010 00:00
89,"outdoormaniacs.com",469,-1,1,3,15150,23981,21519,28/01/2008 00:00,10/08/2013 00:00,"184.168.221.44","184.168.221.0","US","com",15,13,3,15/11/2008 00:00,15/11/2008 00:00
90,"propertyknightsbridge.com",47,-1,1,3,7480,678138,678137,14/10/2008 00:00,28/06/2013 00:00,"82.98.86.172","82.98.86.0","DE","com",0,0,3,13/04/2010 00:00,10/05/2010 00:00
91,"talash.in",14,-1,1,3,20,1144742,1144742,22/06/2009 00:00,18/10/2012 00:00,"67.215.66.132","67.215.66.0","US","in",0,0,3,01/12/2010 00:00,01/12/2010 00:00
92,"rvparkreviews.net",263,-1,1,3,41503,155878,115736,22/01/2008 00:00,10/08/2013 00:00,"206.41.251.4","206.41.251.0","US","net",22,5,3,17/02/2011 00:00,05/06/2013 00:00
93,"ming990.com",73,-1,1,3,2104312,320516,108408,09/02/2012 00:00,10/08/2013 00:00,"141.101.116.155","141.101.116.0","EU","com",23,10,3,13/03/2013 00:00,13/03/2013 00:00
94,"microchip-technology.com",239,-1,1,3,23896,3484486,694474,13/05/2008 00:00,27/01/2013 00:00,"208.73.211.152","208.73.211.0","US","com",6,0,3,31/08/2009 00:00,31/08/2009 00:00
95,"wcoutlook.com",1868,-1,1,3,47892,17938862,1276986,26/01/2008 00:00,10/08/2013 00:00,"74.84.203.173","74.84.203.0","US","com",28,29,3,13/10/2010 00:00,13/10/2010 00:00
96,"gasta.ie",316,-1,1,3,469251,1594907,1594906,26/01/2008 00:00,20/03/2013 00:00,"91.210.235.70","91.210.235.0","IE","ie",4,0,3,30/11/2010 00:00,30/11/2010 00:00
97,"webmii.es",5319,-1,1,3,4189967,24248605,495597,06/02/2010 00:00,10/08/2013 00:00,"195.95.224.130","195.95.224.0","FR","es",27,10,3,10/10/2011 00:00,03/01/2012 00:00
98,"jordanstown.com",420,-1,1,3,796671,2583220,257659,30/09/2009 00:00,17/05/2011 00:00,"67.215.66.132","67.215.66.0","US","com",6,0,3,09/05/2010 00:00,09/05/2010 00:00
99,"alexa700.com",0,-1,1,3,0,36185,36184,17/03/2013 00:00,09/08/2013 00:00,"59.188.241.118","59.188.241.0","HK","com",0,0,3,18/04/2013 00:00,20/04/2013 00:00
100,"gasta.co.uk",356,-1,1,3,799997,1285855,1285854,18/01/2008 00:00,29/06/2013 00:00,"91.210.235.70","91.210.235.0","IE","uk",0,0,3,14/04/2010 00:00,14/04/2010 00:00
101,"royalavenue.com",7,-1,1,3,5515,457103,457103,06/07/2009 00:00,12/02/2013 00:00,"82.98.86.173","82.98.86.0","DE","com",0,0,3,19/10/2011 00:00,09/11/2011 00:00
102,"ming991.com",57,-1,1,3,67532,215478,65899,17/02/2013 00:00,10/08/2013 00:00,"108.162.197.79","108.162.197.0","US","com",20,3,3,06/05/2013 00:00,06/05/2013 00:00
103,"accessattractions.com",3977,-1,1,3,92959,37410,26579,14/01/2008 00:00,18/09/2009 00:00,"68.178.232.99","68.178.232.0","US","com",14,12,3,14/01/2008 00:00,14/01/2008 00:00
104,"aboutshortcut.com",1,-1,1,3,2,121570,121570,19/01/2008 00:00,19/08/2012 00:00,"91.121.81.175","91.121.81.0","FR","com",0,0,3,15/03/2008 00:00,19/11/2008 00:00
105,"frigglefraggle.com",867,-1,1,3,1531296,3469891,1497736,09/01/2008 00:00,01/12/2010 00:00,"67.215.66.132","67.215.66.0","US","com",8,6,3,20/06/2009 00:00,20/06/2009 00:00
106,"greensburgdailynews.com",6213,-1,1,3,258412,19586927,1361824,12/01/2008 00:00,10/08/2013 00:00,"74.84.203.168","74.84.203.0","US","com",35,31,3,27/08/2010 00:00,13/09/2010 00:00
107,"google.com",26799683,1,1,2,63044647699,10109867288,537445413,09/01/2008 00:00,10/08/2013 00:00,"173.194.75.103","173.194.75.0","US","com",99,99,2,02/03/2008 00:00,17/04/2011 00:00
108,"google.co.uk",1266722,27,1,2,541253096,67013036,2035314,09/01/2008 00:00,10/08/2013 00:00,"74.125.132.94","74.125.132.0","US","uk",72,78,2,18/05/2008 00:00,18/05/2008 00:00
109,"feedburner.com",2655894,833,1,2,8364787334,293875507,23259771,09/01/2008 00:00,10/08/2013 00:00,"74.125.225.128","74.125.225.0","US","com",92,91,2,10/12/2011 00:00,30/12/2011 00:00
110,"waff.com",41312,67828,1,2,1296691,20495047,1524171,08/02/2008 00:00,10/08/2013 00:00,"23.67.243.50","23.67.243.0","US","com",51,51,2,16/09/2010 00:00,16/09/2010 00:00
111,"bestsearching.com",920,77636,1,2,20459,6450088,714331,13/03/2008 00:00,08/08/2013 00:00,"64.99.64.37","64.99.64.0","CA","com",15,6,2,11/12/2010 00:00,11/12/2010 00:00
112,"allstays.com",12828,105952,1,2,6310790,19236031,1499948,09/01/2008 00:00,10/08/2013 00:00,"66.39.146.185","66.39.146.0","US","com",42,28,2,28/10/2011 00:00,24/05/2012 00:00
113,"lcsun-news.com",70723,134609,1,2,4259222,19200341,1598058,09/01/2008 00:00,10/08/2013 00:00,"90.84.50.137","90.84.50.0","FR","com",47,47,2,12/10/2010 00:00,12/10/2010 00:00
114,"cbel.com",10719,202819,1,2,1100806,16365163,297556,09/01/2008 00:00,10/08/2013 00:00,"50.112.240.103","50.112.240.0","US","com",39,29,2,07/10/2011 00:00,07/10/2011 00:00
115,"rvparking.com",1344,206046,1,2,36187,567431,260063,03/04/2008 00:00,10/08/2013 00:00,"74.84.128.215","74.84.128.0","US","com",31,22,2,16/08/2010 00:00,31/01/2013 00:00
116,"chinaurls.com",1054,247770,1,2,525792,457498,156306,19/11/2009 00:00,10/08/2013 00:00,"61.191.55.206","61.191.55.0","CN","com",21,20,2,24/04/2013 00:00,24/04/2013 00:00
117,"seekon.com",14206,261932,1,2,362771,224354,113069,09/01/2008 00:00,10/08/2013 00:00,"216.93.171.204","216.93.171.0","US","com",37,37,2,25/05/2009 00:00,09/03/2012 00:00
118,"travelersdigest.com",17392,339775,1,2,135204,26650,19170,09/01/2008 00:00,10/08/2013 00:00,"50.63.32.1","50.63.32.0","US","com",40,21,2,01/06/2008 00:00,10/04/2012 00:00
119,"anmeiqi.com",2459,343436,1,2,1698171,8591522,484486,28/03/2008 00:00,10/08/2013 00:00,"58.30.249.107","58.30.249.0","CN","com",52,15,2,27/07/2012 00:00,27/07/2012 00:00
120,"sxzhanz.com",777,388956,1,2,30894,275807,138777,27/09/2011 00:00,10/08/2013 00:00,"116.255.212.59","116.255.212.0","CN","com",26,23,2,28/03/2013 00:00,28/03/2013 00:00
121,"lenon.com",9325,500067,1,2,5365196,5485590,436935,09/01/2008 00:00,10/08/2013 00:00,"69.73.142.131","69.73.142.0","US","com",32,35,2,24/04/2013 00:00,24/04/2013 00:00
122,"geniusbot.com",767,529664,1,2,41484,1633414,450676,03/10/2009 00:00,16/06/2013 00:00,"176.9.29.235","176.9.29.0","DE","com",15,3,2,13/10/2011 00:00,03/11/2011 00:00
123,"webformation.co",375,564547,1,2,20363,163320,87177,17/11/2012 00:00,10/07/2013 00:00,"108.162.198.50","108.162.198.0","US","co",10,19,2,27/03/2013 00:00,27/03/2013 00:00
124,"medicineonline.com",12025,579108,1,2,261274,726628,443521,09/01/2008 00:00,10/08/2013 00:00,"208.65.251.180","208.65.251.0","US","com",37,46,2,31/07/2009 00:00,10/01/2013 00:00
125,"kub.it",4048,595237,1,2,39707,2721786,879387,09/01/2008 00:00,10/08/2013 00:00,"85.94.196.130","85.94.196.0","IT","it",31,30,2,29/10/2008 00:00,04/02/2013 00:00
126,"rvwest.com",13055,686702,1,2,173197,19604,16741,02/02/2008 00:00,10/08/2013 00:00,"98.129.229.184","98.129.229.0","US","com",32,36,2,10/11/2011 00:00,06/06/2012 00:00
127,"wearenetwork.com",3619,701550,1,2,344338,977531,508646,09/01/2008 00:00,10/08/2013 00:00,"31.171.249.254","31.171.249.0","CH","com",30,23,2,06/01/2011 00:00,09/04/2011 00:00
128,"startje.nu",6170,735546,1,2,1842589,9477196,901225,21/01/2008 00:00,10/08/2013 00:00,"95.211.164.229","95.211.164.0","NL","nu",31,45,2,02/04/2013 00:00,02/04/2013 00:00
129,"bizshark.com",5305,769137,1,2,82860,3580842,804183,21/05/2009 00:00,08/08/2013 00:00,"141.101.125.18","141.101.125.0","EU","com",24,23,2,21/08/2009 00:00,21/08/2009 00:00
130,"somerset-kentucky.com",7492,894463,1,2,367416,12343998,1049436,13/01/2008 00:00,10/08/2013 00:00,"74.84.203.168","74.84.203.0","US","com",35,30,2,03/11/2010 00:00,03/11/2010 00:00
131,"recordcourier.com",28763,910074,1,2,4068185,20290911,1431423,15/01/2008 00:00,10/08/2013 00:00,"64.94.90.94","64.94.90.0","US","com",43,40,2,06/10/2010 00:00,06/10/2010 00:00
132,"blanchardstown.net",12,-1,1,2,3425,1021925,1021925,08/06/2009 00:00,07/03/2013 00:00,"82.98.86.174","82.98.86.0","DE","net",0,0,2,29/03/2010 00:00,29/03/2010 00:00
133,"benzi.is",200,-1,1,2,23219,15890,13838,25/01/2008 00:00,10/08/2013 00:00,"157.157.130.114","157.157.130.0","IS","is",12,3,2,25/03/2013 00:00,07/07/2013 00:00
134,"howth.net",26,-1,1,2,6913,896006,896005,09/06/2009 00:00,28/06/2013 00:00,"82.98.86.171","82.98.86.0","DE","net",0,0,2,09/11/2010 00:00,09/11/2010 00:00
135,"kidskeywords.net",6,-1,1,2,10,1255545,1255545,03/02/2008 00:00,17/02/2013 00:00,"174.137.132.36","174.137.132.0","US","net",0,0,2,09/01/2010 00:00,09/01/2010 00:00
136,"kitv.com",52641,-1,1,2,3972883,8130371,863978,09/01/2008 00:00,10/08/2013 00:00,"207.152.124.11","207.152.124.0","US","com",48,40,2,06/08/2010 00:00,27/08/2010 00:00
137,"ito.net.cn",1287,-1,1,2,145877,196892,82763,05/06/2008 00:00,10/08/2013 00:00,"61.152.158.130","61.152.158.0","CN","cn",31,21,2,29/03/2013 00:00,13/05/2013 00:00
138,"qvea.com",273,-1,1,2,1502,1169285,276482,12/01/2008 00:00,15/08/2012 00:00,"208.91.197.54","208.91.197.0","UK","com",7,4,2,17/05/2008 00:00,17/05/2008 00:00
139,"7life7.net",4,-1,1,2,173,1081214,1081214,09/06/2009 00:00,10/08/2013 00:00,"184.168.221.96","184.168.221.0","US","net",0,0,2,30/07/2010 00:00,30/07/2010 00:00
140,"le58.net",2978,-1,1,2,42642,203181,70360,17/04/2012 00:00,10/08/2013 00:00,"122.0.64.230","122.0.64.0","CN","net",21,14,2,28/03/2013 00:00,03/05/2013 00:00
141,"apostolicdefender.net",0,-1,1,2,0,27141,27141,21/01/2008 00:00,26/01/2013 00:00,"184.168.221.90","184.168.221.0","US","net",0,0,2,25/04/2008 00:00,25/04/2008 00:00
142,"reachton.com",279,-1,1,2,3171,356279,90884,21/01/2008 00:00,10/01/2013 00:00,"8.5.1.30","8.5.1.0","US","com",8,0,2,10/01/2009 00:00,10/01/2009 00:00
143,"iseekdir.com",892,-1,1,2,116848,3746546,411736,09/01/2008 00:00,31/07/2013 00:00,"69.43.161.179","69.43.161.0","US","com",13,18,2,08/03/2008 00:00,08/03/2008 00:00
144,"newskeywords.net",424,-1,1,2,251903,2475559,1467785,27/01/2008 00:00,18/07/2013 00:00,"69.43.161.159","69.43.161.0","US","net",6,0,2,19/12/2009 00:00,19/12/2009 00:00
145,"interstatecamping.com",47,-1,1,2,118,7582,5696,17/01/2008 00:00,09/08/2013 00:00,"67.228.0.96","67.228.0.0","US","com",9,3,2,01/09/2012 00:00,18/07/2013 00:00
146,"livingtv.co.uk",12238,-1,1,2,549539,9691452,820205,16/01/2008 00:00,19/07/2013 00:00,"80.238.9.232","80.238.9.0","UK","uk",21,20,2,04/04/2010 00:00,04/04/2010 00:00
147,"indoor-gardening-guide.com",2532,-1,1,2,558247,42749,13552,17/09/2009 00:00,10/08/2013 00:00,"206.41.251.156","206.41.251.0","US","com",34,23,2,31/03/2013 00:00,31/03/2013 00:00
148,"5cha.cn",19,-1,1,2,500,119687,37451,04/02/2008 00:00,10/08/2013 00:00,"121.198.241.32","121.198.241.0","CN","cn",9,9,2,06/04/2013 00:00,06/04/2013 00:00
149,"recreation-0216alwsv.info",3,-1,1,2,2034,45662,11544,07/08/2010 00:00,03/11/2010 00:00,"80.156.86.78","80.156.86.0","DE","info",0,0,2,22/10/2010 00:00,22/10/2010 00:00
150,"homekeywords.net",5,-1,1,2,82,1145270,1145270,24/01/2008 00:00,26/02/2013 00:00,"208.73.211.152","208.73.211.0","US","net",0,0,2,08/08/2009 00:00,08/08/2009 00:00
151,"generalkeywords.net",443,-1,1,2,226290,5160307,1039792,24/01/2008 00:00,10/08/2013 00:00,"184.168.221.33","184.168.221.0","US","net",10,3,2,15/09/2009 00:00,15/09/2009 00:00
152,"gameskeywords.net",12,-1,1,2,26,1270514,1270514,27/01/2008 00:00,01/12/2010 00:00,"173.244.181.125","173.244.181.0","US","net",0,0,2,06/10/2009 00:00,06/10/2009 00:00
153,"financekeywords.net",251,-1,1,2,1071720,2368940,1252092,23/01/2008 00:00,07/08/2013 00:00,"66.235.160.224","66.235.160.0","US","net",6,3,2,31/01/2010 00:00,31/01/2010 00:00
154,"nocryinginbaseball.com",829,-1,1,2,24489,305033,150317,09/01/2008 00:00,18/07/2013 00:00,"184.168.221.19","184.168.221.0","US","com",11,21,2,03/06/2008 00:00,10/08/2012 00:00
155,"propertycolchester.com",327,-1,1,2,1502,962911,406438,21/08/2009 00:00,16/12/2012 00:00,"82.98.86.172","82.98.86.0","DE","com",5,0,2,27/05/2010 00:00,27/05/2010 00:00
156,"apseo.cn",325,-1,1,2,8130,267301,88289,13/07/2009 00:00,10/08/2013 00:00,"223.7.76.151","223.7.76.0","CN","cn",23,19,2,10/04/2013 00:00,10/04/2013 00:00
157,"sliczne-wlosy.net.pl",831,-1,1,2,11914,338872,221422,20/10/2008 00:00,05/08/2013 00:00,"37.59.88.91","37.59.88.0","FR","pl",10,20,2,28/02/2010 00:00,28/02/2010 00:00
158,"7life7.com",5,-1,1,2,5,847991,847991,22/12/2009 00:00,25/05/2013 00:00,"184.168.221.96","184.168.221.0","US","com",0,0,2,09/11/2010 00:00,09/11/2010 00:00
159,"wheretocampusa.com",42,-1,1,2,43668,75992,43408,10/11/2010 00:00,10/08/2013 00:00,"97.107.134.84","97.107.134.0","US","com",13,4,2,01/03/2013 00:00,01/03/2013 00:00
160,"mozila.pl",2966,-1,1,2,10134760,676113,409534,09/01/2008 00:00,10/08/2013 00:00,"69.73.146.43","69.73.146.0","US","pl",19,13,2,26/03/2008 00:00,26/03/2008 00:00
161,"westdublin.com",10,-1,1,2,13,961898,961898,27/09/2009 00:00,04/06/2013 00:00,"82.98.86.173","82.98.86.0","DE","com",0,0,2,24/09/2010 00:00,24/09/2010 00:00
162,"accessorieslocate.com",0,-1,1,2,0,108863,108862,20/04/2009 00:00,31/03/2012 00:00,"69.43.161.170","69.43.161.0","US","com",0,0,2,23/10/2009 00:00,23/10/2009 00:00
163,"absoliutenewsworlds.eu",0,-1,1,2,0,113492,113492,04/09/2008 00:00,23/06/2009 00:00,"91.213.214.122","91.213.214.0","NL","eu",0,0,2,04/04/2009 00:00,04/04/2009 00:00
164,"likai.cc",556,-1,1,2,785723,533415,203100,12/04/2011 00:00,10/08/2013 00:00,"202.71.251.234","202.71.251.0","HK","cc",40,18,2,11/03/2013 00:00,11/03/2013 00:00
165,"aerotechnews.com",5836,-1,1,2,240175,21164596,1446960,10/01/2008 00:00,10/07/2013 00:00,"98.129.229.53","98.129.229.0","US","com",22,34,2,08/09/2010 00:00,08/09/2010 00:00
166,"zhan361.com",204,-1,1,2,75542,226008,75627,25/12/2012 00:00,10/08/2013 00:00,"103.20.194.218","103.20.194.0","HK","com",16,18,2,27/05/2013 00:00,27/05/2013 00:00
167,"eastbelfast.net",2,-1,1,2,301,594866,594866,09/06/2009 00:00,08/08/2013 00:00,"208.87.35.103","208.87.35.0","BS","net",0,0,2,26/03/2010 00:00,26/03/2010 00:00
168,"propertytorquay.com",8,-1,1,2,10,514555,514555,17/06/2009 00:00,12/02/2013 00:00,"216.38.192.53","216.38.192.0","US","com",0,0,2,12/05/2010 00:00,12/05/2010 00:00
169,"denergy.co.cc",539,-1,1,2,2972,1674,434,15/09/2010 00:00,03/05/2011 00:00,"77.67.80.66","77.67.80.0","US","cc",6,0,2,13/04/2011 00:00,13/04/2011 00:00
170,"freidomaine.de",84,-1,1,2,73567,388680,135838,12/01/2008 00:00,08/06/2013 00:00,"178.63.73.13","178.63.73.0","DE","de",6,0,2,16/04/2008 00:00,16/04/2008 00:00
171,"4travelinfo.com",515,-1,1,2,1091,6604,6450,11/02/2008 00:00,10/08/2013 00:00,"208.87.35.103","208.87.35.0","BS","com",17,13,2,19/11/2008 00:00,19/11/2008 00:00
172,"bing.tw",4,-1,1,2,13,435371,435370,29/10/2009 00:00,26/01/2013 00:00,"204.79.197.200","204.79.197.0","US","tw",0,0,2,26/02/2010 00:00,26/02/2010 00:00
173,"referencekeywords.net",5,-1,1,2,10,1449478,1449478,27/01/2008 00:00,22/06/2013 00:00,"208.73.211.152","208.73.211.0","US","net",0,0,2,08/01/2010 00:00,08/01/2010 00:00
174,"ai1986.com",56,-1,1,2,785,230639,90049,20/11/2008 00:00,10/08/2013 00:00,"111.74.239.53","111.74.239.0","CN","com",14,12,2,08/04/2013 00:00,08/04/2013 00:00
175,"wifitravelguide.com",113,-1,1,2,871,1062,808,11/02/2008 00:00,10/06/2013 00:00,"208.73.211.152","208.73.211.0","US","com",5,6,2,09/03/2008 00:00,19/10/2011 00:00
176,"regionalkeywords.net",5,-1,1,2,28,1450902,1450902,28/01/2008 00:00,01/12/2010 00:00,"72.172.91.230","72.172.91.0","US","net",0,0,2,24/11/2009 00:00,24/11/2009 00:00
177,"recreation-0229alwsv.info",5,-1,1,2,645,15549,12682,09/09/2010 00:00,,"91.90.234.3","91.90.234.0","LV","info",0,0,2,27/09/2010 00:00,27/09/2010 00:00
178,"hialeahcrawler.com",0,-1,1,2,0,274829,274829,10/11/2008 00:00,04/04/2010 00:00,"50.22.11.10","50.22.11.0","US","com",0,0,2,18/03/2010 00:00,18/03/2010 00:00
179,"rvtripsonline.com",46,-1,1,2,858,679,623,17/01/2008 00:00,17/12/2008 00:00,"67.63.55.3","67.63.55.0","US","com",7,4,2,17/01/2008 00:00,17/01/2008 00:00
180,"arizona-usa.org",21,-1,1,2,9391,4421,3981,20/06/2008 00:00,27/01/2013 00:00,"81.200.64.50","81.200.64.0","UK","org",0,0,2,21/06/2008 00:00,21/06/2008 00:00
181,"foyleside.com",15,-1,1,2,3174,1026333,1026332,15/06/2009 00:00,12/02/2013 00:00,"82.98.86.167","82.98.86.0","DE","com",0,0,2,30/03/2010 00:00,30/03/2010 00:00
182,"007on.com",37,-1,1,2,10000,167545,51897,19/02/2011 00:00,10/08/2013 00:00,"98.126.208.74","98.126.208.0","US","com",10,6,2,02/04/2013 00:00,02/04/2013 00:00
183,"0871616.com",22,-1,1,2,4770,174251,50294,19/11/2010 00:00,10/08/2013 00:00,"174.139.17.140","174.139.17.0","US","com",15,7,2,20/04/2013 00:00,20/04/2013 00:00
184,"findaz.com",223,-1,1,2,612,29050,20106,15/01/2008 00:00,19/01/2013 00:00,"98.129.126.141","98.129.126.0","US","com",7,3,2,01/07/2008 00:00,01/07/2008 00:00
185,"recreation-0211alwsv.info",5,-1,1,2,46018,66149,16279,21/05/2010 00:00,28/09/2010 00:00,"80.156.86.78","80.156.86.0","DE","info",0,0,2,08/09/2010 00:00,08/09/2010 00:00
186,"stay-arizona.com",12,-1,1,2,26,6260,6137,26/05/2011 00:00,08/08/2013 00:00,"67.18.176.182","67.18.176.0","US","com",9,0,2,30/05/2013 00:00,30/05/2013 00:00
187,"bylmw.com",0,-1,1,2,0,44992,44992,22/07/2008 00:00,02/08/2013 00:00,"222.73.10.138","222.73.10.0","CN","com",0,0,2,21/03/2013 00:00,21/03/2013 00:00
188,"travelkeywords.net",3,-1,1,2,3,1097836,1097836,26/01/2008 00:00,03/02/2013 00:00,"81.200.64.50","81.200.64.0","UK","net",0,0,2,22/01/2010 00:00,22/01/2010 00:00
189,"portland.com",9697,-1,1,2,1283045,10489147,717284,16/01/2008 00:00,10/08/2013 00:00,"173.204.124.93","173.204.124.0","US","com",39,41,2,27/10/2010 00:00,27/10/2010 00:00
190,"experienceazonline.com",118,-1,1,2,51550,108409,49339,27/04/2011 00:00,10/08/2013 00:00,"97.74.94.5","97.74.94.0","US","com",28,21,2,07/11/2011 00:00,22/12/2011 00:00
191,"campgrounds-alaska.com",1526,-1,1,2,10850,1371,918,18/01/2008 00:00,02/02/2013 00:00,"74.220.199.22","74.220.199.0","US","com",13,18,2,26/02/2008 00:00,08/12/2012 00:00
192,"envolk.com",449,-1,1,2,536369,5938388,769793,24/01/2008 00:00,10/08/2013 00:00,"98.173.26.138","98.173.26.0","US","com",15,15,2,14/03/2009 00:00,14/03/2009 00:00
193,"encyellowpages.com",23,-1,1,2,24155,1030606,1030605,18/09/2009 00:00,01/02/2013 00:00,"67.215.66.132","67.215.66.0","US","com",0,0,2,07/10/2010 00:00,07/10/2010 00:00
194,"ventisearch.net",39,-1,1,2,320688,1289568,1289567,25/01/2008 00:00,01/04/2012 00:00,"67.215.66.132","67.215.66.0","US","net",0,0,2,11/02/2010 00:00,11/02/2010 00:00
195,"1vacaciones.com",93,-1,1,2,526065,665252,26542,13/02/2008 00:00,26/08/2010 00:00,"","","","com",8,10,2,02/05/2008 00:00,02/05/2008 00:00
196,"yichaxun.net",28,-1,1,2,187,151814,47580,13/04/2011 00:00,04/06/2013 00:00,"110.45.173.215","110.45.173.0","KR","net",6,10,2,19/03/2013 00:00,19/03/2013 00:00
197,"campgroundsontheweb.com",1743,-1,1,2,10025,181,120,26/10/2010 00:00,10/08/2013 00:00,"184.173.117.75","184.173.117.0","US","com",24,17,2,09/04/2008 00:00,27/01/2013 00:00
198,"7life7.org",2,-1,1,2,827,1288663,1288663,28/12/2008 00:00,26/05/2013 00:00,"184.168.221.28","184.168.221.0","US","org",0,0,2,02/05/2010 00:00,02/05/2010 00:00
199,"bestrvresource.com",101,-1,1,2,954,3872,1105,14/06/2009 00:00,29/07/2013 00:00,"174.120.130.9","174.120.130.0","US","com",12,17,2,12/11/2010 00:00,12/11/2010 00:00
200,"rvparklist.com",46,-1,1,2,26914,47027,28144,31/05/2011 00:00,10/08/2013 00:00,"206.41.251.2","206.41.251.0","US","com",42,21,2,10/07/2013 00:00,10/07/2013 00:00
201,"bellaghy.com",379,-1,1,2,1627,1349706,610942,06/07/2009 00:00,03/04/2011 00:00,"67.215.66.132","67.215.66.0","US","com",6,0,2,30/03/2010 00:00,30/03/2010 00:00
202,"healthon.com",1990,-1,1,2,388434,494411,382995,08/02/2008 00:00,10/08/2013 00:00,"208.65.251.181","208.65.251.0","US","com",30,39,2,08/10/2009 00:00,10/01/2013 00:00
203,"coolcanine.com",1774,-1,1,2,6535,279968,102749,15/01/2008 00:00,10/08/2013 00:00,"64.71.145.162","64.71.145.0","US","com",24,15,2,11/04/2008 00:00,11/04/2008 00:00
204,"patrimoine-de-france.org",4903,-1,1,2,2279601,1692672,755745,21/01/2008 00:00,05/03/2013 00:00,"108.162.196.37","108.162.196.0","US","org",50,30,2,12/08/2008 00:00,12/08/2008 00:00
205,"at-usa.com",2208,-1,1,2,65249,465113,299637,09/01/2008 00:00,10/08/2013 00:00,"66.102.129.100","66.102.129.0","US","com",22,38,2,22/04/2008 00:00,08/06/2013 00:00
206,"baroneracing.com",122,-1,1,2,65567,1095361,1095361,13/01/2008 00:00,13/03/2013 00:00,"91.210.235.70","91.210.235.0","IE","com",0,0,2,14/05/2010 00:00,12/07/2010 00:00
207,"rvcentury.com",494,-1,1,2,2601,1005031,251999,03/12/2008 00:00,10/08/2013 00:00,"50.28.57.230","50.28.57.0","US","com",13,6,2,30/04/2011 00:00,17/06/2013 00:00
208,"recreation-0201alwsv.info",4,-1,1,2,49141,70448,18704,21/05/2010 00:00,27/09/2010 00:00,"","","","info",0,0,2,12/09/2010 00:00,12/09/2010 00:00
209,"googlemonde.com",213,-1,1,2,31676,449902,178517,22/10/2009 00:00,10/08/2013 00:00,"89.238.163.102","89.238.163.0","UK","com",13,19,2,10/04/2013 00:00,10/04/2013 00:00
210,"belfastcitycentre.com",25,-1,1,2,3210,882157,882157,17/08/2008 00:00,05/06/2013 00:00,"82.98.86.167","82.98.86.0","DE","com",0,0,2,11/12/2010 00:00,24/10/2011 00:00
211,"startje.in",145,-1,1,2,55912,669055,242802,17/01/2009 00:00,10/08/2013 00:00,"95.211.164.229","95.211.164.0","NL","in",14,6,2,02/04/2013 00:00,02/04/2013 00:00
212,"golookontheweb.com",5,-1,1,2,19,674039,674039,04/02/2010 00:00,10/08/2013 00:00,"69.64.156.63","69.64.156.0","US","com",0,0,2,12/05/2010 00:00,12/05/2010 00:00
213,"goldcountrytravelers.com",106,-1,1,2,636,5534,4713,06/04/2008 00:00,10/08/2013 00:00,"74.208.84.127","74.208.84.0","US","com",10,10,2,29/03/2011 00:00,29/03/2011 00:00
214,"sciencekeywords.net",2,-1,1,2,3,921417,921416,23/01/2008 00:00,30/11/2010 00:00,"204.13.160.107","204.13.160.0","US","net",0,0,2,24/01/2010 00:00,24/01/2010 00:00
215,"rvlinks.com",1977,-1,1,2,23550,3713,2441,09/03/2008 00:00,10/08/2013 00:00,"72.232.238.123","72.232.238.0","US","com",29,19,2,30/03/2008 00:00,04/10/2012 00:00
216,"rvreview.net",154,-1,1,2,15206,20017,19857,19/04/2012 00:00,10/08/2013 00:00,"198.1.99.243","198.1.99.0","US","net",23,27,2,20/04/2012 00:00,13/07/2013 00:00
217,"campsandcabins.com",1,-1,1,2,4,904,868,15/07/2013 00:00,30/07/2013 00:00,"174.120.155.163","174.120.155.0","US","com",0,0,2,03/10/2012 00:00,01/03/2013 00:00
218,"google.org",69741,5166,1,1,3168870,724480,195498,23/01/2008 00:00,10/08/2013 00:00,"216.239.32.27","216.239.32.0","US","org",59,72,1,17/04/2008 00:00,17/04/2008 00:00
219,"fybersearch.com",8498,7714,1,1,57310705,33150271,1574848,10/01/2008 00:00,10/08/2013 00:00,"69.36.5.45","69.36.5.0","US","com",45,34,1,27/08/2009 00:00,27/08/2009 00:00
220,"ghetosearch.com",1614,10092,1,1,2378642,3063104,1069837,11/01/2008 00:00,10/08/2013 00:00,"69.36.13.83","69.36.13.0","US","com",29,30,1,22/10/2009 00:00,22/10/2009 00:00
221,"activeboard.com",50669,13494,1,1,8173664,4335639,1152652,09/01/2008 00:00,10/08/2013 00:00,"64.34.33.201","64.34.33.0","US","com",60,45,1,08/11/2012 00:00,08/11/2012 00:00
222,"amfibi.com",36755,20997,1,1,6838344,7054329,1107493,10/01/2008 00:00,10/08/2013 00:00,"213.133.97.79","213.133.97.0","DE","com",48,63,1,01/08/2010 00:00,01/08/2010 00:00
223,"reporternews.com",79972,92866,1,1,4062474,20374386,1604845,09/01/2008 00:00,10/08/2013 00:00,"164.109.40.120","164.109.40.0","US","com",40,46,1,11/10/2010 00:00,11/10/2010 00:00
224,"myconsolidated.net",1071,129172,1,1,5374,1641105,409913,28/08/2008 00:00,10/08/2013 00:00,"208.47.185.65","208.47.185.0","US","net",27,31,1,20/01/2010 00:00,20/01/2010 00:00
225,"kagawa-u.ac.jp",11927,138298,1,1,431158,277096,130110,25/01/2008 00:00,10/08/2013 00:00,"133.92.11.33","133.92.11.0","JP","jp",44,54,1,22/01/2013 00:00,22/01/2013 00:00
226,"38searchengines.com",83,143408,1,1,389,161398,56069,13/06/2012 00:00,10/08/2013 00:00,"64.15.231.144","64.15.231.0","US","com",8,7,1,30/03/2013 00:00,30/03/2013 00:00
227,"regionaldirectory.us",1315,143963,1,1,81734,5731482,291413,14/05/2009 00:00,10/08/2013 00:00,"206.130.125.28","206.130.125.0","US","us",41,27,1,13/08/2009 00:00,13/08/2009 00:00
228,"campingroadtrip.com",1780,151333,1,1,86076,120697,72142,09/06/2008 00:00,10/08/2013 00:00,"74.208.145.125","74.208.145.0","US","com",34,30,1,15/08/2012 00:00,15/08/2012 00:00
229,"99searchengines.com",179,151851,1,1,817,237767,92166,12/08/2010 00:00,10/08/2013 00:00,"64.15.231.190","64.15.231.0","US","com",10,4,1,26/04/2013 00:00,26/04/2013 00:00
230,"27searchengines.com",92,171801,1,1,894,120381,55458,21/06/2012 00:00,10/08/2013 00:00,"64.15.231.136","64.15.231.0","US","com",11,6,1,16/04/2013 00:00,16/04/2013 00:00
231,"alltheinternet.com",4075,173273,1,1,614040,5884255,964636,10/01/2008 00:00,10/08/2013 00:00,"64.14.40.143","64.14.40.0","US","com",25,25,1,20/06/2013 00:00,20/06/2013 00:00
232,"searchtool.com",345,175458,1,1,1741,306082,114594,24/03/2010 00:00,10/08/2013 00:00,"216.74.182.100","216.74.182.0","US","com",14,11,1,13/05/2013 00:00,13/05/2013 00:00
233,"anaihghotels.co.jp",7630,178155,1,1,168395,2213114,311011,11/01/2008 00:00,10/08/2013 00:00,"219.127.156.130","219.127.156.0","JP","jp",38,42,1,09/08/2008 00:00,09/08/2008 00:00
234,"inter.rs",1184,181486,1,1,126783,363994,182652,12/08/2009 00:00,10/08/2013 00:00,"87.118.96.99","87.118.96.0","DE","rs",36,21,1,13/05/2013 00:00,13/05/2013 00:00
235,"77searchengines.com",148,187502,1,1,749,252598,88978,26/10/2010 00:00,10/08/2013 00:00,"64.15.231.188","64.15.231.0","US","com",13,1,1,11/04/2013 00:00,11/04/2013 00:00
236,"36searchengines.com",120,189493,1,1,497,169729,64095,16/06/2012 00:00,10/08/2013 00:00,"64.15.231.143","64.15.231.0","US","com",6,6,1,09/03/2013 00:00,09/03/2013 00:00
237,"surfandbiz.com",7874,200230,1,1,277659,8617929,665810,10/01/2008 00:00,10/08/2013 00:00,"95.128.72.24","95.128.72.0","FR","com",42,49,1,07/06/2008 00:00,07/06/2008 00:00
238,"53searchengines.com",76,205522,1,1,332,147017,80542,25/11/2011 00:00,10/08/2013 00:00,"216.35.75.100","216.35.75.0","US","com",1,6,1,20/05/2013 00:00,20/05/2013 00:00
239,"43searchengines.com",98,205634,1,1,742,105841,51348,24/11/2011 00:00,10/08/2013 00:00,"64.15.231.153","64.15.231.0","US","com",15,7,1,12/05/2013 00:00,12/05/2013 00:00
240,"websitejudge.com",8097,206730,1,1,1846894,4739397,1381268,10/01/2008 00:00,10/08/2013 00:00,"109.237.208.49","109.237.208.0","NL","com",34,23,1,26/06/2013 00:00,26/06/2013 00:00
241,"searchalot.com",14696,214903,1,1,949774,8499898,994438,19/01/2008 00:00,10/08/2013 00:00,"64.14.40.149","64.14.40.0","US","com",38,23,1,10/09/2009 00:00,10/09/2009 00:00
242,"hinduwebsite.com",17924,215428,1,1,11906573,2379319,566113,10/01/2008 00:00,10/08/2013 00:00,"96.31.35.118","96.31.35.0","US","com",46,33,1,28/01/2008 00:00,28/01/2008 00:00
243,"51searchengines.com",98,221295,1,1,396,144073,69081,12/06/2012 00:00,10/08/2013 00:00,"216.35.75.101","216.35.75.0","US","com",1,6,1,14/05/2013 00:00,14/05/2013 00:00
244,"52searchengines.com",127,238817,1,1,1487,169438,96926,17/05/2012 00:00,10/08/2013 00:00,"64.15.231.160","64.15.231.0","US","com",8,6,1,21/05/2013 00:00,21/05/2013 00:00
245,"sanfrancisco.com",16953,252801,1,1,2694227,19987005,2126351,10/01/2008 00:00,10/08/2013 00:00,"66.111.97.145","66.111.97.0","US","com",41,38,1,14/10/2010 00:00,14/10/2010 00:00
246,"top20directory.com",1236,269432,1,1,3668911,402732,254136,09/01/2008 00:00,10/08/2013 00:00,"69.94.138.193","69.94.138.0","US","com",21,20,1,18/03/2013 00:00,18/03/2013 00:00
247,"75vn.com",3330,271300,1,1,82621,4261619,1044093,10/01/2008 00:00,10/08/2013 00:00,"50.28.33.241","50.28.33.0","US","com",25,17,1,08/02/2011 00:00,27/01/2013 00:00
248,"dbolsa.com",485,285828,1,1,370571,600436,284102,12/01/2008 00:00,10/08/2013 00:00,"208.82.16.68","208.82.16.0","US","com",34,18,1,13/05/2008 00:00,13/05/2008 00:00
249,"tallstreet.com",3661,290762,1,1,108977,671432,339248,12/01/2008 00:00,10/08/2013 00:00,"173.194.67.121","173.194.67.0","US","com",21,24,1,23/01/2011 00:00,23/01/2011 00:00
250,"nomoz.org",2416,297616,1,1,1208832,3105126,141107,25/01/2008 00:00,16/07/2013 00:00,"209.105.242.149","209.105.242.0","US","org",27,31,1,06/04/2013 00:00,06/04/2013 00:00
251,"31searchengines.com",86,302771,1,1,300,180379,67414,14/06/2012 00:00,10/08/2013 00:00,"64.15.231.140","64.15.231.0","US","com",9,2,1,26/04/2013 00:00,26/04/2013 00:00
252,"adilo.ch",950,329082,1,1,57565,383932,177240,31/01/2008 00:00,10/08/2013 00:00,"217.197.135.71","217.197.135.0","CH","ch",22,13,1,13/05/2013 00:00,13/05/2013 00:00
253,"australia.edu",7149,339968,1,1,39365,122662,30937,19/02/2008 00:00,10/08/2013 00:00,"50.18.183.235","50.18.183.0","US","edu",34,31,1,04/08/2008 00:00,04/08/2008 00:00
254,"teqpad.com",2074,365268,1,1,20874,540919,194361,03/02/2010 00:00,10/08/2013 00:00,"50.28.68.85","50.28.68.0","US","com",27,10,1,29/05/2013 00:00,29/05/2013 00:00
255,"seodigger.com",11358,458494,1,1,1301135,27809045,813147,03/04/2008 00:00,10/08/2013 00:00,"88.214.226.35","88.214.226.0","UK","com",26,25,1,14/04/2013 00:00,14/04/2013 00:00
256,"yourwebloghere.com",16241,462178,1,1,1360531,676935,415232,09/01/2008 00:00,10/08/2013 00:00,"149.47.156.253","149.47.156.0","US","com",43,30,1,11/04/2008 00:00,11/04/2008 00:00
257,"persiancity.com",2246,513042,1,1,26091,542173,205805,09/08/2008 00:00,10/08/2013 00:00,"204.9.206.124","204.9.206.0","US","com",31,20,1,22/05/2013 00:00,22/05/2013 00:00
258,"justwebvalue.com",601,526285,1,1,9924,265609,92854,08/05/2011 00:00,10/08/2013 00:00,"81.142.228.243","81.142.228.0","UK","com",10,4,1,20/05/2013 00:00,20/05/2013 00:00
259,"raketforskning.com",7880,564511,1,1,654155,667462,235169,10/01/2008 00:00,10/08/2013 00:00,"212.73.14.221","212.73.14.0","SE","com",31,28,1,03/05/2008 00:00,03/05/2008 00:00
260,"allworldautomotive.com",14922,569184,1,1,3236437,752214,420091,09/01/2008 00:00,10/08/2013 00:00,"65.209.188.171","65.209.188.0","US","com",44,32,1,31/08/2008 00:00,11/05/2012 00:00
261,"companydatabase.org",6916,596382,1,1,961112,20955579,1192264,15/09/2009 00:00,05/03/2013 00:00,"74.53.224.29","74.53.224.0","US","org",15,15,1,03/09/2010 00:00,03/09/2010 00:00
262,"iaswww.com",9934,726925,1,1,1115203,428508,255673,09/01/2008 00:00,10/08/2013 00:00,"108.162.196.131","108.162.196.0","US","com",36,26,1,26/05/2013 00:00,26/05/2013 00:00
263,"sinard.net",1927,729026,1,1,277102,5845938,740931,22/06/2008 00:00,10/08/2013 00:00,"174.132.167.93","174.132.167.0","US","net",19,20,1,03/06/2013 00:00,03/06/2013 00:00
264,"nict.in",162,744979,1,1,7599,412746,154386,28/02/2008 00:00,10/08/2013 00:00,"174.36.12.154","174.36.12.0","US","in",15,20,1,16/05/2013 00:00,16/05/2013 00:00
265,"populardirectory.com",192,797315,1,1,87392,448095,227011,10/01/2008 00:00,10/08/2013 00:00,"209.105.242.151","209.105.242.0","US","com",41,29,1,05/12/2011 00:00,27/05/2013 00:00
266,"dominion-web.com",6913,799329,1,1,11105627,564886,145150,09/01/2008 00:00,10/08/2013 00:00,"88.198.43.246","88.198.43.0","DE","com",34,30,1,05/11/2011 00:00,28/11/2012 00:00
267,"e-pla.net",456,897432,1,1,352364,609398,187881,12/09/2008 00:00,10/08/2013 00:00,"213.186.33.16","213.186.33.0","FR","net",26,35,1,17/05/2013 00:00,17/05/2013 00:00
268,"gpcservices.com",4398,909553,1,1,560403,1263037,383843,10/01/2008 00:00,10/08/2013 00:00,"94.143.221.8","94.143.221.0","FR","com",33,19,1,07/02/2008 00:00,07/02/2008 00:00
269,"ny-web.com",465,910979,1,1,165666,185002,107107,31/01/2008 00:00,10/08/2013 00:00,"205.234.98.249","205.234.98.0","US","com",16,20,1,16/05/2013 00:00,16/05/2013 00:00
270,"nickeysurf.com",2390,916311,1,1,346032,364227,155777,21/01/2008 00:00,10/08/2013 00:00,"216.97.227.40","216.97.227.0","US","com",37,15,1,19/05/2013 00:00,19/05/2013 00:00
271,"mrfind.com",3348,933083,1,1,255702,463487,256842,26/01/2008 00:00,04/02/2013 00:00,"74.208.65.47","74.208.65.0","US","com",14,31,1,05/06/2010 00:00,05/06/2010 00:00
272,"lukol.com",2833,935655,1,1,414549,361279,172964,09/01/2008 00:00,10/08/2013 00:00,"204.62.13.160","204.62.13.0","US","com",36,27,1,21/04/2008 00:00,28/07/2012 00:00
273,"fridaybear.com",118,944112,1,1,699,137200,59861,02/08/2008 00:00,10/08/2013 00:00,"64.182.63.179","64.182.63.0","US","com",12,7,1,15/03/2013 00:00,15/03/2013 00:00
274,"leavenworthtimes.com",17518,979025,1,1,457449,17654038,1237142,08/09/2008 00:00,10/08/2013 00:00,"205.139.40.72","205.139.40.0","US","com",36,45,1,18/10/2010 00:00,18/10/2010 00:00
275,"dmoz.cat",301,992873,1,1,2379,272922,125877,01/05/2011 00:00,10/08/2013 00:00,"79.125.112.2","79.125.112.0","IE","cat",13,16,1,01/06/2013 00:00,01/06/2013 00:00
276,"phoenixpark.org",16,-1,1,1,27,975371,975370,26/09/2009 00:00,10/02/2013 00:00,"82.98.86.162","82.98.86.0","DE","org",0,0,1,05/06/2010 00:00,05/06/2010 00:00
277,"nanoplex.eu",0,-1,1,1,0,64726,64726,12/10/2011 00:00,10/08/2013 00:00,"188.165.198.30","188.165.198.0","FR","eu",0,0,1,28/03/2013 00:00,28/03/2013 00:00
278,"suas.ie",2760,-1,1,1,622656,195314,105966,15/04/2008 00:00,10/08/2013 00:00,"78.153.214.245","78.153.214.0","IE","ie",50,37,1,06/10/2009 00:00,06/10/2009 00:00
279,"active-sites.net",2692,-1,1,1,58036,407880,154899,24/01/2008 00:00,10/08/2013 00:00,"210.224.185.87","210.224.185.0","JP","net",30,23,1,16/10/2011 00:00,27/11/2011 00:00
280,"occitania.org",4486,-1,1,1,36959,139498,57121,24/01/2008 00:00,10/08/2013 00:00,"82.98.145.202","82.98.145.0","ES","org",25,16,1,25/06/2008 00:00,25/06/2008 00:00
281,"netizensforbradley.org",433,-1,1,1,4970,15552,14358,07/02/2008 00:00,10/08/2013 00:00,"174.132.155.24","174.132.155.0","US","org",14,17,1,31/12/2008 00:00,31/12/2008 00:00
282,"about4arizona.info",19,-1,1,1,30,1529,1056,13/01/2008 00:00,11/04/2008 00:00,"116.255.140.102","116.255.140.0","CN","info",6,2,1,11/04/2008 00:00,11/04/2008 00:00
283,"rvparkreviews.org",103,-1,1,1,929,27304,3609,02/09/2010 00:00,03/01/2011 00:00,"206.41.251.4","206.41.251.0","US","org",4,1,1,25/02/2011 00:00,25/02/2011 00:00
284,"lemaroc.org",7006,-1,1,1,3623129,16417633,1118766,22/01/2008 00:00,26/07/2013 00:00,"94.23.52.18","94.23.52.0","FR","org",25,26,1,17/04/2008 00:00,17/04/2008 00:00
285,"affrayment.info",114,-1,1,1,44043,60993,6386,25/09/2008 00:00,07/05/2009 00:00,"199.101.28.20","199.101.28.0","US","info",5,0,1,16/01/2009 00:00,16/01/2009 00:00
286,"dmos.org",223,-1,1,1,19239,255173,105788,24/01/2008 00:00,10/08/2013 00:00,"50.63.202.33","50.63.202.0","US","org",10,10,1,15/02/2008 00:00,15/02/2008 00:00
287,"answers.co.in",259,-1,1,1,3090,280236,154776,25/01/2008 00:00,10/08/2013 00:00,"67.222.1.10","67.222.1.0","US","in",14,2,1,25/02/2008 00:00,25/02/2008 00:00
288,"goodnewsfor.eu",0,-1,1,1,0,87143,87143,24/11/2008 00:00,26/04/2009 00:00,"91.213.214.122","91.213.214.0","NL","eu",0,0,1,07/04/2009 00:00,07/04/2009 00:00
289,"brief-reklama.pl",2729,-1,1,1,116469,3880723,344873,11/01/2008 00:00,26/11/2011 00:00,"212.91.6.58","212.91.6.0","PL","pl",14,14,1,31/07/2008 00:00,31/07/2008 00:00
290,"worldlisting.org",50,-1,1,1,34313,591920,487872,27/06/2008 00:00,31/07/2013 00:00,"70.86.201.54","70.86.201.0","US","org",7,4,1,04/11/2009 00:00,04/11/2009 00:00
291,"nord-amerika-suche.de",3178,-1,1,1,204831,599611,319532,09/01/2008 00:00,10/08/2013 00:00,"82.165.101.195","82.165.101.0","DE","de",27,33,1,29/04/2008 00:00,29/04/2008 00:00
292,"zdrowy-stres.pl",954,-1,1,1,102011,363456,246543,17/05/2009 00:00,03/06/2013 00:00,"178.19.105.10","178.19.105.0","PL","pl",9,5,1,11/03/2010 00:00,11/03/2010 00:00
293,"odp-tip.de",114,-1,1,1,421523,317461,99746,09/01/2008 00:00,25/08/2008 00:00,"158.255.215.117","158.255.215.0","FR","de",7,2,1,26/04/2008 00:00,26/04/2008 00:00
294,"tentacle.de",326,-1,1,1,3018,1267593,238165,25/06/2008 00:00,10/08/2013 00:00,"82.165.78.127","82.165.78.0","DE","de",16,10,1,03/06/2013 00:00,03/06/2013 00:00
295,"uclue.de",4434,-1,1,1,31361708,8607350,1673881,01/02/2008 00:00,28/08/2011 00:00,"178.63.15.17","178.63.15.0","DE","de",13,14,1,23/12/2010 00:00,23/12/2010 00:00
296,"widoczne.pl",265,-1,1,1,32439,671938,159623,05/09/2008 00:00,10/08/2013 00:00,"188.165.198.30","188.165.198.0","FR","pl",8,1,1,30/03/2013 00:00,27/05/2013 00:00
297,"web-odp.de",122,-1,1,1,444124,297752,159507,09/01/2008 00:00,27/07/2012 00:00,"94.102.209.47","94.102.209.0","DE","de",7,0,1,15/06/2008 00:00,15/06/2008 00:00
298,"systemy-fotowoltaniczne.pl",58,-1,1,1,39352,196266,59115,17/02/2013 00:00,10/08/2013 00:00,"188.165.198.30","188.165.198.0","FR","pl",4,6,1,12/05/2013 00:00,12/05/2013 00:00
299,"us-webdirectory.us",45,-1,1,1,98667,113188,62500,02/02/2008 00:00,02/04/2009 00:00,"91.121.81.175","91.121.81.0","FR","us",5,0,1,28/11/2008 00:00,28/11/2008 00:00
300,"webkatalog.de",1022,-1,1,1,482569,876955,427926,09/01/2008 00:00,14/04/2010 00:00,"62.104.23.42","62.104.23.0","DE","de",36,16,1,24/05/2009 00:00,24/05/2009 00:00
301,"gasta.eu",307,-1,1,1,617030,1492725,1492725,21/01/2008 00:00,07/08/2013 00:00,"91.210.235.70","91.210.235.0","IE","eu",0,0,1,27/02/2010 00:00,27/02/2010 00:00
302,"mostrup.dk",768,-1,1,1,10319,4375353,504704,21/01/2008 00:00,30/01/2013 00:00,"80.69.234.17","80.69.234.0","SE","dk",14,11,1,21/03/2010 00:00,21/03/2010 00:00
303,"pneumatig.pl",908,-1,1,1,84591,790627,376688,11/01/2008 00:00,10/08/2013 00:00,"87.98.235.191","87.98.235.0","PL","pl",19,10,1,02/06/2008 00:00,02/06/2008 00:00
304,"opiniondigital.es",265,-1,1,1,10242,1048024,142441,09/11/2011 00:00,10/08/2013 00:00,"88.2.213.130","88.2.213.0","ES","es",28,10,1,24/05/2013 00:00,24/05/2013 00:00
305,"mozzila.pl",1776,-1,1,1,1570210,619698,342798,09/01/2008 00:00,28/03/2011 00:00,"67.215.66.132","67.215.66.0","US","pl",9,10,1,28/03/2008 00:00,28/03/2008 00:00
306,"eony.pl",1719,-1,1,1,3734891,639965,367512,09/01/2008 00:00,10/08/2013 00:00,"69.73.146.43","69.73.146.0","US","pl",19,12,1,08/05/2008 00:00,08/05/2008 00:00
307,"duna.pl",4603,-1,1,1,650581,1041273,326334,18/01/2008 00:00,10/08/2013 00:00,"83.151.32.7","83.151.32.0","PL","pl",20,9,1,16/03/2013 00:00,16/03/2013 00:00
308,"satangel.ru",2517,-1,1,1,251536,19975750,691893,10/01/2010 00:00,02/06/2013 00:00,"92.42.70.10","92.42.70.0","NO","ru",9,4,1,04/09/2010 00:00,04/09/2010 00:00
309,"directopedia.org",2405,-1,1,1,22245,310085,139045,21/01/2008 00:00,24/09/2012 00:00,"85.214.45.252","85.214.45.0","DE","org",14,17,1,23/04/2008 00:00,23/04/2008 00:00
310,"allinoneinsurance.eu",9,-1,1,1,12,748530,748530,26/02/2010 00:00,03/05/2013 00:00,"91.210.235.70","91.210.235.0","IE","eu",0,0,1,02/11/2011 00:00,02/11/2011 00:00
311,"evergreenforest.com.sg",5,-1,1,1,14,201254,41639,23/04/2013 00:00,10/08/2013 00:00,"","","","sg",0,0,1,16/05/2013 00:00,16/05/2013 00:00
312,"bestnewsinworld.eu",0,-1,1,1,0,108253,108253,04/10/2008 00:00,09/04/2009 00:00,"","","","eu",0,0,1,06/04/2009 00:00,06/04/2009 00:00
313,"altresium.es",0,-1,1,1,0,40087,40087,05/02/2011 00:00,10/08/2013 00:00,"94.23.235.14","94.23.235.0","FR","es",0,0,1,07/04/2013 00:00,07/04/2013 00:00
314,"part-rv-market.info",1,-1,1,1,1,200,55,21/12/2008 00:00,02/06/2009 00:00,"","","","info",0,0,1,29/04/2009 00:00,29/04/2009 00:00
315,"yyes.net",39,-1,1,1,135,348533,101993,24/01/2008 00:00,25/07/2013 00:00,"174.34.185.173","174.34.185.0","US","net",5,2,1,27/02/2008 00:00,27/02/2008 00:00
316,"unitedpentecostalchurch.us",0,-1,1,1,0,34602,2203,12/01/2008 00:00,01/04/2013 00:00,"68.178.232.99","68.178.232.0","US","us",0,0,1,21/02/2008 00:00,21/02/2008 00:00
317,"recreationandoutdoors.info",8,-1,1,1,2215,38504,8997,24/03/2010 00:00,30/11/2010 00:00,"68.178.232.99","68.178.232.0","US","info",0,0,1,25/03/2010 00:00,25/03/2010 00:00
318,"nightowl.net",4321,-1,1,1,56415,1262417,280059,01/02/2008 00:00,01/08/2013 00:00,"70.84.85.87","70.84.85.0","US","net",22,17,1,31/05/2013 00:00,31/05/2013 00:00
319,"u4computers.info",1058,-1,1,1,5686,1346765,885723,19/02/2009 00:00,04/08/2013 00:00,"50.63.202.12","50.63.202.0","US","info",25,5,1,20/01/2010 00:00,20/01/2010 00:00
320,"newrycity.net",20,-1,1,1,6502,1200273,1200273,07/06/2009 00:00,07/08/2013 00:00,"82.98.86.173","82.98.86.0","DE","net",0,0,1,11/10/2009 00:00,11/10/2009 00:00
321,"lisburncity.net",14,-1,1,1,3973,761822,761821,06/06/2009 00:00,07/08/2013 00:00,"82.98.86.173","82.98.86.0","DE","net",0,0,1,15/02/2011 00:00,15/02/2011 00:00
322,"kensuke.net",2134,-1,1,1,41386,311186,112582,21/01/2008 00:00,10/08/2013 00:00,"202.172.25.103","202.172.25.0","JP","net",32,14,1,17/04/2008 00:00,17/04/2008 00:00
323,"bluermes.it",828,-1,1,1,493566,410144,149983,09/01/2008 00:00,10/08/2013 00:00,"93.95.217.227","93.95.217.0","IT","it",24,21,1,02/06/2008 00:00,02/06/2008 00:00
324,"favedeal.net",3,-1,1,1,21,278844,278843,07/04/2010 00:00,15/02/2013 00:00,"208.87.35.103","208.87.35.0","BS","net",0,0,1,18/12/2010 00:00,18/12/2010 00:00
325,"eedir.net",228,-1,1,1,10734,389530,197647,24/01/2008 00:00,10/08/2013 00:00,"96.0.240.225","96.0.240.0","US","net",14,11,1,11/04/2008 00:00,11/04/2008 00:00
326,"hop2.co.uk",533,-1,1,1,2948,118433,85011,01/02/2008 00:00,08/08/2013 00:00,"216.97.230.55","216.97.230.0","US","uk",8,4,1,21/08/2008 00:00,21/08/2008 00:00
327,"healthandsafetysupplies.co.uk",2146,-1,1,1,43591,305733,152168,13/01/2008 00:00,10/08/2013 00:00,"212.227.57.203","212.227.57.0","DE","uk",24,10,1,11/06/2008 00:00,11/06/2008 00:00
328,"gens.lv",343,-1,1,1,20030,211346,131695,25/01/2008 00:00,29/10/2009 00:00,"85.31.97.194","85.31.97.0","LV","lv",13,19,1,27/01/2008 00:00,27/01/2008 00:00
329,"taqwa.me",706,-1,1,1,6388,3595854,304232,22/06/2010 00:00,10/08/2013 00:00,"72.167.232.54","72.167.232.0","US","me",11,3,1,10/10/2011 00:00,10/10/2011 00:00
330,"39searchengines.net",12,-1,1,1,43,67866,39214,25/03/2013 00:00,10/08/2013 00:00,"64.15.231.147","64.15.231.0","US","net",1,0,1,18/05/2013 00:00,18/05/2013 00:00
331,"ballsbridge.net",83,-1,1,1,65436,1087347,1087346,27/08/2008 00:00,10/07/2013 00:00,"82.98.86.163","82.98.86.0","DE","net",0,0,1,17/01/2011 00:00,17/01/2011 00:00
332,"57searchengines.net",5,-1,1,1,20,89914,42915,14/04/2013 00:00,10/08/2013 00:00,"216.35.75.104","216.35.75.0","US","net",6,0,1,17/05/2013 00:00,17/05/2013 00:00
333,"athen.net",2,-1,1,1,2,208045,208045,24/01/2008 00:00,01/08/2013 00:00,"216.172.171.91","216.172.171.0","US","net",0,0,1,17/04/2008 00:00,17/04/2008 00:00
334,"annuaire-x-gratuit.net",0,-1,1,1,0,168071,168071,23/01/2008 00:00,23/07/2010 00:00,"67.215.77.132","67.215.77.0","US","net",0,0,1,24/04/2008 00:00,24/04/2008 00:00
335,"alltheinternet.net",201,-1,1,1,1134,1955648,438221,25/09/2009 00:00,10/08/2013 00:00,"64.14.40.158","64.14.40.0","US","net",6,0,1,08/04/2010 00:00,08/04/2010 00:00
336,"actipages.net",2719,-1,1,1,84538,607663,275909,24/01/2008 00:00,10/08/2013 00:00,"188.165.221.196","188.165.221.0","FR","net",27,21,1,08/07/2008 00:00,14/09/2012 00:00
337,"blogscrawler.net",0,-1,1,1,0,264488,264488,02/12/2008 00:00,06/10/2010 00:00,"92.242.144.2","92.242.144.0","UK","net",0,0,1,24/04/2010 00:00,24/04/2010 00:00
338,"pecipeci.net",414,-1,1,1,6610,1082627,516037,29/06/2009 00:00,25/03/2013 00:00,"69.64.147.243","69.64.147.0","US","net",6,3,1,25/12/2010 00:00,25/12/2010 00:00
339,"performingarts.net",4216,-1,1,1,85109,424646,186771,21/01/2008 00:00,10/08/2013 00:00,"208.118.249.112","208.118.249.0","US","net",29,36,1,29/06/2008 00:00,29/06/2008 00:00
340,"ngi-net.de",1378,-1,1,1,23813,451733,277420,09/01/2008 00:00,09/08/2013 00:00,"176.9.219.220","176.9.219.0","DE","de",20,17,1,05/07/2008 00:00,05/07/2008 00:00
341,"recreation-0106afqfz.info",3,-1,1,1,53991,75449,17980,20/05/2010 00:00,27/09/2010 00:00,"199.101.28.20","199.101.28.0","US","info",0,0,1,08/09/2010 00:00,08/09/2010 00:00
342,"recreation-0131afqfz.info",2,-1,1,1,47,6931,6011,30/09/2010 00:00,30/09/2010 00:00,"199.101.28.20","199.101.28.0","US","info",0,0,1,19/10/2010 00:00,03/11/2010 00:00
343,"zazmail.net",1,-1,1,1,5,84202,84202,25/01/2008 00:00,07/08/2013 00:00,"174.34.185.173","174.34.185.0","US","net",0,0,1,21/02/2008 00:00,21/02/2008 00:00
344,"rvparkreviews.us",32,-1,1,1,175,20329,9116,20/08/2010 00:00,24/02/2011 00:00,"","","","us",0,0,1,17/02/2011 00:00,24/02/2011 00:00
345,"alloftheinternet.net",0,-1,1,1,0,124134,124134,08/09/2009 00:00,10/08/2013 00:00,"64.14.40.158","64.14.40.0","US","net",0,0,1,20/03/2013 00:00,08/08/2013 00:00
346,"whatusearch.net",199,-1,1,1,744,234330,71328,24/01/2008 00:00,08/09/2009 00:00,"","","","net",8,3,1,27/06/2008 00:00,27/06/2008 00:00
347,"vang.net",371,-1,1,1,3932,549986,265070,10/01/2008 00:00,10/08/2013 00:00,"176.9.172.15","176.9.172.0","DE","net",28,42,1,09/05/2013 00:00,06/08/2013 00:00
348,"recreation-0207alwsv.info",7,-1,1,1,110195,75527,13998,28/06/2010 00:00,28/09/2010 00:00,"199.101.28.20","199.101.28.0","US","info",0,0,1,27/09/2010 00:00,27/09/2010 00:00
349,"ultimasurf.net",1312,-1,1,1,658160,367078,88875,23/01/2008 00:00,20/01/2013 00:00,"206.130.112.158","206.130.112.0","US","net",12,17,1,12/04/2008 00:00,12/04/2008 00:00
350,"regionals.us",23,-1,1,1,49,144263,60462,10/01/2008 00:00,07/09/2008 00:00,"69.72.187.202","69.72.187.0","US","us",5,0,1,15/04/2008 00:00,15/04/2008 00:00
351,"ukproperty.net",9,-1,1,1,12,1169466,1169466,13/06/2009 00:00,27/07/2013 00:00,"82.98.86.175","82.98.86.0","DE","net",0,0,1,11/01/2011 00:00,11/01/2011 00:00
352,"topdownloads.net",23737,-1,1,1,63580240,3143459,1325819,13/01/2008 00:00,01/07/2013 00:00,"50.22.11.10","50.22.11.0","US","net",22,33,1,01/07/2008 00:00,01/07/2008 00:00
353,"siteinfo.si",480,-1,1,1,12379,1130524,300884,25/09/2009 00:00,10/08/2013 00:00,"108.162.197.181","108.162.197.0","US","si",46,1,1,03/06/2013 00:00,03/06/2013 00:00
354,"gasta.us",266,-1,1,1,350766,1314330,1314330,15/01/2008 00:00,12/03/2013 00:00,"91.210.235.70","91.210.235.0","IE","us",0,0,1,16/02/2011 00:00,16/02/2011 00:00
355,"timberpines.net",46,-1,1,1,124,244612,66951,24/01/2008 00:00,09/11/2009 00:00,"209.225.60.149","209.225.60.0","US","net",6,2,1,04/03/2008 00:00,04/03/2008 00:00
356,"sitewala.net",964,-1,1,1,7827,277522,153965,09/01/2008 00:00,10/08/2013 00:00,"96.0.161.118","96.0.161.0","US","net",26,15,1,22/02/2008 00:00,22/02/2008 00:00
357,"alltheinternet.us",0,-1,1,1,0,440612,440611,25/09/2009 00:00,10/08/2013 00:00,"64.14.40.158","64.14.40.0","US","us",0,0,1,02/04/2010 00:00,02/04/2010 00:00
358,"recreation-0213alwsv.info",3,-1,1,1,53567,63005,8420,09/09/2010 00:00,27/09/2010 00:00,"","","","info",0,0,1,09/09/2010 00:00,09/09/2010 00:00
359,"searchgame.co.uk",24,-1,1,1,1225,711930,711930,18/02/2010 00:00,12/03/2013 00:00,"91.210.235.70","91.210.235.0","IE","uk",0,0,1,10/10/2011 00:00,22/11/2011 00:00
360,"searchalot.net",229,-1,1,1,804,2578467,466671,08/04/2008 00:00,10/08/2013 00:00,"64.14.40.138","64.14.40.0","US","net",8,4,1,24/04/2010 00:00,24/04/2010 00:00
361,"mufcsearch.co.uk",19,-1,1,1,23,464084,464083,28/02/2010 00:00,17/01/2013 00:00,"91.210.235.70","91.210.235.0","IE","uk",0,0,1,22/11/2011 00:00,14/12/2011 00:00
362,"personals-ads.info",164,-1,1,1,73580,221034,86344,12/02/2008 00:00,10/08/2013 00:00,"205.234.236.49","205.234.236.0","US","info",10,5,1,30/10/2008 00:00,30/10/2008 00:00
363,"netz-tipp.de",9093,-1,1,1,99276,336875,207838,09/01/2008 00:00,10/08/2013 00:00,"217.11.48.108","217.11.48.0","DE","de",32,26,1,21/03/2008 00:00,21/03/2008 00:00
364,"inperth.com.au",799,-1,1,1,274888,192326,121055,09/01/2008 00:00,10/08/2013 00:00,"69.65.126.63","69.65.126.0","US","au",25,29,1,08/04/2013 00:00,08/04/2013 00:00
365,"klonoix.de",1,-1,1,1,1,267380,267379,09/01/2008 00:00,26/07/2013 00:00,"62.26.8.56","62.26.8.0","DE","de",0,0,1,27/04/2008 00:00,27/04/2008 00:00
366,"fabulousmotorhome.com",146,-1,1,1,403,885,879,09/01/2008 00:00,,"91.121.81.175","91.121.81.0","FR","com",7,1,1,09/01/2008 00:00,09/01/2008 00:00
367,"f8986.com",212,-1,1,1,55408,160697,82096,18/03/2011 00:00,10/08/2013 00:00,"223.198.45.72","223.198.45.0","CN","com",18,13,1,09/05/2013 00:00,09/05/2013 00:00
368,"etravelscout.com",58,-1,1,1,406,616122,146954,09/01/2008 00:00,24/11/2011 00:00,"208.73.211.152","208.73.211.0","US","com",5,4,1,15/02/2008 00:00,15/02/2008 00:00
369,"ethick.com",1934,-1,1,1,6992,320468,128570,14/01/2008 00:00,10/08/2013 00:00,"108.162.197.82","108.162.197.0","US","com",22,12,1,03/05/2008 00:00,03/05/2008 00:00
370,"emeraldone.com",55,-1,1,1,312,1299565,1299565,01/02/2008 00:00,10/08/2013 00:00,"50.63.181.208","50.63.181.0","US","com",0,0,1,25/06/2010 00:00,25/06/2010 00:00
371,"elzfaf.com",2784,-1,1,1,170178,5315114,516492,05/02/2010 00:00,30/07/2013 00:00,"82.98.86.162","82.98.86.0","DE","com",8,0,1,11/10/2010 00:00,11/10/2010 00:00
372,"dmoz.com",30488,-1,1,1,9308523,625569,196469,10/01/2008 00:00,25/07/2013 00:00,"207.200.74.38","207.200.74.0","US","com",35,36,1,14/02/2008 00:00,14/02/2008 00:00
373,"digi-seek.com",0,-1,1,1,0,172367,172367,06/07/2010 00:00,10/08/2013 00:00,"216.74.138.135","216.74.138.0","US","com",0,0,1,17/03/2013 00:00,30/07/2013 00:00
374,"dedicated-sale.com",0,-1,1,1,0,88456,88456,14/01/2008 00:00,21/06/2013 00:00,"208.73.211.152","208.73.211.0","US","com",0,0,1,01/04/2008 00:00,01/04/2008 00:00
375,"cretaguide.com",131,-1,1,1,1950209,615502,257438,15/01/2008 00:00,24/07/2013 00:00,"216.172.171.91","216.172.171.0","US","com",9,10,1,09/06/2008 00:00,09/06/2008 00:00
376,"coolgrandma.com",1341,-1,1,1,6800,963353,165558,17/01/2008 00:00,10/08/2013 00:00,"74.208.20.82","74.208.20.0","US","com",24,19,1,03/06/2013 00:00,03/06/2013 00:00
377,"continuoustraveler.com",150,-1,1,1,2801,2127,1153,11/07/2008 00:00,22/11/2010 00:00,"69.64.147.249","69.64.147.0","US","com",7,11,1,07/10/2010 00:00,07/10/2010 00:00
378,"conempleo.com",0,-1,1,1,0,116916,116916,09/03/2008 00:00,13/06/2013 00:00,"82.98.86.161","82.98.86.0","DE","com",0,0,1,16/11/2008 00:00,16/11/2008 00:00
379,"chuckwagonjack.com",19,-1,1,1,54,65,32,23/01/2008 00:00,23/01/2008 00:00,"69.56.159.9","69.56.159.0","US","com",7,6,1,23/01/2008 00:00,23/01/2008 00:00
380,"christmas-navidad.com",54,-1,1,1,323,4547,4540,14/04/2011 00:00,10/08/2013 00:00,"194.28.84.43","194.28.84.0","UA","com",11,0,1,11/07/2012 00:00,05/07/2013 00:00
381,"ceeamerica.com",121,-1,1,1,1659,1982,1368,27/10/2008 00:00,10/08/2013 00:00,"173.254.28.105","173.254.28.0","US","com",10,9,1,28/02/2013 00:00,16/07/2013 00:00
382,"carautopaintinghowto.com",305,-1,1,1,25552,108579,43794,15/04/2011 00:00,10/08/2013 00:00,"208.101.62.207","208.101.62.0","US","com",23,6,1,28/06/2011 00:00,24/12/2011 00:00
383,"ferommok.com",4564,-1,1,1,90885,3200652,686859,08/05/2009 00:00,12/02/2013 00:00,"188.92.75.59","188.92.75.0","LV","com",18,7,1,29/03/2010 00:00,29/03/2010 00:00
384,"camping-quebec.com",6,-1,1,1,10,82977,32237,10/02/2008 00:00,22/12/2009 00:00,"66.46.179.105","66.46.179.0","CA","com",0,0,1,29/01/2009 00:00,29/01/2009 00:00
385,"fictivedesign.com",1472,-1,1,1,337695,1404918,334898,13/06/2009 00:00,27/01/2012 00:00,"107.20.206.69","107.20.206.0","US","com",14,2,1,11/11/2010 00:00,11/11/2010 00:00
386,"freegk.com",3617,-1,1,1,58026,1294138,238374,31/01/2008 00:00,09/08/2013 00:00,"65.254.250.101","65.254.250.0","US","com",35,17,1,16/09/2008 00:00,27/05/2012 00:00
387,"justflockto.com",1,-1,1,1,1,53961,53961,15/02/2011 00:00,10/08/2013 00:00,"188.121.55.1","188.121.55.0","NL","com",0,0,1,30/05/2011 00:00,25/12/2011 00:00
388,"jollyroger.com",19087,-1,1,1,39549386,639919,299957,09/01/2008 00:00,10/08/2013 00:00,"69.13.45.29","69.13.45.0","US","com",45,30,1,11/05/2008 00:00,11/05/2008 00:00
389,"iwebhot.com",2,-1,1,1,2,127882,127881,24/08/2008 00:00,17/01/2013 00:00,"82.98.86.163","82.98.86.0","DE","com",0,0,1,14/04/2009 00:00,14/04/2009 00:00
390,"isearchforporn.com",2667,-1,1,1,1073051,2999790,221528,11/01/2008 00:00,03/02/2013 00:00,"72.215.225.9","72.215.225.0","US","com",7,1,1,25/05/2008 00:00,25/05/2008 00:00
391,"investment-deluxe.com",0,-1,1,1,0,94867,94866,13/02/2008 00:00,20/02/2009 00:00,"63.251.179.13","63.251.179.0","US","com",0,0,1,26/07/2008 00:00,26/07/2008 00:00
392,"infoyes.com",1473,-1,1,1,6376,43472,24370,12/01/2008 00:00,26/01/2013 00:00,"67.215.66.132","67.215.66.0","US","com",14,23,1,15/03/2008 00:00,15/03/2008 00:00
393,"infohelpway.com",172,-1,1,1,1234,238672,146396,09/01/2008 00:00,05/02/2013 00:00,"67.215.66.132","67.215.66.0","US","com",8,8,1,27/04/2008 00:00,27/04/2008 00:00
394,"inetpilot.com",12,-1,1,1,100,139737,62392,14/01/2008 00:00,28/01/2013 00:00,"92.42.70.10","92.42.70.0","NO","com",0,0,1,18/09/2008 00:00,18/09/2008 00:00
395,"incekum.com",2,-1,1,1,2,47496,47496,28/07/2008 00:00,10/08/2013 00:00,"188.138.95.91","188.138.95.0","DE","com",0,0,1,16/03/2013 00:00,30/07/2013 00:00
396,"igrupa.com",1025,-1,1,1,65846,288221,135564,09/01/2008 00:00,09/08/2013 00:00,"174.137.132.100","174.137.132.0","US","com",11,11,1,27/05/2008 00:00,27/05/2008 00:00
397,"hogphotog.com",702,-1,1,1,4294,470592,170632,10/01/2008 00:00,10/08/2013 00:00,"208.106.136.135","208.106.136.0","US","com",13,20,1,08/06/2008 00:00,08/06/2008 00:00
398,"hlb168.com",36,-1,1,1,924,205640,51754,01/03/2013 00:00,10/08/2013 00:00,"222.186.48.136","222.186.48.0","CN","com",5,6,1,15/03/2013 00:00,08/08/2013 00:00
399,"haroldscross.com",20,-1,1,1,328,734360,734360,16/06/2009 00:00,13/02/2013 00:00,"82.98.86.175","82.98.86.0","DE","com",0,0,1,30/10/2010 00:00,30/10/2010 00:00
400,"goobd.com",1698,-1,1,1,74322,1897968,360659,21/10/2008 00:00,21/12/2011 00:00,"61.147.119.222","61.147.119.0","CN","com",14,27,1,21/01/2011 00:00,21/01/2011 00:00
401,"genealogylocator.com",3174,-1,1,1,27112,1707155,567038,09/01/2008 00:00,26/06/2013 00:00,"69.64.82.148","69.64.82.0","US","com",11,15,1,14/10/2011 00:00,14/10/2011 00:00
402,"fulltime-rving.com",1223,-1,1,1,17970,1671,1479,02/11/2011 00:00,10/08/2013 00:00,"66.43.53.218","66.43.53.0","CA","com",28,26,1,12/12/2011 00:00,03/07/2013 00:00
403,"frhse.com",4633,-1,1,1,133872,2394746,709520,01/05/2009 00:00,22/06/2013 00:00,"188.92.75.58","188.92.75.0","LV","com",20,4,1,11/05/2010 00:00,11/05/2010 00:00
404,"findmeacampground.com",9,-1,1,1,28,45396,3861,17/10/2008 00:00,10/08/2013 00:00,"64.95.64.194","64.95.64.0","US","com",13,7,1,14/12/2008 00:00,14/12/2008 00:00
405,"kr3at.com",361,-1,1,1,39719,1765084,147680,19/01/2008 00:00,10/08/2013 00:00,"50.63.202.54","50.63.202.0","US","com",9,10,1,15/10/2008 00:00,15/10/2008 00:00
406,"campgroundsinamerica.com",0,-1,1,1,0,55,55,14/03/2011 00:00,20/07/2013 00:00,"206.188.193.243","206.188.193.0","US","com",0,0,1,25/03/2013 00:00,20/07/2013 00:00
407,"bollywoodpoint.com",3648,-1,1,1,70005,12982933,560069,12/01/2008 00:00,20/05/2013 00:00,"8.5.1.42","8.5.1.0","US","com",12,9,1,26/09/2009 00:00,26/09/2009 00:00
408,"10000campgrounds.com",35,-1,1,1,136,135435,73050,18/12/2008 00:00,30/07/2013 00:00,"67.19.177.70","67.19.177.0","US","com",8,8,1,17/03/2009 00:00,17/03/2009 00:00
409,"e-tgt.cn",186,-1,1,1,8636,719994,331283,30/04/2009 00:00,25/11/2011 00:00,"67.215.77.132","67.215.77.0","US","cn",6,0,1,30/09/2010 00:00,30/09/2010 00:00
410,"buttonms.cn",227,-1,1,1,4363,4000,3150,29/04/2009 00:00,20/07/2009 00:00,"80.156.86.78","80.156.86.0","DE","cn",7,0,1,08/06/2009 00:00,08/06/2009 00:00
411,"baxasxc.cn",170,-1,1,1,3060,4000,3394,02/03/2009 00:00,13/07/2009 00:00,"62.157.140.133","62.157.140.0","DE","cn",6,0,1,28/04/2009 00:00,28/04/2009 00:00
412,"aspxz.cn",1895,-1,1,1,169201,3204315,548914,06/08/2009 00:00,29/07/2013 00:00,"70.39.102.101","70.39.102.0","US","cn",24,12,1,06/11/2010 00:00,06/11/2010 00:00
413,"arizonadedicated-content.co.cc",1,-1,1,1,1,27,0,28/10/2012 00:00,,"112.175.243.22","112.175.243.0","KR","cc",0,0,1,15/01/2009 00:00,15/01/2009 00:00
414,"arizonadedicated-can.co.cc",1,-1,1,1,1,27,1,28/10/2012 00:00,,"112.175.243.22","112.175.243.0","KR","cc",0,0,1,15/01/2009 00:00,15/01/2009 00:00
415,"arizona-winner.co.cc",1,-1,1,1,1,27,1,28/10/2012 00:00,,"112.175.243.23","112.175.243.0","KR","cc",0,0,1,15/01/2009 00:00,15/01/2009 00:00
416,"arizona-share.co.cc",2,-1,1,1,2,28,1,10/11/2012 00:00,,"114.207.244.145","114.207.244.0","KR","cc",0,0,1,15/01/2009 00:00,15/01/2009 00:00
417,"arizona-located.co.cc",7,-1,1,1,8,28,2,10/11/2012 00:00,,"114.207.244.143","114.207.244.0","KR","cc",0,0,1,15/01/2009 00:00,15/01/2009 00:00
418,"arizona-industriesdesigning.co.cc",1,-1,1,1,1,27,0,28/10/2012 00:00,,"","","","cc",0,0,1,15/01/2009 00:00,15/01/2009 00:00
419,"arizona-helpt.co.cc",1,-1,1,1,1,27,0,28/10/2012 00:00,,"112.175.243.21","112.175.243.0","KR","cc",0,0,1,15/01/2009 00:00,15/01/2009 00:00
420,"arizona-handheld.co.cc",1,-1,1,1,1,27,0,28/10/2012 00:00,,"112.175.243.23","112.175.243.0","KR","cc",0,0,1,15/01/2009 00:00,15/01/2009 00:00
421,"arizona-fill.co.cc",1,-1,1,1,1,27,0,28/10/2012 00:00,,"112.175.243.24","112.175.243.0","KR","cc",0,0,1,15/01/2009 00:00,15/01/2009 00:00
422,"arizona-bmx.co.cc",1,-1,1,1,1,27,1,28/10/2012 00:00,,"112.175.243.22","112.175.243.0","KR","cc",0,0,1,15/01/2009 00:00,15/01/2009 00:00
423,"itasist.com.br",23,-1,1,1,12306,160168,86277,08/11/2009 00:00,28/02/2010 00:00,"189.113.166.104","189.113.166.0","BR","br",1,0,1,13/01/2010 00:00,13/01/2010 00:00
424,"mysearch.com.au",1801,-1,1,1,20528,2003253,507905,28/01/2008 00:00,23/05/2011 00:00,"208.43.135.30","208.43.135.0","US","au",11,13,1,02/12/2010 00:00,02/12/2010 00:00
425,"45searchengine.com",0,-1,1,1,0,36857,36857,04/10/2010 00:00,10/08/2013 00:00,"64.15.231.165","64.15.231.0","US","com",0,0,1,16/03/2013 00:00,29/07/2013 00:00
426,"campclubusa.com",1639,-1,1,1,39618,6781,4318,11/01/2008 00:00,18/07/2013 00:00,"12.180.242.233","12.180.242.0","US","com",19,28,1,15/09/2008 00:00,28/11/2011 00:00
427,"4viaggi.com",3990,-1,1,1,247559,627196,237377,27/01/2008 00:00,10/08/2013 00:00,"159.253.138.18","159.253.138.0","NL","com",39,15,1,27/04/2008 00:00,27/04/2008 00:00
428,"57searchengines.com",5,-1,1,1,159,94560,48288,07/08/2012 00:00,10/08/2013 00:00,"216.35.75.104","216.35.75.0","US","com",4,0,1,20/05/2013 00:00,08/08/2013 00:00
429,"blue-lands.com",835,-1,1,1,1417332,73908,41616,16/01/2008 00:00,10/08/2013 00:00,"94.247.177.242","94.247.177.0","FR","com",35,29,1,25/02/2013 00:00,25/02/2013 00:00
430,"billionlinks.com",79,-1,1,1,649188,174228,100986,27/03/2008 00:00,10/08/2013 00:00,"174.142.82.186","174.142.82.0","CA","com",10,3,1,11/05/2013 00:00,11/05/2013 00:00
431,"beachcomber.com",5660,-1,1,1,114468,694649,397015,10/01/2008 00:00,10/08/2013 00:00,"209.40.99.71","209.40.99.0","US","com",41,35,1,13/08/2008 00:00,18/01/2013 00:00
432,"bakucrawler.com",0,-1,1,1,0,88454,88453,23/11/2008 00:00,21/03/2010 00:00,"91.121.81.175","91.121.81.0","FR","com",0,0,1,16/03/2010 00:00,16/03/2010 00:00
433,"articlesxp.com",348,-1,1,1,5102,1436221,168951,17/01/2008 00:00,10/08/2013 00:00,"87.98.134.121","87.98.134.0","FR","com",17,10,1,01/04/2008 00:00,01/04/2008 00:00
434,"appledsl.com",1,-1,1,1,1,110977,55145,20/12/2008 00:00,10/08/2013 00:00,"65.49.9.65","65.49.9.0","US","com",0,0,1,09/08/2013 00:00,09/08/2013 00:00
435,"americavacationmall.com",11,-1,1,1,13,246,154,14/12/2012 00:00,,"174.121.33.162","174.121.33.0","US","com",0,0,1,19/01/2011 00:00,19/01/2011 00:00
436,"americarvmall.com",7,-1,1,1,24,57,56,22/12/2012 00:00,,"174.121.33.162","174.121.33.0","US","com",0,0,1,17/01/2011 00:00,05/05/2011 00:00
437,"ameri-cantrails.com",0,-1,1,1,0,2,2,17/03/2013 00:00,,"174.122.114.250","174.122.114.0","US","com",0,0,1,17/03/2013 00:00,17/03/2013 00:00
438,"actionsearch.com",406,-1,1,1,18068,724749,121353,09/01/2008 00:00,10/08/2013 00:00,"174.137.132.100","174.137.132.0","US","com",13,18,1,23/03/2008 00:00,23/03/2008 00:00
439,"95searchengine.com",0,-1,1,1,0,37958,37958,06/10/2010 00:00,10/08/2013 00:00,"64.15.231.170","64.15.231.0","US","com",0,0,1,17/04/2013 00:00,17/04/2013 00:00
440,"92searchengines.com",1,-1,1,1,6,94418,53726,09/03/2013 00:00,10/08/2013 00:00,"64.15.231.145","64.15.231.0","US","com",4,0,1,18/03/2013 00:00,18/03/2013 00:00
441,"87searchengines.com",0,-1,1,1,0,86461,30922,16/03/2013 00:00,10/08/2013 00:00,"64.15.231.145","64.15.231.0","US","com",0,0,1,22/05/2013 00:00,22/05/2013 00:00
442,"79searchengines.com",0,-1,1,1,0,105946,51690,20/03/2013 00:00,10/08/2013 00:00,"64.15.231.145","64.15.231.0","US","com",0,0,1,10/04/2013 00:00,10/08/2013 00:00
443,"78searchengines.com",0,-1,1,1,0,70441,34343,16/03/2013 00:00,10/08/2013 00:00,"64.15.231.145","64.15.231.0","US","com",0,0,1,16/05/2013 00:00,17/07/2013 00:00
444,"68searchengines.com",0,-1,1,1,0,92283,54095,05/03/2013 00:00,10/08/2013 00:00,"64.15.231.145","64.15.231.0","US","com",0,0,1,15/05/2013 00:00,15/05/2013 00:00
445,"66searchengine.com",0,-1,1,1,0,37000,37000,17/03/2013 00:00,10/08/2013 00:00,"64.15.231.179","64.15.231.0","US","com",0,0,1,04/04/2013 00:00,07/08/2013 00:00
446,"54searchengines.com",21,-1,1,1,78,100070,51966,29/09/2012 00:00,10/08/2013 00:00,"216.35.75.102","216.35.75.0","US","com",4,0,1,09/08/2013 00:00,09/08/2013 00:00
447,"kurdishworld.com",4990,-1,1,1,118675,344549,91461,09/01/2008 00:00,27/07/2013 00:00,"176.31.232.4","176.31.232.0","FR","com",15,19,1,20/05/2008 00:00,20/05/2008 00:00
448,"lawidea.com",353,-1,1,1,1286,411790,224628,12/01/2008 00:00,10/08/2013 00:00,"72.52.208.142","72.52.208.0","US","com",22,22,1,10/06/2008 00:00,10/06/2008 00:00
449,"lenadoon.com",331,-1,1,1,1584,944155,442636,13/10/2009 00:00,10/08/2013 00:00,"208.180.24.23","208.180.24.0","US","com",6,0,1,07/03/2010 00:00,07/03/2010 00:00
450,"tulipsandbears.com",2221,-1,1,1,3056591,619038,319499,15/01/2008 00:00,10/08/2013 00:00,"178.63.48.7","178.63.48.0","DE","com",28,24,1,15/05/2008 00:00,15/05/2008 00:00
451,"travel-in-usa.com",90,-1,1,1,9901,182336,81394,06/02/2008 00:00,27/01/2013 00:00,"93.170.52.21","93.170.52.0","CZ","com",5,2,1,12/04/2009 00:00,12/04/2009 00:00
452,"the-golden-egg.com",242,-1,1,1,46490,164785,95103,15/01/2008 00:00,10/08/2013 00:00,"173.254.17.86","173.254.17.0","US","com",8,4,1,25/08/2008 00:00,25/08/2008 00:00
453,"texastraderrv.com",1800,-1,1,1,291204,1542747,112455,09/01/2008 00:00,10/08/2013 00:00,"74.205.62.99","74.205.62.0","US","com",14,8,1,20/07/2008 00:00,20/07/2008 00:00
454,"tangerweb.com",572,-1,1,1,20837,11446,10480,14/05/2008 00:00,16/09/2009 00:00,"107.20.206.69","107.20.206.0","US","com",6,2,1,23/10/2008 00:00,23/10/2008 00:00
455,"surf-site.com",622,-1,1,1,2137,368284,141339,09/01/2008 00:00,10/08/2013 00:00,"50.87.53.222","50.87.53.0","US","com",11,9,1,25/04/2008 00:00,25/04/2008 00:00
456,"superairportparking.com",2,-1,1,1,3,772685,772685,14/02/2008 00:00,06/10/2010 00:00,"208.73.211.152","208.73.211.0","US","com",0,0,1,05/10/2008 00:00,05/10/2008 00:00
457,"stranmillis.com",386,-1,1,1,1054596,1679465,585850,05/07/2009 00:00,15/07/2010 00:00,"67.215.66.132","67.215.66.0","US","com",5,0,1,13/01/2010 00:00,13/01/2010 00:00
458,"stay2z.com",71,-1,1,1,428,158586,91409,22/09/2008 00:00,10/08/2013 00:00,"178.79.150.105","178.79.150.0","UK","com",7,1,1,13/04/2011 00:00,02/03/2013 00:00
459,"statsdaemon.com",6628,-1,1,1,326997,3672378,762193,19/06/2009 00:00,23/07/2013 00:00,"188.92.75.58","188.92.75.0","LV","com",18,5,1,27/04/2010 00:00,27/04/2010 00:00
460,"soustava.com",91,-1,1,1,647,292145,77213,23/01/2008 00:00,10/08/2013 00:00,"50.115.114.4","50.115.114.0","US","com",5,2,1,19/05/2008 00:00,19/05/2008 00:00
461,"snowbirdheaven.com",717,-1,1,1,1734,196134,16982,10/01/2008 00:00,27/07/2013 00:00,"184.168.221.60","184.168.221.0","US","com",5,0,1,10/01/2008 00:00,10/01/2008 00:00
462,"skincareindia.com",2914,-1,1,1,129217,485897,103577,09/01/2008 00:00,10/08/2013 00:00,"74.86.89.172","74.86.89.0","US","com",23,18,1,04/08/2008 00:00,14/04/2012 00:00
463,"sharkseek.com",74,-1,1,1,361,137143,50039,11/10/2011 00:00,10/08/2013 00:00,"64.15.231.190","64.15.231.0","US","com",7,7,1,25/04/2013 00:00,25/04/2013 00:00
464,"searchthing.com",203,-1,1,1,660,1801336,422715,17/09/2009 00:00,10/08/2013 00:00,"216.35.75.124","216.35.75.0","US","com",14,13,1,04/05/2013 00:00,04/05/2013 00:00
465,"searchraven.com",46,-1,1,1,116,138106,42241,13/10/2011 00:00,10/08/2013 00:00,"64.15.231.145","64.15.231.0","US","com",5,1,1,05/08/2013 00:00,05/08/2013 00:00
466,"searchlot.com",0,-1,1,1,0,312176,312175,16/01/2009 00:00,10/08/2013 00:00,"64.14.40.138","64.14.40.0","US","com",0,0,1,15/03/2010 00:00,15/03/2010 00:00
467,"tweepletime.com",2,-1,1,1,2,541119,541119,18/09/2009 00:00,16/03/2012 00:00,"208.73.211.152","208.73.211.0","US","com",0,0,1,23/08/2010 00:00,23/08/2010 00:00
468,"searchindian.com",0,-1,1,1,0,150592,150591,25/01/2008 00:00,31/07/2013 00:00,"66.221.208.242","66.221.208.0","US","com",0,0,1,20/05/2008 00:00,20/05/2008 00:00
469,"ultimatervparksguide.com",0,-1,1,1,0,65,64,30/03/2011 00:00,22/07/2013 00:00,"65.74.137.142","65.74.137.0","US","com",0,0,1,23/04/2011 00:00,12/11/2012 00:00
470,"usbizdir.com",1,-1,1,1,1,708513,708512,07/07/2009 00:00,18/07/2011 00:00,"65.254.248.192","65.254.248.0","US","com",0,0,1,16/06/2010 00:00,16/06/2010 00:00
471,"kinderatlas.de",136,-1,1,1,318,421646,223253,10/01/2008 00:00,30/06/2013 00:00,"213.203.249.126","213.203.249.0","DE","de",5,0,1,05/07/2008 00:00,05/07/2008 00:00
472,"domaindb.de",200,-1,1,1,28199,1617162,333504,22/01/2008 00:00,10/08/2013 00:00,"82.165.78.127","82.165.78.0","DE","de",19,13,1,05/06/2013 00:00,05/06/2013 00:00
473,"defind.de",278,-1,1,1,2000,296563,113930,09/01/2008 00:00,14/12/2008 00:00,"83.149.109.210","83.149.109.0","NL","de",7,5,1,31/01/2008 00:00,31/01/2008 00:00
474,"military.cz",11051,-1,1,1,729244,841511,245114,09/01/2008 00:00,10/08/2013 00:00,"193.179.179.4","193.179.179.0","CZ","cz",36,27,1,14/05/2008 00:00,21/06/2012 00:00
475,"zofox.com",857,-1,1,1,4709,88150,78022,23/01/2008 00:00,16/07/2013 00:00,"50.63.202.30","50.63.202.0","US","com",9,25,1,23/02/2009 00:00,23/02/2009 00:00
476,"xeas.com",247,-1,1,1,304782,1161088,563168,25/01/2008 00:00,31/07/2013 00:00,"216.172.171.91","216.172.171.0","US","com",9,7,1,11/05/2008 00:00,11/05/2008 00:00
477,"wsetravel.com",3,-1,1,1,7,1124,980,08/03/2013 00:00,18/06/2013 00:00,"173.205.127.44","173.205.127.0","US","com",0,0,1,14/01/2012 00:00,08/03/2013 00:00
478,"wirelessresourcecenter.com",3,-1,1,1,8,30,14,14/01/2008 00:00,22/03/2008 00:00,"199.34.228.100","199.34.228.0","US","com",7,6,1,14/01/2008 00:00,14/01/2008 00:00
479,"wilderness-world.com",1,-1,1,1,1,119,93,20/03/2008 00:00,18/01/2013 00:00,"77.68.68.216","77.68.68.0","UK","com",0,0,1,13/07/2008 00:00,13/07/2008 00:00
480,"wholelook.com",1178,-1,1,1,79885,540051,207340,14/02/2008 00:00,02/07/2013 00:00,"74.117.221.143","74.117.221.0","KY","com",14,14,1,12/06/2010 00:00,12/06/2010 00:00
481,"wespeakmac.com",0,-1,1,1,0,46927,46927,01/03/2013 00:00,10/08/2013 00:00,"65.49.9.65","65.49.9.0","US","com",0,0,1,11/04/2013 00:00,11/04/2013 00:00
482,"webstrani.com",46,-1,1,1,12938,390053,35975,14/07/2008 00:00,10/08/2013 00:00,"50.31.138.120","50.31.138.0","US","com",12,0,1,01/01/2009 00:00,01/01/2009 00:00
483,"wdbase.com",213,-1,1,1,6700,384768,113452,09/01/2008 00:00,21/06/2013 00:00,"208.73.211.152","208.73.211.0","US","com",7,6,1,10/03/2008 00:00,10/03/2008 00:00
484,"waterbillmanager.com",4,-1,1,1,5,22009,8305,10/12/2010 00:00,11/04/2011 00:00,"67.215.66.132","67.215.66.0","US","com",0,0,1,08/04/2011 00:00,08/04/2011 00:00
485,"votreimmobilier.com",223,-1,1,1,38793,1104786,65583,05/02/2008 00:00,19/09/2008 00:00,"64.95.64.218","64.95.64.0","US","com",4,0,1,27/05/2008 00:00,27/05/2008 00:00
486,"volmi.com",339,-1,1,1,1397,508420,148040,15/09/2009 00:00,13/06/2013 00:00,"82.98.86.163","82.98.86.0","DE","com",7,1,1,21/12/2009 00:00,21/12/2009 00:00
487,"visityuma.com",3147,-1,1,1,23902,1957,1233,12/02/2008 00:00,10/08/2013 00:00,"174.36.31.76","174.36.31.0","US","com",34,26,1,13/09/2012 00:00,09/07/2013 00:00
488,"universal-search.com",186,-1,1,1,44653,1656503,398200,13/12/2008 00:00,01/05/2010 00:00,"209.85.51.210","209.85.51.0","US","com",5,0,1,21/09/2009 00:00,21/09/2009 00:00
489,"search-a-lot.com",0,-1,1,1,0,48598,48597,01/10/2010 00:00,10/08/2013 00:00,"64.14.40.138","64.14.40.0","US","com",0,0,1,26/03/2013 00:00,05/08/2013 00:00
490,"rvtoads.com",3742,-1,1,1,182783,24270,20807,13/01/2009 00:00,14/05/2013 00:00,"198.1.99.240","198.1.99.0","US","com",19,25,1,24/04/2011 00:00,18/03/2012 00:00
491,"rvparkyes.com",6,-1,1,1,36,56,53,22/09/2008 00:00,22/09/2008 00:00,"67.63.55.3","67.63.55.0","US","com",0,0,1,22/09/2008 00:00,22/09/2008 00:00
492,"pdfebooksz.com",717,-1,1,1,222117,4391328,429846,25/08/2010 00:00,13/09/2012 00:00,"208.91.197.104","208.91.197.0","UK","com",7,0,1,14/09/2010 00:00,14/09/2010 00:00
493,"pcservicetech.com",1,-1,1,1,2,125777,8451,22/01/2008 00:00,20/07/2013 00:00,"68.178.232.99","68.178.232.0","US","com",5,0,1,02/04/2008 00:00,02/04/2008 00:00
494,"osnaps.com",386,-1,1,1,72413,486801,247087,09/01/2008 00:00,10/08/2013 00:00,"216.177.140.130","216.177.140.0","US","com",7,1,1,23/03/2008 00:00,23/03/2008 00:00
495,"oo15.com",19,-1,1,1,43876,138742,54000,26/01/2010 00:00,10/08/2013 00:00,"118.244.124.126","118.244.124.0","CN","com",13,2,1,18/05/2013 00:00,18/05/2013 00:00
496,"olymposbeach.com",225,-1,1,1,73938,674690,318971,05/07/2008 00:00,10/08/2013 00:00,"188.138.95.91","188.138.95.0","DE","com",11,6,1,14/03/2009 00:00,14/03/2009 00:00
497,"noel9.com",862,-1,1,1,34671,5749669,347417,22/03/2008 00:00,08/08/2013 00:00,"199.21.151.60","199.21.151.0","CA","com",12,15,1,30/01/2009 00:00,30/01/2009 00:00
498,"njcampinginfo.com",2767,-1,1,1,11476,8939,7585,20/01/2008 00:00,10/08/2013 00:00,"64.120.20.243","64.120.20.0","US","com",27,13,1,26/10/2008 00:00,26/10/2008 00:00
499,"nickeyspostcards.com",2100,-1,1,1,3438,206733,98766,12/01/2009 00:00,10/08/2013 00:00,"216.97.227.40","216.97.227.0","US","com",10,16,1,06/06/2013 00:00,06/06/2013 00:00
500,"newtravels.com",674,-1,1,1,1279,236082,112800,09/01/2008 00:00,04/09/2009 00:00,"173.255.213.178","173.255.213.0","US","com",9,9,1,30/07/2008 00:00,30/07/2008 00:00
501,"modelkot.com",4194,-1,1,1,189337,2345550,635328,10/06/2009 00:00,26/06/2013 00:00,"188.92.75.57","188.92.75.0","LV","com",17,8,1,09/01/2011 00:00,09/01/2011 00:00
502,"metastrike.com",1808,-1,1,1,4295,416829,194108,09/01/2008 00:00,10/08/2013 00:00,"67.196.2.216","67.196.2.0","US","com",19,11,1,21/03/2013 00:00,21/03/2013 00:00
503,"medical-term.com",3,-1,1,1,3,583060,583059,10/01/2008 00:00,04/02/2013 00:00,"69.43.161.167","69.43.161.0","US","com",0,0,1,09/06/2009 00:00,09/06/2009 00:00
504,"marsrace.com",691,-1,1,1,1343,145264,88457,10/01/2008 00:00,10/08/2013 00:00,"97.74.42.79","97.74.42.0","US","com",10,10,1,27/04/2008 00:00,27/04/2008 00:00
505,"maroc-referencement.com",329,-1,1,1,5651,1414088,41548,28/05/2008 00:00,27/07/2013 00:00,"66.147.240.154","66.147.240.0","US","com",8,6,1,25/08/2008 00:00,25/08/2008 00:00
506,"linkimpression.com",47,-1,1,1,227,391093,86074,09/01/2008 00:00,28/12/2008 00:00,"72.64.138.75","72.64.138.0","US","com",5,0,1,31/05/2008 00:00,31/05/2008 00:00
507,"lilea.com",13829,-1,1,1,8122372,945410,564925,22/01/2008 00:00,08/02/2012 00:00,"79.96.9.164","79.96.9.0","PL","com",14,12,1,15/06/2008 00:00,15/06/2008 00:00
508,"lesamisdupleinair.com",619,-1,1,1,3525,17505,16295,03/10/2009 00:00,10/08/2013 00:00,"88.198.171.142","88.198.171.0","DE","com",21,6,1,08/05/2011 00:00,25/06/2013 00:00
509,"pdfxp.com",2731,-1,1,1,749801,12941245,973891,21/09/2009 00:00,10/08/2013 00:00,"67.159.35.227","67.159.35.0","US","com",26,8,1,25/10/2010 00:00,25/10/2010 00:00
510,"pepesearch.com",3301,-1,1,1,35745,460832,230213,09/01/2008 00:00,09/08/2013 00:00,"209.68.63.5","209.68.63.0","US","com",18,22,1,12/06/2008 00:00,12/06/2008 00:00
511,"pervod.com",0,-1,1,1,0,156246,156245,24/01/2008 00:00,08/01/2013 00:00,"67.215.77.132","67.215.77.0","US","com",0,0,1,11/05/2008 00:00,11/05/2008 00:00
512,"picayuneitem.com",16397,-1,1,1,249935,19858194,1366866,14/01/2008 00:00,10/08/2013 00:00,"74.84.203.168","74.84.203.0","US","com",39,32,1,20/09/2010 00:00,20/09/2010 00:00
513,"rvdad.com",210,-1,1,1,566,223,172,13/10/2009 00:00,10/08/2013 00:00,"199.34.228.100","199.34.228.0","US","com",13,9,1,21/12/2010 00:00,07/07/2013 00:00
514,"rv52.com",512,-1,1,1,9312,382859,139392,06/03/2010 00:00,10/08/2013 00:00,"141.101.117.14","141.101.117.0","EU","com",21,10,1,10/04/2013 00:00,10/04/2013 00:00
515,"rv2nd.com",74,-1,1,1,4509,3369,179,30/03/2008 00:00,,"69.43.161.170","69.43.161.0","US","com",0,0,1,30/03/2008 00:00,30/03/2008 00:00
516,"rosalesweb.com",6595,-1,1,1,395164,5715,3069,10/04/2008 00:00,10/08/2013 00:00,"72.9.158.42","72.9.158.0","US","com",21,18,1,02/08/2008 00:00,02/08/2008 00:00
517,"rollercoasterpennystocks.com",738,-1,1,1,4021,5232,4138,05/02/2008 00:00,11/11/2009 00:00,"208.52.167.84","208.52.167.0","US","com",7,9,1,11/11/2009 00:00,11/11/2009 00:00
518,"richbay.com",307,-1,1,1,3741,1076583,341591,10/01/2008 00:00,10/08/2013 00:00,"72.167.168.171","72.167.168.0","US","com",23,20,1,14/08/2010 00:00,14/08/2010 00:00
519,"recreation2000.com",25,-1,1,1,354,10330,9583,17/03/2013 00:00,09/08/2013 00:00,"96.127.176.138","96.127.176.0","US","com",10,11,1,20/03/2013 00:00,02/08/2013 00:00
520,"putitinme.com",0,-1,1,1,0,110934,110933,15/01/2008 00:00,01/09/2009 00:00,"216.239.32.21","216.239.32.0","US","com",0,0,1,10/06/2008 00:00,10/06/2008 00:00
521,"mauspfeil.de",683,-1,1,1,2508445,2511126,583109,11/01/2008 00:00,10/08/2013 00:00,"5.9.77.242","5.9.77.0","DE","de",21,10,1,30/04/2011 00:00,20/09/2012 00:00
522,"propertywindsor.com",26,-1,1,1,2430,651698,651697,22/12/2008 00:00,28/07/2013 00:00,"82.98.86.172","82.98.86.0","DE","com",0,0,1,30/04/2010 00:00,30/04/2010 00:00
523,"propertymayfair.com",41,-1,1,1,9552,707790,707790,18/12/2008 00:00,28/06/2013 00:00,"82.98.86.172","82.98.86.0","DE","com",0,0,1,16/11/2011 00:00,16/11/2011 00:00
524,"propertykent.com",22,-1,1,1,1660,844259,844259,21/06/2009 00:00,22/07/2013 00:00,"82.98.86.172","82.98.86.0","DE","com",0,0,1,23/11/2010 00:00,23/11/2010 00:00
525,"propertycheltenham.com",355,-1,1,1,7023630,910245,395278,20/12/2008 00:00,21/06/2012 00:00,"82.98.86.172","82.98.86.0","DE","com",6,0,1,30/03/2010 00:00,30/03/2010 00:00
526,"propertychelsea.com",29,-1,1,1,4926,827596,827595,20/12/2008 00:00,23/06/2013 00:00,"82.98.86.172","82.98.86.0","DE","com",0,0,1,18/06/2010 00:00,18/06/2010 00:00
527,"propertybrighton.com",15,-1,1,1,24,551787,551787,29/09/2008 00:00,28/12/2012 00:00,"82.98.86.172","82.98.86.0","DE","com",0,0,1,29/06/2010 00:00,29/06/2010 00:00
528,"primo-search.com",0,-1,1,1,0,275844,275844,25/10/2009 00:00,13/05/2011 00:00,"216.35.75.112","216.35.75.0","US","com",0,0,1,12/04/2010 00:00,12/04/2010 00:00
529,"predictionsfor2006.com",0,-1,1,1,0,181254,181254,29/01/2008 00:00,10/12/2009 00:00,"","","","com",0,0,1,20/05/2008 00:00,20/05/2008 00:00
530,"posizionamento.com",1600,-1,1,1,590828,628836,335326,09/01/2008 00:00,10/08/2013 00:00,"46.28.0.33","46.28.0.0","IT","com",20,36,1,20/05/2008 00:00,20/05/2008 00:00
531,"inter.co.yu",2439,-1,1,1,67387,266363,70169,21/01/2008 00:00,12/09/2012 00:00,"199.101.28.10","199.101.28.0","US","yu",13,14,1,08/04/2008 00:00,08/04/2008 00:00
532,"thesaweb.co.za",1354,-1,1,1,487450,804461,198959,24/01/2008 00:00,10/08/2013 00:00,"69.65.9.62","69.65.9.0","US","za",23,14,1,02/05/2008 00:00,11/03/2012 00:00
