"Position","Domain","RefDomains","AlexaRank","Matches","MatchedLinks","ExtBackLinks","IndexedURLs","CrawledURLs","FirstCrawled","LastSuccessfulCrawl","IP","SubNet","CountryCode","TLD","CitationFlow","TrustFlow","BackLinks_nonprofit.org","FirstLinkDate_alsnonprofit.org","LastLinkDate_nonprofit.org"
1,"online-internet-marketing-strategies.com",1526,-1,1,20248,509719,5718068,486984,30/07/2008 00:00,31/07/2013 00:00,"108.167.179.192","108.167.179.0","US","com",24,7,20248,11/05/2008 00:00,27/07/2012 00:00
2,"forcedgreen.com",2142,790696,1,13768,171165,2670607,298209,06/10/2008 00:00,31/07/2013 00:00,"184.173.210.193","184.173.210.0","US","com",27,25,13768,12/04/2009 00:00,30/11/2012 00:00
3,"goalforthegreen.com",980,441085,1,6134,152860,9957,8651,19/09/2008 00:00,31/07/2013 00:00,"174.120.22.125","174.120.22.0","US","com",26,17,6134,21/04/2009 00:00,24/12/2012 00:00
4,"soloadexplosion.com",321,-1,1,5065,56320,7519,6726,19/11/2008 00:00,31/07/2013 00:00,"108.167.179.192","108.167.179.0","US","com",18,7,5065,20/03/2009 00:00,08/02/2011 00:00
5,"mywizardads.com",4236,283794,1,3602,216906,4276052,321960,09/01/2008 00:00,31/07/2013 00:00,"108.167.179.192","108.167.179.0","US","com",30,15,3602,24/05/2009 00:00,17/01/2012 00:00
6,"imwebniches.com",293,-1,1,1981,52716,9343,7515,01/06/2009 00:00,01/08/2013 00:00,"108.167.179.192","108.167.179.0","US","com",18,7,1981,15/11/2010 00:00,13/11/2011 00:00
7,"boardmancountry.com",240,-1,1,1732,47830,3090,3050,13/11/2008 00:00,27/07/2013 00:00,"108.167.164.82","108.167.164.0","US","com",17,7,1732,30/04/2009 00:00,03/01/2013 00:00
8,"glosgiftsblog.com",1426,473288,1,1659,103025,42445,31824,13/03/2010 00:00,31/07/2013 00:00,"141.101.117.107","141.101.117.0","EU","com",14,2,1659,08/03/2010 00:00,08/03/2010 00:00
9,"commentexchange.net",35,-1,1,1288,3202,7726,4435,26/09/2009 00:00,13/09/2012 00:00,"64.95.64.194","64.95.64.0","US","net",7,2,1288,26/09/2009 00:00,26/09/2009 00:00
10,"americanbeauty.ws",1233,-1,1,1231,92870,1716,1619,12/01/2011 00:00,08/08/2013 00:00,"108.167.179.192","108.167.179.0","US","ws",20,15,1231,31/12/2010 00:00,03/01/2012 00:00
11,"elbeeservicesllc.com",281,-1,1,659,82984,1710,1502,23/02/2010 00:00,10/08/2013 00:00,"198.71.53.243","198.71.53.0","US","com",22,8,659,01/04/2011 00:00,12/04/2011 00:00
12,"morethansewso.com",354,-1,1,644,32289,5242,2570,13/11/2008 00:00,27/07/2013 00:00,"69.59.147.104","69.59.147.0","US","com",12,5,644,27/04/2009 00:00,27/04/2009 00:00
13,"mytangiblewealthblog.com",276,-1,1,430,39744,961,674,07/04/2009 00:00,14/02/2010 00:00,"67.18.16.68","67.18.16.0","US","com",12,3,430,27/04/2009 00:00,25/10/2009 00:00
14,"babyboomersblueprint.com",274,-1,1,296,24144,4793,739,30/01/2010 00:00,10/08/2013 00:00,"184.168.221.17","184.168.221.0","US","com",8,6,296,05/11/2009 00:00,05/11/2009 00:00
15,"asocialthing.com",41,-1,1,270,152,1656,1172,05/12/2011 00:00,21/07/2013 00:00,"82.98.86.161","82.98.86.0","DE","com",6,0,270,08/06/2011 00:00,08/06/2011 00:00
16,"brainfoggles.com",5534,359157,1,234,1030557,182651,113711,11/11/2008 00:00,10/08/2013 00:00,"198.1.90.123","198.1.90.0","US","com",38,21,234,25/05/2009 00:00,10/07/2013 00:00
17,"tooclothesminded.com",332,-1,1,203,19284,32564,27768,04/01/2011 00:00,02/08/2013 00:00,"173.201.1.1","173.201.1.0","US","com",19,2,203,23/04/2012 00:00,27/03/2013 00:00
18,"allaboutalternatives.com",90,-1,1,165,18018,419,316,08/03/2010 00:00,26/08/2010 00:00,"63.251.179.13","63.251.179.0","US","com",8,0,165,10/02/2010 00:00,08/03/2010 00:00
19,"vrgdt.se",209,-1,1,155,1586,50283,22114,27/12/2009 00:00,08/08/2013 00:00,"46.30.211.51","46.30.211.0","DK","se",18,9,155,15/04/2012 00:00,20/05/2012 00:00
20,"boncherry.com",13262,-1,1,143,126797,396552,218752,12/11/2008 00:00,10/08/2013 00:00,"97.74.181.119","97.74.181.0","US","com",34,16,143,19/03/2009 00:00,19/03/2009 00:00
21,"conniesview.com",870,-1,1,138,63588,4986,4452,24/02/2009 00:00,10/08/2013 00:00,"198.1.90.123","198.1.90.0","US","com",22,11,138,05/08/2009 00:00,27/03/2011 00:00
22,"corrinrenee.com",2378,-1,1,125,212063,21598,19111,04/02/2008 00:00,10/08/2013 00:00,"108.162.197.193","108.162.197.0","US","com",30,18,125,02/06/2009 00:00,25/05/2013 00:00
23,"mixitupwithmarc.com",148,-1,1,110,26774,1280,659,15/10/2008 00:00,25/04/2011 00:00,"208.73.210.29","208.73.210.0","US","com",8,3,110,28/04/2009 00:00,30/05/2009 00:00
24,"lvtc.org",1202,-1,1,90,20566,335206,205453,24/01/2008 00:00,10/08/2013 00:00,"208.109.14.135","208.109.14.0","US","org",21,17,90,09/12/2011 00:00,30/06/2013 00:00
25,"i-tong.com",1481,-1,1,89,50476,150547,17462,01/05/2008 00:00,10/08/2013 00:00,"141.101.117.154","141.101.117.0","EU","com",28,7,89,13/04/2011 00:00,13/04/2011 00:00
26,"joes-time-life-travels.com",34,-1,1,83,6879,434,317,14/03/2010 00:00,14/01/2012 00:00,"82.98.86.175","82.98.86.0","DE","com",5,1,83,31/12/2009 00:00,24/02/2010 00:00
27,"thecharityclub.com",69,-1,1,76,6413,74446,19156,14/03/2009 00:00,31/07/2013 00:00,"174.132.128.126","174.132.128.0","US","com",15,0,76,19/07/2009 00:00,19/07/2009 00:00
28,"thecharityclub.net",139,-1,1,71,5990,48682,13807,29/09/2012 00:00,31/07/2013 00:00,"174.132.128.126","174.132.128.0","US","net",22,0,71,06/10/2012 00:00,22/02/2013 00:00
29,"geekyhousewife.com",1458,-1,1,50,100001,6744,6216,01/04/2008 00:00,10/08/2013 00:00,"208.113.215.153","208.113.215.0","US","com",22,17,50,19/11/2009 00:00,04/07/2012 00:00
30,"fragileheart.com",1120,-1,1,50,64840,21161,19527,09/01/2008 00:00,09/08/2013 00:00,"205.186.187.211","205.186.187.0","US","com",22,8,50,22/03/2009 00:00,10/10/2009 00:00
31,"mariorozenwurcel.com.ar",646,-1,1,44,43298,75114,22020,04/08/2009 00:00,01/08/2013 00:00,"190.228.29.85","190.228.29.0","AR","ar",12,2,44,13/04/2012 00:00,13/04/2012 00:00
32,"recycledfrockery.com",1542,-1,1,34,134388,2023705,313378,18/09/2008 00:00,23/06/2012 00:00,"173.254.28.51","173.254.28.0","US","com",13,5,34,15/08/2009 00:00,15/08/2009 00:00
33,"spicypage.com",6825,29658,1,33,977777,1573683,413200,15/01/2008 00:00,10/08/2013 00:00,"216.15.211.134","216.15.211.0","US","com",35,21,33,22/04/2009 00:00,22/04/2009 00:00
34,"online-livecams.com",304,-1,1,33,242169,5519,3646,21/02/2009 00:00,10/08/2013 00:00,"91.184.57.238","91.184.57.0","NL","com",23,14,33,04/04/2011 00:00,04/04/2011 00:00
35,"whoisluanneribble.com",63,-1,1,33,19840,462,287,23/09/2008 00:00,27/04/2009 00:00,"","","","com",6,3,33,16/04/2009 00:00,16/04/2009 00:00
36,"blogspot.com",10026461,11,1,32,30390382927,4792000861,276091166,09/01/2008 00:00,10/08/2013 00:00,"173.194.73.191","173.194.73.0","US","com",95,90,32,25/03/2009 00:00,26/09/2011 00:00
37,"perfectgolfshoe.com",1,-1,1,32,1,6267,6260,29/05/2013 00:00,12/06/2013 00:00,"","","","com",1,0,32,30/05/2013 00:00,30/05/2013 00:00
38,"myhealthcare.com",3980,-1,1,32,173075,2197198,252403,11/01/2008 00:00,10/08/2013 00:00,"69.13.39.34","69.13.39.0","US","com",25,17,32,03/06/2011 00:00,09/09/2011 00:00
39,"karensopinion.com",1394,-1,1,32,96458,8566,8294,29/03/2008 00:00,31/07/2013 00:00,"174.132.192.94","174.132.192.0","US","com",27,14,32,11/10/2009 00:00,04/07/2013 00:00
40,"worldnewsvine.com",2798,-1,1,30,50511,70749,52207,18/12/2009 00:00,10/08/2013 00:00,"108.59.252.49","108.59.252.0","US","com",31,13,30,22/07/2010 00:00,29/07/2010 00:00
41,"jumptags.com",123455,12061,1,27,90448507,42696048,2030603,05/02/2008 00:00,10/08/2013 00:00,"107.20.165.139","107.20.165.0","US","com",55,43,27,18/04/2009 00:00,24/10/2011 00:00
42,"hardrocktriathlon.com",6,-1,1,26,6,1111,597,15/11/2010 00:00,07/08/2013 00:00,"208.109.14.135","208.109.14.0","US","com",0,0,26,25/03/2013 00:00,30/06/2013 00:00
43,"citycare.com",547,-1,1,22,2688,6599,4515,23/01/2008 00:00,01/07/2013 00:00,"184.183.10.116","184.183.10.0","US","com",11,15,22,12/10/2009 00:00,03/11/2009 00:00
44,"mister-wong.com",220402,18406,1,20,319742978,120163748,2383791,11/01/2008 00:00,10/08/2013 00:00,"80.246.52.16","80.246.52.0","DE","com",50,47,20,28/05/2009 00:00,30/07/2009 00:00
45,"1stopmom.com",2287,-1,1,20,225652,29351,22120,15/05/2008 00:00,31/07/2013 00:00,"174.120.119.218","174.120.119.0","US","com",25,21,20,09/03/2011 00:00,17/03/2011 00:00
46,"propeller.com",237948,252881,1,19,172919408,79500370,3370149,09/01/2008 00:00,06/07/2013 00:00,"174.143.139.214","174.143.139.0","US","com",42,42,19,13/06/2009 00:00,08/09/2009 00:00
47,"journey1000words.com",907,592408,1,19,58953,15122,12313,15/03/2008 00:00,10/08/2013 00:00,"209.212.153.128","209.212.153.0","US","com",21,15,19,15/09/2009 00:00,04/07/2013 00:00
48,"nevadacareconnection.org",374,-1,1,19,1157,7825,5522,28/01/2008 00:00,15/07/2013 00:00,"70.32.121.99","70.32.121.0","US","org",11,19,19,08/07/2008 00:00,08/07/2008 00:00
49,"nevadacarauctions.com",16,-1,1,19,63,18693,15900,20/03/2013 00:00,10/08/2013 00:00,"198.1.113.124","198.1.113.0","US","com",10,4,19,03/04/2013 00:00,17/07/2013 00:00
50,"trews.org",563,-1,1,19,6786,17067,12675,29/01/2008 00:00,07/08/2013 00:00,"72.44.94.141","72.44.94.0","US","org",21,13,19,05/11/2008 00:00,05/11/2008 00:00
51,"fitforyounyc.com",0,-1,1,18,0,338048,338048,11/02/2008 00:00,16/07/2013 00:00,"97.74.42.79","97.74.42.0","US","com",0,0,18,21/09/2009 00:00,21/09/2009 00:00
52,"web2siteoutlook.com",1,-1,1,17,1,363909,363909,14/05/2010 00:00,10/08/2013 00:00,"82.98.86.173","82.98.86.0","DE","com",0,0,17,18/06/2010 00:00,18/06/2010 00:00
53,"stressfreehomerepairs.com",30,-1,1,17,37611,14,12,07/07/2013 00:00,30/07/2013 00:00,"74.208.75.44","74.208.75.0","US","com",14,7,17,19/06/2012 00:00,07/07/2013 00:00
54,"itsonitsway.net",64,-1,1,15,186,491428,304699,02/03/2008 00:00,18/01/2013 00:00,"67.220.206.213","67.220.206.0","US","net",5,0,15,09/12/2009 00:00,11/02/2010 00:00
55,"catdrivers.com",282,-1,1,14,4406,7344,6521,31/10/2010 00:00,10/08/2013 00:00,"173.201.216.15","173.201.216.0","US","com",26,10,14,01/12/2012 00:00,01/12/2012 00:00
56,"viewnews.com",6476,-1,1,14,934119,195930,95883,14/01/2008 00:00,10/03/2013 00:00,"12.9.217.39","12.9.217.0","US","com",22,34,14,14/10/2008 00:00,14/10/2008 00:00
57,"blogmemes.com",10819,-1,1,13,11273132,5412099,1082021,09/01/2008 00:00,09/08/2013 00:00,"178.33.136.3","178.33.136.0","FR","com",41,33,13,13/03/2009 00:00,20/04/2009 00:00
58,"charitycenters.com",0,-1,1,13,0,61264,61264,01/03/2010 00:00,07/08/2013 00:00,"64.207.179.40","64.207.179.0","US","com",0,0,13,31/03/2010 00:00,31/03/2010 00:00
59,"nothanksneeded.com",63,-1,1,12,1151,447260,264050,27/08/2009 00:00,23/07/2010 00:00,"64.74.223.41","64.74.223.0","US","com",5,0,12,05/11/2009 00:00,29/11/2009 00:00
60,"ffwpr.com",354,-1,1,12,1558,1808,1509,13/12/2009 00:00,09/08/2013 00:00,"199.47.211.67","199.47.211.0","US","com",18,12,12,14/05/2012 00:00,04/06/2013 00:00
61,"healthprobes.com",1,-1,1,11,1,1397198,1397198,28/01/2008 00:00,10/08/2013 00:00,"176.74.176.167","176.74.176.0","UK","com",0,0,11,05/12/2008 00:00,13/02/2010 00:00
62,"linkresell.com",1857,27381,1,10,617766,72703,63943,05/12/2011 00:00,10/08/2013 00:00,"67.20.83.144","67.20.83.0","US","com",26,10,10,28/03/2013 00:00,29/03/2013 00:00
63,"cogizz.com",1454,49670,1,10,104549,168841,109154,01/10/2009 00:00,10/08/2013 00:00,"74.220.199.6","74.220.199.0","US","com",31,10,10,30/04/2013 00:00,04/05/2013 00:00
64,"sncil.org",233,-1,1,10,32366,2550,2369,29/01/2008 00:00,10/08/2013 00:00,"64.74.115.26","64.74.115.0","US","org",20,21,10,02/03/2013 00:00,02/07/2013 00:00
65,"umash.net",1049,-1,1,10,129751,6901096,1431071,06/06/2008 00:00,09/08/2013 00:00,"49.212.10.232","49.212.10.0","JP","net",7,1,10,30/09/2008 00:00,30/09/2008 00:00
66,"anxietyzone.com",4048,85634,1,9,84050,1014703,520181,15/01/2008 00:00,10/08/2013 00:00,"108.160.148.135","108.160.148.0","US","com",28,27,9,12/09/2010 00:00,29/11/2010 00:00
67,"renown.org",2782,342909,1,9,443821,100296,42044,30/01/2008 00:00,10/08/2013 00:00,"199.117.41.152","199.117.41.0","US","org",34,39,9,09/08/2009 00:00,27/12/2010 00:00
68,"thelinklv.com",332,-1,1,9,2045,22088,14119,09/01/2008 00:00,09/08/2013 00:00,"64.95.64.194","64.95.64.0","US","com",10,7,9,10/03/2008 00:00,29/03/2008 00:00
69,"milkyentertainment.com",85,-1,1,9,335,1289736,309420,27/08/2009 00:00,20/01/2013 00:00,"97.79.238.200","97.79.238.0","US","com",6,13,9,08/12/2009 00:00,12/12/2009 00:00
70,"blogspot.de",341598,619,1,8,130372053,341511839,52483958,14/09/2009 00:00,10/08/2013 00:00,"173.194.70.191","173.194.70.0","US","de",67,57,8,05/04/2012 00:00,29/11/2012 00:00
71,"prweb.com",797665,1713,1,8,187923216,23978694,5950762,09/01/2008 00:00,10/08/2013 00:00,"63.146.182.135","63.146.182.0","US","com",84,75,8,25/07/2008 00:00,17/08/2008 00:00
72,"theabundantallianceblog.com",1060,-1,1,8,39517,3021885,325313,18/11/2008 00:00,08/08/2013 00:00,"184.168.221.25","184.168.221.0","US","com",11,6,8,09/08/2009 00:00,09/08/2009 00:00
73,"brisbanevintagewatches.org",68,-1,1,8,230,101801,79087,21/02/2013 00:00,31/07/2013 00:00,"50.116.122.128","50.116.122.0","US","org",7,0,8,16/04/2013 00:00,16/04/2013 00:00
74,"infowebdb.com",3,-1,1,8,304,632025,632024,22/10/2008 00:00,09/02/2013 00:00,"67.215.66.132","67.215.66.0","US","com",0,0,8,23/12/2009 00:00,23/12/2009 00:00
75,"heatherinbc.com",527,-1,1,8,76651,5081,3933,06/02/2010 00:00,10/08/2013 00:00,"69.89.31.66","69.89.31.0","US","com",30,23,8,25/11/2010 00:00,13/12/2012 00:00
76,"baikalglobal.com",2078,23993,1,7,274958,135108,98780,03/08/2009 00:00,10/08/2013 00:00,"216.18.228.115","216.18.228.0","US","com",38,14,7,19/02/2013 00:00,07/03/2013 00:00
77,"easylinklist.com",732,26878,1,7,29687,96816,62143,19/11/2011 00:00,10/08/2013 00:00,"67.228.51.122","67.228.51.0","US","com",24,16,7,06/03/2013 00:00,06/03/2013 00:00
78,"alsforums.com",5942,270398,1,7,141504,1251387,452788,10/01/2008 00:00,10/08/2013 00:00,"184.107.204.93","184.107.204.0","CA","com",37,45,7,20/01/2010 00:00,21/12/2012 00:00
79,"colecciontotal.com",265,401928,1,7,270962,88431,51650,11/02/2010 00:00,10/08/2013 00:00,"66.147.240.185","66.147.240.0","US","com",26,8,7,16/05/2013 00:00,16/05/2013 00:00
80,"sadies-skinny.com",321,-1,1,7,24709,4023,1614,27/04/2009 00:00,28/07/2013 00:00,"69.43.161.179","69.43.161.0","US","com",22,11,7,03/09/2009 00:00,21/09/2009 00:00
81,"washoeimaging.com",32,-1,1,7,68,84413,36329,29/01/2008 00:00,08/08/2013 00:00,"199.117.41.152","199.117.41.0","US","com",9,8,7,29/10/2009 00:00,19/11/2011 00:00
82,"nonethericher.net",2,-1,1,7,2,1130260,1130260,23/01/2008 00:00,11/02/2013 00:00,"50.63.202.84","50.63.202.0","US","net",0,0,7,13/07/2009 00:00,13/07/2009 00:00
83,"blogspot.fr",321888,-1,1,7,134227692,308238119,43798435,13/08/2008 00:00,10/08/2013 00:00,"173.194.71.191","173.194.71.0","US","fr",60,45,7,07/06/2012 00:00,19/10/2012 00:00
84,"blogspot.nl",186697,1657,1,6,56300263,247615898,32417725,13/10/2011 00:00,10/08/2013 00:00,"74.125.142.191","74.125.142.0","US","nl",58,46,6,17/09/2012 00:00,21/10/2012 00:00
85,"snapcc.org",1661,28640,1,6,44543,149871,110087,22/01/2008 00:00,10/08/2013 00:00,"198.154.253.239","198.154.253.0","US","org",28,27,6,03/01/2013 00:00,02/06/2013 00:00
86,"7live7.com",6587,273977,1,6,134336096,35142961,1477564,21/01/2009 00:00,04/09/2012 00:00,"216.8.179.25","216.8.179.0","CA","com",15,9,6,25/05/2010 00:00,25/05/2010 00:00
87,"webmii.com",354,330190,1,6,315304,1076343,1076343,23/09/2009 00:00,10/08/2013 00:00,"195.95.224.130","195.95.224.0","FR","com",13,5,6,23/01/2010 00:00,23/11/2011 00:00
88,"smbizowner.com",316,501424,1,6,2940,4631170,784834,31/01/2009 00:00,18/04/2013 00:00,"198.1.121.175","198.1.121.0","US","com",8,2,6,13/06/2009 00:00,13/06/2009 00:00
89,"vegasmagazine.com",3217,556383,1,6,360378,12544,9426,18/01/2008 00:00,10/08/2013 00:00,"199.91.169.140","199.91.169.0","US","com",41,44,6,02/09/2012 00:00,13/05/2013 00:00
90,"parentyourparents.com",472,-1,1,6,4087,52099,18715,19/11/2008 00:00,10/08/2013 00:00,"69.89.31.178","69.89.31.0","US","com",22,17,6,03/12/2008 00:00,12/01/2012 00:00
91,"launchwizards.com",69,-1,1,6,19636,385,302,22/10/2008 00:00,24/07/2013 00:00,"74.53.105.48","74.53.105.0","US","com",10,6,6,09/05/2009 00:00,09/05/2009 00:00
92,"inew.ru",1700,-1,1,6,530607,99681,42413,05/04/2008 00:00,10/08/2013 00:00,"87.242.115.30","87.242.115.0","RU","ru",26,8,6,08/06/2009 00:00,08/06/2009 00:00
93,"wordsdomination.com",5057,-1,1,6,198238,654643,255861,04/09/2010 00:00,10/08/2013 00:00,"206.214.217.22","206.214.217.0","US","com",29,10,6,27/10/2010 00:00,23/06/2012 00:00
94,"wildhogs.se",130,-1,1,6,23864,2225,1793,15/06/2012 00:00,10/08/2013 00:00,"46.30.211.53","46.30.211.0","DK","se",21,2,6,23/02/2013 00:00,23/07/2013 00:00
95,"whole-hog-blogs.com",179,-1,1,6,834296,43,31,06/11/2009 00:00,,"192.31.186.145","192.31.186.0","US","com",8,3,6,25/10/2009 00:00,06/08/2010 00:00
96,"werlv.com",2209,-1,1,6,116592,16831,14064,06/06/2008 00:00,09/08/2013 00:00,"67.72.16.137","67.72.16.0","US","com",30,22,6,15/10/2008 00:00,15/10/2008 00:00
97,"fancygiftbaskets.net",1660,-1,1,6,17292,52672,45375,14/10/2011 00:00,31/07/2013 00:00,"50.116.97.194","50.116.97.0","US","net",8,0,6,16/08/2012 00:00,16/08/2012 00:00
98,"getcurious.info",87,-1,1,6,3967,523,263,12/11/2009 00:00,10/08/2013 00:00,"141.8.225.38","141.8.225.0","CH","info",12,3,6,26/10/2010 00:00,10/07/2013 00:00
99,"washoehealth.com",1156,-1,1,6,4193,42081,22615,29/01/2008 00:00,16/05/2011 00:00,"188.40.138.148","188.40.138.0","DE","com",11,11,6,28/08/2009 00:00,28/08/2009 00:00
100,"blogspot.no",108143,4632,1,5,34082812,187556529,22752875,24/01/2008 00:00,10/08/2013 00:00,"74.125.143.191","74.125.143.0","US","no",52,39,5,21/07/2012 00:00,08/10/2012 00:00
101,"betterseodirectory.com",1124,28117,1,5,116213,136630,94416,02/05/2011 00:00,10/08/2013 00:00,"66.147.240.185","66.147.240.0","US","com",19,12,5,16/10/2012 00:00,28/12/2012 00:00
102,"seenation.com",20621,31137,1,5,403779,2253976,673812,17/01/2008 00:00,15/07/2013 00:00,"205.234.107.89","205.234.107.0","US","com",43,29,5,17/02/2008 00:00,17/02/2008 00:00
103,"htosports.com",4656,244946,1,5,267959,281061,112098,26/01/2008 00:00,01/08/2013 00:00,"66.36.101.130","66.36.101.0","US","com",31,27,5,06/07/2011 00:00,02/09/2012 00:00
104,"knpr.org",7367,838266,1,5,2535069,63641,39129,21/01/2008 00:00,10/08/2013 00:00,"66.209.79.122","66.209.79.0","US","org",44,41,5,07/10/2008 00:00,17/04/2012 00:00
105,"horsesinthesouth.com",4142,-1,1,5,2991232,501722,139143,15/01/2008 00:00,10/08/2013 00:00,"198.154.192.88","198.154.192.0","US","com",30,25,5,14/08/2011 00:00,09/11/2012 00:00
106,"washoern.com",19,-1,1,5,44,76593,37051,29/01/2008 00:00,08/08/2013 00:00,"199.117.41.152","199.117.41.0","US","com",0,0,5,13/08/2009 00:00,13/08/2009 00:00
107,"aboutbfs.com",1132,-1,1,5,6572,45504,37778,12/10/2009 00:00,10/08/2013 00:00,"141.101.117.216","141.101.117.0","EU","com",37,6,5,13/11/2012 00:00,30/01/2013 00:00
108,"webmii.us",16,-1,1,5,53281,296954,296954,20/01/2010 00:00,01/02/2013 00:00,"195.95.224.130","195.95.224.0","FR","us",4,0,5,03/04/2010 00:00,04/05/2010 00:00
109,"genealogylocator.com",3174,-1,1,5,27112,1707155,567038,09/01/2008 00:00,26/06/2013 00:00,"69.64.82.148","69.64.82.0","US","com",11,15,5,11/11/2011 00:00,31/01/2012 00:00
110,"bookmarkjunky.info",3,-1,1,5,3,236857,236857,25/10/2008 00:00,22/04/2012 00:00,"199.101.28.20","199.101.28.0","US","info",0,0,5,03/06/2009 00:00,03/06/2009 00:00
111,"kilroyshockey.com",112,-1,1,5,909,30357,16926,09/01/2008 00:00,02/02/2013 00:00,"66.36.101.130","66.36.101.0","US","com",6,1,5,18/01/2008 00:00,21/06/2012 00:00
112,"kintera.org",116381,12160,1,4,528052349,406122718,19205575,10/01/2008 00:00,10/08/2013 00:00,"23.11.85.130","23.11.85.0","US","org",61,70,4,29/09/2012 00:00,29/09/2012 00:00
113,"littlewebdirectory.com",20817,14589,1,4,4525810,2185125,360823,11/01/2008 00:00,10/08/2013 00:00,"208.109.138.201","208.109.138.0","US","com",37,31,4,27/08/2012 00:00,27/08/2012 00:00
114,"lasvegassun.com",174950,17520,1,4,16321394,1987190,922764,09/01/2008 00:00,10/08/2013 00:00,"93.170.92.24","93.170.92.0","NL","com",67,49,4,10/03/2009 00:00,24/08/2012 00:00
115,"reviewjournal.com",61959,18833,1,4,45379356,57215594,2545354,09/01/2008 00:00,10/08/2013 00:00,"54.245.88.31","54.245.88.0","US","com",72,62,4,08/02/2008 00:00,06/07/2013 00:00
116,"hometeamsonline.com",30630,24214,1,4,3198145,2786620,421667,09/01/2008 00:00,08/08/2013 00:00,"66.36.101.130","66.36.101.0","US","com",36,34,4,14/08/2010 00:00,16/08/2012 00:00
117,"wordnewsonline.com",4057,25727,1,4,146571,1827075,695096,03/08/2009 00:00,01/06/2013 00:00,"108.162.197.52","108.162.197.0","US","com",21,25,4,26/09/2012 00:00,23/03/2013 00:00
118,"8newsnow.com",45348,53913,1,4,1419613,812391,434404,09/04/2010 00:00,10/08/2013 00:00,"208.47.254.80","208.47.254.0","US","com",57,39,4,17/10/2011 00:00,17/10/2011 00:00
119,"tahoedailytribune.com",35791,156313,1,4,5034862,24068843,1763261,10/01/2008 00:00,10/08/2013 00:00,"64.94.90.94","64.94.90.0","US","com",44,47,4,16/06/2013 00:00,16/06/2013 00:00
120,"msnbusinessdirectory.com",937,283323,1,4,1561362,72685,44039,14/03/2010 00:00,10/08/2013 00:00,"174.122.30.139","174.122.30.0","US","com",34,23,4,05/07/2013 00:00,05/07/2013 00:00
121,"carelmeyer.com",2819,562517,1,4,133717,1207401,785967,08/10/2009 00:00,10/08/2013 00:00,"196.220.41.89","196.220.41.0","US","com",46,20,4,06/10/2010 00:00,06/10/2010 00:00
122,"nextination.com",705,649700,1,4,6650,71966,60264,12/01/2008 00:00,10/08/2013 00:00,"67.205.60.234","67.205.60.0","US","com",20,25,4,17/02/2011 00:00,17/02/2011 00:00
123,"hempsteadcity.com",127,-1,1,4,2383,415971,228900,17/08/2009 00:00,06/04/2013 00:00,"63.156.206.202","63.156.206.0","US","com",9,10,4,05/11/2009 00:00,12/12/2009 00:00
124,"railcitygarden.net",405,-1,1,4,2798,386,167,10/04/2009 00:00,26/07/2012 00:00,"64.49.241.116","64.49.241.0","US","net",9,5,4,30/10/2009 00:00,31/10/2012 00:00
125,"porn89.net",510,-1,1,4,210337,4974576,577088,28/01/2008 00:00,10/08/2013 00:00,"208.87.35.103","208.87.35.0","BS","net",13,1,4,11/01/2010 00:00,11/01/2010 00:00
126,"jtqk.com",1,-1,1,4,1,806328,806328,11/06/2008 00:00,16/07/2013 00:00,"70.39.99.89","70.39.99.0","US","com",0,0,4,13/10/2009 00:00,13/10/2009 00:00
127,"makerealfreemoney.com",500,-1,1,4,8278,1673,1237,01/10/2009 00:00,13/11/2010 00:00,"64.74.223.44","64.74.223.0","US","com",8,6,4,26/08/2009 00:00,10/09/2009 00:00
128,"empara.net",431,-1,1,4,39174,472973,248428,11/09/2008 00:00,10/08/2013 00:00,"61.197.238.52","61.197.238.0","JP","net",18,8,4,05/12/2008 00:00,05/12/2008 00:00
129,"erichampton.net",1,-1,1,4,2,144,32,14/07/2008 00:00,24/12/2008 00:00,"64.92.125.16","64.92.125.0","US","net",0,0,4,14/07/2008 00:00,14/07/2008 00:00
130,"metawyszukiwarka.com",865,-1,1,4,10977,5898923,590603,10/01/2008 00:00,13/02/2013 00:00,"67.23.43.120","67.23.43.0","US","com",7,1,4,17/08/2008 00:00,17/08/2008 00:00
131,"eforumz.net",17467,-1,1,4,308043,211151,90200,15/08/2010 00:00,10/08/2013 00:00,"46.252.207.1","46.252.207.0","NL","net",34,4,4,10/04/2013 00:00,12/05/2013 00:00
132,"ebookmark.co.za",270,-1,1,4,4627,178238,10037,27/03/2009 00:00,22/06/2009 00:00,"67.215.77.132","67.215.77.0","US","za",8,5,4,11/05/2009 00:00,11/05/2009 00:00
133,"edcomp.com",2094,-1,1,4,76590,1092406,182125,09/01/2008 00:00,30/07/2013 00:00,"69.64.82.148","69.64.82.0","US","com",20,18,4,25/11/2011 00:00,25/11/2011 00:00
134,"lasvegasseniorguide.com",614,-1,1,4,9700,2216,1933,18/01/2008 00:00,10/08/2013 00:00,"204.10.137.176","204.10.137.0","US","com",20,15,4,18/01/2008 00:00,18/01/2008 00:00
135,"coderworld.de",10,-1,1,4,33594,1917322,1917322,09/01/2008 00:00,02/08/2013 00:00,"188.138.88.128","188.138.88.0","DE","de",0,0,4,06/09/2008 00:00,06/09/2008 00:00
136,"therichjerkformula.com",3,-1,1,4,4,1169774,1169774,17/01/2008 00:00,10/08/2013 00:00,"176.74.176.167","176.74.176.0","UK","com",0,0,4,05/11/2009 00:00,24/09/2010 00:00
137,"internetvitrine.eu",18,-1,1,4,35,373714,373714,25/01/2008 00:00,07/08/2012 00:00,"91.195.240.70","91.195.240.0","DE","eu",0,0,4,02/09/2008 00:00,02/09/2008 00:00
138,"edesigners.net",744,-1,1,4,70740,144,43,01/07/2010 00:00,23/10/2010 00:00,"64.92.125.16","64.92.125.0","US","net",11,17,4,07/03/2008 00:00,23/05/2009 00:00
139,"traktorlerim.com",1270,-1,1,4,24081,201342,96251,21/08/2009 00:00,07/08/2013 00:00,"67.215.66.132","67.215.66.0","US","com",22,2,4,14/06/2012 00:00,14/06/2012 00:00
140,"nevadapublicradio.org",474,-1,1,4,300882,12728,11393,27/01/2008 00:00,09/08/2013 00:00,"66.209.79.122","66.209.79.0","US","org",21,28,4,06/05/2012 00:00,06/05/2012 00:00
141,"ebiblestories.com",1978,-1,1,4,23917,676385,193546,06/04/2009 00:00,10/08/2013 00:00,"207.45.186.98","207.45.186.0","US","com",20,10,4,02/09/2011 00:00,29/01/2012 00:00
142,"electroniccampaign.com",44,-1,1,4,912,329719,209816,01/02/2008 00:00,21/07/2010 00:00,"204.13.160.107","204.13.160.0","US","com",0,0,4,16/12/2009 00:00,22/12/2009 00:00
143,"the-secret-tv.com",4,-1,1,4,4,636781,636781,11/05/2008 00:00,10/08/2013 00:00,"208.87.35.103","208.87.35.0","BS","com",0,0,4,29/05/2010 00:00,16/09/2010 00:00
144,"erichampton.com",5,-1,1,4,51,148,38,18/01/2008 00:00,24/07/2013 00:00,"64.92.125.16","64.92.125.0","US","com",5,0,4,18/01/2008 00:00,18/01/2008 00:00
145,"renownhealth.com",36,-1,1,4,54,15096,8126,10/11/2008 00:00,10/08/2013 00:00,"199.117.41.152","199.117.41.0","US","com",8,1,4,07/02/2011 00:00,20/11/2011 00:00
146,"academymedicalequipment.com",11,-1,1,4,45,21,21,11/07/2013 00:00,10/08/2013 00:00,"50.62.147.74","50.62.147.0","US","com",9,1,4,22/02/2013 00:00,11/07/2013 00:00
147,"newlyveiled.info",77,-1,1,4,3940,2935,2530,23/09/2009 00:00,10/08/2013 00:00,"66.147.242.97","66.147.242.0","US","info",15,2,4,24/07/2010 00:00,22/12/2012 00:00
148,"usermanualfinder.info",11,-1,1,4,34,320948,320948,19/02/2010 00:00,09/08/2013 00:00,"208.87.35.104","208.87.35.0","BS","info",0,0,4,22/10/2010 00:00,22/10/2010 00:00
149,"parentssurvival.com",1,-1,1,4,2,62934,15063,22/09/2010 00:00,31/01/2013 00:00,"209.85.51.152","209.85.51.0","US","com",0,0,4,07/10/2012 00:00,07/10/2012 00:00
150,"allstarsportscollectables.com",58,-1,1,4,365,255220,150134,27/03/2008 00:00,16/01/2010 00:00,"50.19.104.123","50.19.104.0","US","com",5,2,4,09/12/2009 00:00,14/12/2009 00:00
151,"weeklyseven.com",2700,-1,1,4,574600,156000,48054,07/03/2010 00:00,01/08/2013 00:00,"184.168.221.1","184.168.221.0","US","com",29,30,4,16/11/2010 00:00,08/02/2012 00:00
152,"relger.com",3,-1,1,4,5,18,11,06/02/2013 00:00,17/07/2013 00:00,"69.89.17.84","69.89.17.0","US","com",5,7,4,13/02/2013 00:00,19/02/2013 00:00
153,"abcsuchen.de",1,-1,1,4,1,467946,467946,22/08/2008 00:00,08/08/2013 00:00,"85.214.33.228","85.214.33.0","DE","de",0,0,4,25/12/2008 00:00,25/12/2008 00:00
154,"wordpress.com",6605676,21,1,3,12008496205,806652455,59581827,09/01/2008 00:00,10/08/2013 00:00,"66.155.11.238","66.155.11.0","US","com",94,92,3,20/03/2010 00:00,17/02/2013 00:00
155,"blogspot.co.uk",445255,380,1,3,135838804,189046603,21683024,24/11/2011 00:00,10/08/2013 00:00,"74.125.142.191","74.125.142.0","US","uk",65,54,3,23/01/2013 00:00,23/01/2013 00:00
156,"feedburner.com",2655894,833,1,3,8364787334,293875507,23259771,09/01/2008 00:00,10/08/2013 00:00,"74.125.225.128","74.125.225.0","US","com",92,91,3,30/04/2009 00:00,31/07/2013 00:00
157,"jayde.com",37560,7919,1,3,1284229,4022064,624008,09/01/2008 00:00,10/08/2013 00:00,"66.28.139.176","66.28.139.0","US","com",33,35,3,01/12/2010 00:00,01/12/2010 00:00
158,"wldirectory.com",5660,15854,1,3,224244,362467,176878,09/01/2009 00:00,10/08/2013 00:00,"176.31.69.138","176.31.69.0","FR","com",38,32,3,05/10/2012 00:00,01/07/2013 00:00
159,"linkspurt.com",2787,21876,1,3,28036,89696,70489,10/04/2010 00:00,10/08/2013 00:00,"174.121.1.58","174.121.1.0","US","com",37,25,3,09/07/2013 00:00,09/07/2013 00:00
160,"adddir.info",9901,23031,1,3,6023513,769501,404667,28/02/2008 00:00,23/07/2013 00:00,"205.196.211.22","205.196.211.0","US","info",25,17,3,18/03/2013 00:00,18/03/2013 00:00
161,"razoo.com",26903,47905,1,3,7331039,1994873,803640,21/01/2008 00:00,10/08/2013 00:00,"67.192.77.80","67.192.77.0","US","com",58,48,3,25/04/2013 00:00,25/04/2013 00:00
162,"free-site-submit.com",302,63382,1,3,11059,84536,56103,26/12/2012 00:00,10/08/2013 00:00,"178.63.68.210","178.63.68.0","DE","com",14,10,3,18/07/2013 00:00,18/07/2013 00:00
163,"rrstar.com",71033,68442,1,3,14347982,25407253,1722723,13/01/2008 00:00,10/08/2013 00:00,"63.240.213.99","63.240.213.0","US","com",50,49,3,16/06/2013 00:00,16/06/2013 00:00
164,"web2list.com",9380,227834,1,3,928269,376876,109679,12/01/2008 00:00,10/08/2013 00:00,"67.195.61.65","67.195.61.0","US","com",23,17,3,23/10/2009 00:00,02/03/2012 00:00
165,"mtrot.com",12,534034,1,3,27,770834,770834,23/01/2008 00:00,10/02/2013 00:00,"72.52.66.26","72.52.66.0","US","com",0,0,3,26/04/2010 00:00,26/04/2010 00:00
166,"copate.net",503,990354,1,3,69238,590639,135516,30/11/2008 00:00,31/07/2013 00:00,"74.52.141.218","74.52.141.0","US","net",8,1,3,18/05/2013 00:00,19/05/2013 00:00
167,"webmii.co.uk",14,998845,1,3,40631,579061,579060,09/12/2009 00:00,10/08/2013 00:00,"195.95.224.130","195.95.224.0","FR","uk",4,0,3,27/04/2010 00:00,25/06/2010 00:00
168,"praxishomepage.de",600,-1,1,3,6681,20800,14226,20/01/2008 00:00,10/08/2013 00:00,"85.236.48.180","85.236.48.0","DE","de",25,19,3,01/03/2013 00:00,19/07/2013 00:00
169,"minimusopus.com",128,-1,1,3,578,6644,897,28/05/2008 00:00,01/08/2013 00:00,"46.105.111.116","46.105.111.0","FR","com",11,0,3,01/08/2012 00:00,01/08/2012 00:00
170,"clickim.co.il",2259,-1,1,3,30647,168710,144636,24/06/2008 00:00,10/08/2013 00:00,"209.217.233.118","209.217.233.0","US","il",25,8,3,24/04/2013 00:00,24/04/2013 00:00
171,"resourcemeca.com",4,-1,1,3,176,1259757,1259757,14/05/2008 00:00,08/08/2013 00:00,"208.87.35.103","208.87.35.0","BS","com",0,0,3,28/04/2010 00:00,28/04/2010 00:00
172,"wiaja.com",0,-1,1,3,0,434803,434802,05/12/2008 00:00,07/08/2013 00:00,"184.168.221.83","184.168.221.0","US","com",0,0,3,01/06/2009 00:00,01/06/2009 00:00
173,"quarkbase.com",23096,-1,1,3,1532723,3102269,1223741,24/07/2009 00:00,16/10/2012 00:00,"23.23.149.228","23.23.149.0","US","com",33,32,3,17/08/2010 00:00,17/08/2010 00:00
174,"cardonationsacramento.net",30,-1,1,3,166,27146,25917,26/02/2013 00:00,31/07/2013 00:00,"50.116.99.152","50.116.99.0","US","net",15,0,3,08/03/2013 00:00,13/03/2013 00:00
175,"nycjewishnews.com",235,-1,1,3,1080,550339,315454,26/01/2008 00:00,09/08/2013 00:00,"69.59.129.112","69.59.129.0","US","com",14,6,3,02/08/2009 00:00,02/08/2009 00:00
176,"medicalmarijuanamississippi.net",114,-1,1,3,1240,6069,5018,27/02/2013 00:00,10/08/2013 00:00,"50.63.120.1","50.63.120.0","US","net",20,0,3,26/03/2013 00:00,10/08/2013 00:00
177,"xn--kaksitymaata-bjb.fi",48,-1,1,3,427,1252,839,05/11/2010 00:00,06/11/2012 00:00,"217.149.52.7","217.149.52.0","FI","fi",7,1,3,25/07/2012 00:00,18/10/2012 00:00
178,"websmsgratuit.com",1,-1,1,3,2,856197,856196,18/12/2008 00:00,20/07/2013 00:00,"69.43.161.180","69.43.161.0","US","com",0,0,3,19/11/2009 00:00,19/11/2009 00:00
179,"medicalmarijuananorthcarolina.org",75,-1,1,3,275,3915,3635,17/07/2012 00:00,10/08/2013 00:00,"50.63.120.1","50.63.120.0","US","org",16,0,3,01/03/2013 00:00,16/07/2013 00:00
180,"cumshotbestpics.com",1886,-1,1,3,48967,5700,3341,04/02/2008 00:00,10/08/2013 00:00,"208.94.232.213","208.94.232.0","US","com",21,3,3,02/05/2012 00:00,09/07/2012 00:00
181,"blogspot.com.au",160304,-1,1,3,35786361,32093784,2361809,28/10/2009 00:00,10/08/2013 00:00,"173.194.69.191","173.194.69.0","US","au",56,44,3,20/04/2012 00:00,20/04/2012 00:00
182,"cellphonechit.com",9,-1,1,3,28,1363067,1363066,06/02/2008 00:00,07/08/2013 00:00,"208.87.35.103","208.87.35.0","BS","com",0,0,3,30/11/2009 00:00,30/11/2009 00:00
183,"fmhunterderby.com",66,-1,1,3,331,87,55,20/06/2012 00:00,10/08/2013 00:00,"66.147.240.183","66.147.240.0","US","com",18,24,3,16/05/2011 00:00,05/03/2012 00:00
184,"wheretoturnassociation.org",20,-1,1,3,11507,21,20,18/10/2010 00:00,18/10/2010 00:00,"74.208.7.179","74.208.7.0","US","org",0,0,3,29/11/2010 00:00,16/12/2010 00:00
185,"brokeasaspoke.com",593,-1,1,3,23233,8443,5362,30/03/2008 00:00,22/02/2013 00:00,"69.89.27.204","69.89.27.0","US","com",20,6,3,15/12/2009 00:00,27/01/2013 00:00
186,"alpvideo.ru",322,-1,1,3,8816,46144,33601,13/02/2009 00:00,10/08/2013 00:00,"188.128.85.11","188.128.85.0","RU","ru",13,13,3,21/07/2012 00:00,21/07/2012 00:00
187,"classical897.org",1270,-1,1,3,142237,6162,5418,09/04/2008 00:00,10/08/2013 00:00,"66.209.79.122","66.209.79.0","US","org",24,30,3,20/04/2012 00:00,20/04/2012 00:00
188,"bestsitesfor.com",12,-1,1,3,172,681038,681038,09/01/2008 00:00,18/07/2013 00:00,"66.185.28.159","66.185.28.0","US","com",4,0,3,06/07/2009 00:00,27/11/2009 00:00
189,"larrymaluma.com.au",73,-1,1,3,821,469,300,16/02/2008 00:00,10/08/2013 00:00,"69.72.240.26","69.72.240.0","US","au",13,10,3,06/06/2013 00:00,06/06/2013 00:00
190,"inforetail.com",239,-1,1,3,2870,2164,1480,16/08/2010 00:00,10/08/2013 00:00,"205.147.208.251","205.147.208.0","US","com",14,16,3,03/11/2012 00:00,30/06/2013 00:00
191,"webmii.tv",1,-1,1,3,1,214136,214135,26/09/2010 00:00,10/08/2013 00:00,"195.95.224.130","195.95.224.0","FR","tv",0,0,3,18/10/2010 00:00,02/04/2012 00:00
192,"medicalmarijuanautah.org",196,-1,1,3,1178,5458,3971,19/06/2012 00:00,10/08/2013 00:00,"50.63.120.1","50.63.120.0","US","org",26,7,3,05/06/2013 00:00,09/08/2013 00:00
193,"webmii.ch",15,-1,1,3,38745,415044,415043,05/12/2009 00:00,10/08/2013 00:00,"195.95.224.130","195.95.224.0","FR","ch",0,0,3,22/05/2010 00:00,09/12/2011 00:00
194,"simplysticky.us",29,-1,1,3,845,2442,1449,23/09/2009 00:00,08/08/2013 00:00,"68.180.151.96","68.180.151.0","US","us",8,1,3,07/11/2010 00:00,05/05/2011 00:00
195,"blogspot.it",156876,493,1,2,74413811,69945164,6162472,19/03/2011 00:00,10/08/2013 00:00,"173.194.70.191","173.194.70.0","US","it",57,46,2,07/03/2013 00:00,07/03/2013 00:00
196,"active.com",235199,3831,1,2,57804747,5935550,1784118,09/01/2008 00:00,10/08/2013 00:00,"23.60.127.46","23.60.127.0","US","com",62,64,2,18/02/2011 00:00,06/02/2013 00:00
197,"yousaytoo.com",72803,21704,1,2,9227595,4324396,1467546,11/01/2008 00:00,10/08/2013 00:00,"72.26.210.77","72.26.210.0","US","com",47,24,2,16/06/2009 00:00,16/06/2009 00:00
198,"linkeurope.info",2040,27742,1,2,115951,1687911,167007,12/10/2011 00:00,10/08/2013 00:00,"69.64.62.135","69.64.62.0","US","info",31,12,2,10/04/2013 00:00,10/04/2013 00:00
199,"shalove.net",3663,44411,1,2,2443626,6599899,1543287,27/01/2008 00:00,10/08/2013 00:00,"61.197.238.53","61.197.238.0","JP","net",24,10,2,04/09/2008 00:00,04/09/2008 00:00
200,"searchles.com",28982,70827,1,2,49137422,19685615,1735282,09/01/2008 00:00,01/08/2013 00:00,"66.232.115.130","66.232.115.0","US","com",33,24,2,29/05/2009 00:00,29/05/2009 00:00
201,"walkjogrun.net",5937,121975,1,2,351495,1529253,544179,21/01/2008 00:00,10/08/2013 00:00,"50.16.203.191","50.16.203.0","US","net",46,30,2,22/05/2013 00:00,22/05/2013 00:00
202,"badboysoftware.biz",44055,172540,1,2,701902,606946,151882,17/11/2008 00:00,10/08/2013 00:00,"182.50.148.128","182.50.148.0","SG","biz",44,25,2,10/07/2012 00:00,22/12/2012 00:00
203,"findtail.com",494,231731,1,2,11189,6119065,670388,02/08/2009 00:00,10/08/2013 00:00,"50.116.102.122","50.116.102.0","US","com",15,4,2,29/10/2010 00:00,29/10/2010 00:00
204,"relax-ptc.info",3577,271783,1,2,51696,80341,32880,10/03/2011 00:00,10/08/2013 00:00,"216.59.33.202","216.59.33.0","US","info",38,11,2,15/07/2013 00:00,15/07/2013 00:00
205,"nevadaappeal.com",58339,302822,1,2,7569564,20113674,1520573,09/01/2008 00:00,10/08/2013 00:00,"64.94.90.94","64.94.90.0","US","com",47,48,2,29/05/2010 00:00,29/05/2010 00:00
206,"abc.net",6626,348761,1,2,535532,5432291,1300144,21/01/2008 00:00,10/08/2013 00:00,"209.105.242.150","209.105.242.0","US","net",30,43,2,13/02/2009 00:00,13/02/2009 00:00
207,"chatbugkaren.com",2930,381305,1,2,184097,15208,14268,05/02/2008 00:00,31/07/2013 00:00,"174.132.192.94","174.132.192.0","US","com",29,14,2,01/06/2009 00:00,05/05/2013 00:00
208,"gioo.com",4335,572117,1,2,7594564,20151886,1445388,03/02/2008 00:00,08/08/2013 00:00,"218.48.157.135","218.48.157.0","KR","com",25,11,2,18/09/2009 00:00,01/12/2009 00:00
209,"energija.ru",11155,695731,1,2,1032459,105973,88948,22/01/2008 00:00,10/08/2013 00:00,"194.186.45.230","194.186.45.0","RU","ru",36,27,2,19/03/2013 00:00,19/03/2013 00:00
210,"usefnetwork.com",1394,734025,1,2,294619,71990,66496,25/10/2010 00:00,10/08/2013 00:00,"54.236.142.52","54.236.142.0","US","com",41,45,2,06/12/2011 00:00,27/06/2013 00:00
211,"lornet.com",5651,742991,1,2,62302,17348,5995,15/02/2008 00:00,10/08/2013 00:00,"205.159.83.9","205.159.83.0","US","com",32,22,2,28/06/2012 00:00,28/06/2012 00:00
212,"thestatedtruth.com",11307,837392,1,2,225358,75558,53300,02/01/2010 00:00,10/08/2013 00:00,"184.168.58.1","184.168.58.0","US","com",45,5,2,31/07/2012 00:00,30/08/2012 00:00
213,"voordijk.eu",1026,-1,1,2,7757,63588,25419,02/09/2008 00:00,10/08/2013 00:00,"85.17.32.198","85.17.32.0","NL","eu",21,2,2,22/04/2012 00:00,22/04/2012 00:00
214,"adultchatbbs.com",720,-1,1,2,80374,86305,55987,21/12/2011 00:00,10/08/2013 00:00,"108.170.23.218","108.170.23.0","US","com",9,4,2,15/03/2013 00:00,03/08/2013 00:00
215,"webmii.org",3,-1,1,2,4,403941,403941,13/09/2010 00:00,10/08/2013 00:00,"195.95.224.130","195.95.224.0","FR","org",0,0,2,23/10/2010 00:00,09/11/2010 00:00
216,"search365.eu",2,-1,1,2,4,292023,292023,30/11/2008 00:00,09/08/2013 00:00,"81.169.145.82","81.169.145.0","DE","eu",0,0,2,08/03/2009 00:00,08/03/2009 00:00
217,"cartalkworld.com",5,-1,1,2,7,1356369,1356368,09/02/2008 00:00,17/07/2013 00:00,"208.73.210.29","208.73.210.0","US","com",0,0,2,15/01/2009 00:00,02/02/2010 00:00
218,"westernatc.com",41,-1,1,2,110,31,30,14/12/2012 00:00,,"216.39.57.107","216.39.57.0","US","com",0,0,2,17/06/2009 00:00,02/08/2009 00:00
219,"waterandrails.org",63,-1,1,2,205,43,35,07/12/2009 00:00,10/07/2013 00:00,"69.163.226.83","69.163.226.0","US","org",11,4,2,23/04/2008 00:00,25/06/2013 00:00
220,"change-cit.com",618,-1,1,2,1560,66215,21588,20/05/2011 00:00,10/08/2013 00:00,"216.246.79.49","216.246.79.0","US","com",19,1,2,13/07/2013 00:00,13/07/2013 00:00
221,"showtickets4locals.com",565,-1,1,2,2808,266,216,02/11/2010 00:00,10/08/2013 00:00,"66.205.80.90","66.205.80.0","US","com",17,8,2,10/01/2008 00:00,22/01/2008 00:00
222,"ruralhallfire.com",74,-1,1,2,230,174401,78235,17/03/2008 00:00,28/07/2013 00:00,"50.63.202.91","50.63.202.0","US","com",12,5,2,18/10/2009 00:00,18/10/2009 00:00
223,"truthandfairness.org",101,-1,1,2,520,367123,299238,18/02/2008 00:00,16/12/2011 00:00,"174.132.191.250","174.132.191.0","US","org",7,11,2,13/12/2009 00:00,13/12/2009 00:00
224,"coolock.com",24,-1,1,2,33,964402,964401,14/01/2008 00:00,29/07/2013 00:00,"82.98.86.161","82.98.86.0","DE","com",0,0,2,26/10/2011 00:00,17/11/2011 00:00
225,"tuvanduhoc.vn",5585,-1,1,2,177440,202339,71206,21/06/2008 00:00,29/07/2013 00:00,"125.253.119.14","125.253.119.0","VN","vn",19,2,2,31/03/2012 00:00,31/03/2012 00:00
226,"cwanswers.com",6621,-1,1,2,888446,3062204,979393,03/09/2008 00:00,24/09/2012 00:00,"74.52.249.77","74.52.249.0","US","com",16,8,2,29/01/2009 00:00,29/01/2009 00:00
227,"rezoom.com",1402,-1,1,2,13473,13248,10954,14/01/2008 00:00,21/09/2010 00:00,"199.192.156.229","199.192.156.0","US","com",13,24,2,14/01/2008 00:00,02/02/2008 00:00
228,"nexuslv.org",22,-1,1,2,18824,889,861,12/03/2009 00:00,09/10/2009 00:00,"210.252.7.130","210.252.7.0","JP","org",5,4,2,12/03/2009 00:00,12/03/2009 00:00
229,"zeroerror.us",5,-1,1,2,14,351,284,19/02/2008 00:00,09/03/2009 00:00,"","","","us",0,0,2,28/11/2008 00:00,28/11/2008 00:00
230,"h2ns.dk",4420,-1,1,2,30343,80614,24092,23/01/2008 00:00,10/08/2013 00:00,"46.30.211.48","46.30.211.0","DK","dk",24,12,2,22/03/2012 00:00,03/04/2012 00:00
231,"almasri88.com",4140,-1,1,2,27398,475290,108622,15/10/2010 00:00,10/08/2013 00:00,"178.63.123.90","178.63.123.0","DE","com",29,6,2,27/05/2013 00:00,08/07/2013 00:00
232,"cari-pdf.com",14,-1,1,2,625,656993,656993,14/01/2010 00:00,10/08/2013 00:00,"67.215.66.132","67.215.66.0","US","com",0,0,2,26/05/2010 00:00,26/05/2010 00:00
233,"ukcrawler.co.uk",5116,-1,1,2,1640531,1577607,632045,13/01/2008 00:00,15/03/2012 00:00,"81.21.75.42","81.21.75.0","UK","uk",16,12,2,18/01/2010 00:00,18/01/2010 00:00
234,"vtheshow.com",811,-1,1,2,17903,390,335,14/02/2008 00:00,10/08/2013 00:00,"24.120.206.234","24.120.206.0","US","com",21,25,2,12/02/2008 00:00,14/02/2008 00:00
235,"azgopher.com",137,-1,1,2,993,152308,114562,20/01/2008 00:00,10/10/2010 00:00,"173.214.184.15","173.214.184.0","US","com",6,2,2,28/04/2008 00:00,28/04/2008 00:00
236,"newsportal.co.tv",51,-1,1,2,643,826673,104755,09/09/2010 00:00,25/03/2011 00:00,"209.51.196.254","209.51.196.0","US","tv",4,0,2,03/12/2010 00:00,03/12/2010 00:00
237,"uksubmit.co.uk",616,-1,1,2,709516,3092808,789555,22/01/2008 00:00,03/03/2012 00:00,"81.21.75.42","81.21.75.0","UK","uk",13,17,2,21/07/2010 00:00,21/07/2010 00:00
238,"trendtempo.com",1215,-1,1,2,15786,150979,81806,22/09/2010 00:00,10/08/2013 00:00,"206.214.217.24","206.214.217.0","US","com",9,1,2,03/12/2010 00:00,21/03/2013 00:00
239,"blogspot.se",93461,-1,1,2,39033811,43624600,3202326,12/08/2008 00:00,10/08/2013 00:00,"173.194.71.191","173.194.71.0","US","se",53,43,2,25/04/2013 00:00,25/04/2013 00:00
240,"bookmarkagent.com",36,-1,1,2,204,650532,78240,26/01/2009 00:00,13/07/2009 00:00,"8.5.1.36","8.5.1.0","US","com",0,0,2,30/05/2009 00:00,30/05/2009 00:00
241,"boombox507.com",154,-1,1,2,2279,204812,18320,25/05/2008 00:00,23/07/2013 00:00,"184.168.221.41","184.168.221.0","US","com",6,0,2,27/11/2010 00:00,07/12/2010 00:00
242,"centrpsy.ru",1227,-1,1,2,4993,44214,22567,06/06/2008 00:00,10/08/2013 00:00,"217.107.34.231","217.107.34.0","RU","ru",26,9,2,23/06/2013 00:00,23/06/2013 00:00
243,"amazinggolfbag.com",14,-1,1,2,231,11314,11307,20/03/2013 00:00,21/06/2013 00:00,"74.220.215.238","74.220.215.0","US","com",5,0,2,01/04/2013 00:00,01/04/2013 00:00
244,"qwesy.de",6,-1,1,2,55,886579,886579,17/09/2008 00:00,14/06/2013 00:00,"82.98.86.161","82.98.86.0","DE","de",0,0,2,16/03/2009 00:00,16/03/2009 00:00
245,"polawiaczewielorybow.pl",831,-1,1,2,5126,4834,3852,01/10/2010 00:00,15/07/2013 00:00,"89.161.230.92","89.161.230.0","PL","pl",13,6,2,30/04/2012 00:00,30/04/2012 00:00
246,"bulgoldens.com",7452,-1,1,2,46729,353617,147115,01/02/2008 00:00,10/08/2013 00:00,"87.120.40.33","87.120.40.0","BG","com",37,20,2,23/08/2012 00:00,23/08/2012 00:00
247,"1a-search.de",734,-1,1,2,115940,219629,12354,16/01/2008 00:00,09/10/2010 00:00,"62.116.181.25","62.116.181.0","DE","de",10,15,2,12/11/2008 00:00,12/11/2008 00:00
248,"neisnews.org",34,-1,1,2,92,341,18,16/04/2008 00:00,29/12/2008 00:00,"81.200.64.50","81.200.64.0","UK","org",0,0,2,16/04/2008 00:00,16/04/2008 00:00
249,"jsdk.pl",8547,-1,1,2,1721319,1645260,509724,14/11/2009 00:00,10/08/2013 00:00,"195.248.226.10","195.248.226.0","PL","pl",25,14,2,20/09/2010 00:00,20/09/2010 00:00
250,"astimax.de",500,-1,1,2,5786,6371,3453,21/01/2008 00:00,10/08/2013 00:00,"212.51.17.9","212.51.17.0","DE","de",28,38,2,30/08/2012 00:00,30/08/2012 00:00
251,"bauherren-nord.de",14029,-1,1,2,210969,284625,118077,30/11/2008 00:00,10/08/2013 00:00,"84.200.12.36","84.200.12.0","DE","de",29,3,2,10/01/2012 00:00,10/01/2012 00:00
252,"anwarkim.com",1377,-1,1,2,35424,11588069,482926,19/11/2009 00:00,10/08/2013 00:00,"66.147.242.173","66.147.242.0","US","com",13,8,2,29/06/2010 00:00,29/06/2010 00:00
253,"cwanswers.de",1239,-1,1,2,659410,1617661,409382,01/10/2008 00:00,10/08/2013 00:00,"141.8.224.137","141.8.224.0","CH","de",14,10,2,21/02/2009 00:00,21/02/2009 00:00
254,"gabanooo.de",416,-1,1,2,675269,3610526,372556,15/01/2008 00:00,01/07/2013 00:00,"84.201.61.243","84.201.61.0","DE","de",9,7,2,09/11/2008 00:00,09/11/2008 00:00
255,"lasearch.de",9,-1,1,2,104,261799,261798,10/01/2008 00:00,03/02/2012 00:00,"82.98.86.165","82.98.86.0","DE","de",0,0,2,22/10/2008 00:00,22/10/2008 00:00
256,"wheelchairsonline.org",7,-1,1,2,8,8204,8116,01/06/2013 00:00,31/07/2013 00:00,"50.22.81.64","50.22.81.0","US","org",8,0,2,02/03/2013 00:00,10/07/2013 00:00
257,"zoomsummary.com",2,-1,1,2,2,663783,663782,22/07/2008 00:00,12/02/2013 00:00,"207.106.190.10","207.106.190.0","US","com",0,0,2,20/10/2009 00:00,20/10/2009 00:00
258,"burningtags.com",633,-1,1,2,6471,432766,87540,06/01/2011 00:00,10/08/2013 00:00,"206.214.217.25","206.214.217.0","US","com",9,0,2,09/04/2011 00:00,10/04/2013 00:00
259,"lisburnroad.com",18,-1,1,2,24,986727,986727,27/08/2009 00:00,19/07/2013 00:00,"82.98.86.173","82.98.86.0","DE","com",0,0,2,29/05/2010 00:00,29/05/2010 00:00
260,"greendream.biz",182,-1,1,2,1736,1907,1538,22/01/2008 00:00,30/07/2013 00:00,"67.18.153.227","67.18.153.0","US","biz",21,23,2,11/03/2013 00:00,17/07/2013 00:00
261,"homelinux.org",114232,-1,1,2,22097206,15650991,1379454,19/01/2008 00:00,10/08/2013 00:00,"204.13.248.119","204.13.248.0","US","org",42,39,2,01/11/2009 00:00,01/11/2009 00:00
262,"nodepositcasinosbonuses.com",1466,-1,1,2,10826,406,372,03/10/2012 00:00,10/08/2013 00:00,"173.201.25.49","173.201.25.0","US","com",16,2,2,21/06/2012 00:00,21/06/2012 00:00
263,"nniresearchfoundation.com",79,-1,1,2,385,284,148,14/02/2008 00:00,25/04/2011 00:00,"208.73.211.15","208.73.211.0","US","com",6,10,2,06/11/2009 00:00,28/02/2011 00:00
264,"getausjobtoday.com",1,-1,1,2,46456,21427,14930,25/05/2013 00:00,06/08/2013 00:00,"","","","com",0,0,2,26/05/2013 00:00,26/05/2013 00:00
265,"medicalmarijuanatexas.org",119,-1,1,2,759,5313,4185,27/02/2013 00:00,10/08/2013 00:00,"50.63.120.1","50.63.120.0","US","org",21,2,2,23/02/2013 00:00,31/05/2013 00:00
266,"ogretiyorum.net",1570,-1,1,2,125353,1642999,537374,25/02/2008 00:00,10/08/2013 00:00,"176.53.44.148","176.53.44.0","TR","net",20,18,2,11/04/2012 00:00,11/04/2012 00:00
267,"coiaa.org",739,-1,1,2,3854,62005,31501,07/07/2008 00:00,10/08/2013 00:00,"188.165.222.222","188.165.222.0","FR","org",23,14,2,18/02/2012 00:00,10/03/2012 00:00
268,"angelsspeak.ca",280,-1,1,2,30864,2621,2354,21/05/2010 00:00,11/10/2011 00:00,"50.116.48.243","50.116.48.0","US","ca",11,3,2,29/06/2010 00:00,18/05/2012 00:00
269,"mytaxistory.com",201,-1,1,2,881,219,208,16/09/2009 00:00,08/08/2013 00:00,"72.167.131.154","72.167.131.0","US","com",16,0,2,22/06/2009 00:00,30/06/2013 00:00
270,"livematurezone.com",4267,-1,1,2,46941,9522,7810,14/02/2008 00:00,10/08/2013 00:00,"74.117.176.18","74.117.176.0","US","com",20,2,2,19/04/2012 00:00,20/07/2012 00:00
271,"error10.net",187,-1,1,2,2374,303605,81829,31/01/2008 00:00,17/09/2011 00:00,"216.155.12.4","216.155.12.0","US","net",7,5,2,09/11/2010 00:00,18/11/2010 00:00
272,"ezkensaku.net",30,-1,1,2,125,5716,1977,28/01/2008 00:00,16/05/2011 00:00,"208.73.210.29","208.73.210.0","US","net",0,0,2,28/02/2008 00:00,28/02/2008 00:00
273,"my-carpet-cleaner.com",23,-1,1,2,133,339831,208727,19/12/2008 00:00,19/01/2013 00:00,"98.129.126.138","98.129.126.0","US","com",0,0,2,19/09/2009 00:00,19/09/2009 00:00
274,"luchtop.nl",3930,-1,1,2,33756,52574,15334,31/01/2008 00:00,01/02/2013 00:00,"83.137.194.21","83.137.194.0","NL","nl",10,2,2,31/07/2012 00:00,31/07/2012 00:00
275,"golfstrim.net",28154,-1,1,2,383926,985025,229404,26/04/2008 00:00,10/08/2013 00:00,"178.162.182.163","178.162.182.0","DE","net",48,9,2,20/03/2012 00:00,20/03/2012 00:00
276,"gunwebsites.net",3095,-1,1,2,703337,56652,40748,29/08/2010 00:00,10/08/2013 00:00,"173.201.92.1","173.201.92.0","US","net",39,22,2,19/03/2013 00:00,19/03/2013 00:00
277,"hirby.com",12531,-1,1,2,316295,3408178,304098,06/07/2009 00:00,10/08/2013 00:00,"184.168.221.52","184.168.221.0","US","com",25,24,2,17/04/2011 00:00,14/08/2012 00:00
278,"lonend.com",168,-1,1,2,870,40923,17385,15/10/2008 00:00,10/08/2013 00:00,"173.254.42.176","173.254.42.0","US","com",14,1,2,12/05/2012 00:00,07/07/2013 00:00
279,"ibnmasud.com",645,-1,1,2,4024,375996,12165,17/01/2008 00:00,10/08/2013 00:00,"69.163.193.111","69.163.193.0","US","com",18,13,2,02/05/2011 00:00,07/07/2011 00:00
280,"identifywebsite.com",119,-1,1,2,33241,446295,9765,08/06/2010 00:00,10/08/2013 00:00,"178.16.130.45","178.16.130.0","BG","com",7,2,2,14/04/2013 00:00,14/04/2013 00:00
281,"kuk-bot.net",10905,-1,1,2,77792,76994,14556,14/07/2008 00:00,10/08/2013 00:00,"74.208.63.155","74.208.63.0","US","net",19,5,2,31/07/2012 00:00,31/07/2012 00:00
282,"medicalmarijuanamassachusetts.net",111,-1,1,2,315,4112,3696,28/02/2013 00:00,10/08/2013 00:00,"50.63.120.1","50.63.120.0","US","net",19,0,2,27/03/2013 00:00,08/08/2013 00:00
283,"maxpellblog.com",274,-1,1,2,2949,44143,13992,02/01/2011 00:00,10/08/2013 00:00,"173.201.146.128","173.201.146.0","US","com",23,19,2,19/04/2012 00:00,19/04/2012 00:00
284,"noolys.net",2090,-1,1,2,384166,4217500,813534,26/01/2008 00:00,10/08/2013 00:00,"85.13.137.176","85.13.137.0","DE","net",24,6,2,08/02/2009 00:00,08/02/2009 00:00
285,"medicalmarijuanavirginia.net",49,-1,1,2,514,3954,3692,26/02/2013 00:00,10/08/2013 00:00,"50.63.120.1","50.63.120.0","US","net",15,0,2,19/04/2013 00:00,21/07/2013 00:00
286,"terracycle.net",11064,-1,1,2,386049,39658,30019,31/01/2008 00:00,10/08/2013 00:00,"50.19.86.241","50.19.86.0","US","net",35,39,2,17/08/2009 00:00,17/08/2009 00:00
287,"freesth.com",782,-1,1,2,11093,4582057,600594,23/09/2008 00:00,13/02/2013 00:00,"69.43.161.167","69.43.161.0","US","com",18,0,2,21/10/2009 00:00,23/02/2010 00:00
288,"sibernetik.net",1088,-1,1,2,9894,180622,69732,01/03/2008 00:00,10/08/2013 00:00,"208.109.78.143","208.109.78.0","US","net",26,8,2,30/07/2012 00:00,25/05/2013 00:00
289,"medicalmarijuanaindiana.org",58,-1,1,2,460,4134,3569,19/06/2012 00:00,10/08/2013 00:00,"50.63.120.1","50.63.120.0","US","org",17,2,2,24/02/2013 00:00,05/07/2013 00:00
290,"rezoom.net",5,-1,1,2,5,9411,6886,05/07/2008 00:00,10/07/2009 00:00,"92.42.70.10","92.42.70.0","NO","net",0,0,2,28/08/2008 00:00,28/08/2008 00:00
291,"medicalmarijuananewhampshire.org",102,-1,1,2,500,4821,4055,01/03/2013 00:00,10/08/2013 00:00,"50.63.120.1","50.63.120.0","US","org",20,0,2,24/02/2013 00:00,16/07/2013 00:00
292,"licarh.org",74,-1,1,2,478,211460,94383,06/06/2009 00:00,13/03/2010 00:00,"8.5.1.42","8.5.1.0","US","org",6,12,2,05/08/2009 00:00,05/08/2009 00:00
293,"penthousedocklands.com",24,-1,1,2,2125,310676,310676,30/09/2008 00:00,12/02/2013 00:00,"82.98.86.178","82.98.86.0","DE","com",0,0,2,06/11/2010 00:00,06/11/2010 00:00
294,"pdfebooksz.com",717,-1,1,2,222117,4391328,429846,25/08/2010 00:00,13/09/2012 00:00,"208.91.197.104","208.91.197.0","UK","com",7,0,2,28/11/2010 00:00,28/11/2010 00:00
295,"medicalmarijuanamississippi.org",63,-1,1,2,518,4119,3715,04/03/2013 00:00,10/08/2013 00:00,"50.63.120.1","50.63.120.0","US","org",15,0,2,02/03/2013 00:00,27/07/2013 00:00
296,"railcitygardencenter.com",57,-1,1,2,54303,14233,9400,22/11/2010 00:00,10/08/2013 00:00,"64.49.241.116","64.49.241.0","US","com",18,17,2,19/01/2012 00:00,24/01/2013 00:00
297,"lasvegasnow.com",22516,-1,1,2,2924483,366632,221162,02/02/2008 00:00,10/08/2013 00:00,"64.14.56.100","64.14.56.0","US","com",43,33,2,26/08/2009 00:00,26/08/2009 00:00
298,"7life7.net",4,-1,1,2,173,1081214,1081214,09/06/2009 00:00,10/08/2013 00:00,"184.168.221.96","184.168.221.0","US","net",0,0,2,08/11/2010 00:00,08/11/2010 00:00
299,"meta-search-engine.info",359,-1,1,2,2226,19485,13498,20/01/2008 00:00,19/05/2009 00:00,"80.156.86.78","80.156.86.0","DE","info",6,1,2,11/08/2008 00:00,11/08/2008 00:00
300,"c404.net",5525,-1,1,2,165670,104814,44408,19/02/2008 00:00,10/08/2013 00:00,"50.22.11.31","50.22.11.0","US","net",23,18,2,25/03/2013 00:00,25/03/2013 00:00
301,"searchles.net",0,-1,1,2,0,1022702,1022701,02/10/2008 00:00,21/01/2011 00:00,"216.25.250.66","216.25.250.0","US","net",0,0,2,25/05/2009 00:00,25/05/2009 00:00
302,"4mk.com",2,-1,1,2,2,671001,671001,11/01/2008 00:00,07/02/2013 00:00,"207.189.109.125","207.189.109.0","US","com",0,0,2,14/07/2009 00:00,14/07/2009 00:00
303,"foromarbella.com",802,-1,1,2,114861,1632510,793912,17/01/2008 00:00,10/08/2013 00:00,"216.40.252.90","216.40.252.0","US","com",17,12,2,28/08/2009 00:00,28/08/2009 00:00
304,"quinzeveranistas.com.br",185,-1,1,2,1597,8024,5418,28/12/2010 00:00,10/08/2013 00:00,"187.45.210.85","187.45.210.0","BR","br",15,1,2,20/07/2012 00:00,20/07/2012 00:00
305,"cleaningservicesinfo.net",9,-1,1,2,15,16179,15715,10/03/2013 00:00,10/08/2013 00:00,"184.172.188.159","184.172.188.0","US","net",15,0,2,16/03/2013 00:00,19/03/2013 00:00
306,"medicalmarijuanamaryland.org",121,-1,1,2,799,4393,3758,19/06/2012 00:00,10/08/2013 00:00,"50.63.120.1","50.63.120.0","US","org",19,0,2,23/02/2013 00:00,07/07/2013 00:00
307,"unam.mx",174943,1706,1,1,31767193,6933159,1698504,10/01/2008 00:00,10/08/2013 00:00,"132.248.10.44","132.248.10.0","MX","mx",61,74,1,03/07/2012 00:00,03/07/2012 00:00
308,"seoprofiler.com",15713,2991,1,1,975788,873919,109487,23/09/2010 00:00,10/08/2013 00:00,"107.22.190.110","107.22.190.0","US","com",37,46,1,07/02/2011 00:00,07/02/2011 00:00
309,"dig.do",4405,4121,1,1,7569196,1777632,171223,11/01/2013 00:00,10/08/2013 00:00,"50.17.198.28","50.17.198.0","US","do",67,31,1,28/07/2013 00:00,07/08/2013 00:00
310,"aboutus.org",186172,4144,1,1,38266159,44033117,2676896,09/01/2008 00:00,10/08/2013 00:00,"207.162.210.85","207.162.210.0","US","org",57,45,1,11/07/2009 00:00,11/07/2009 00:00
311,"pipl.com",74476,4145,1,1,9934477,16358227,1787803,12/01/2008 00:00,10/08/2013 00:00,"208.43.55.68","208.43.55.0","US","com",44,47,1,21/12/2009 00:00,08/02/2012 00:00
312,"goodsearch.com",77157,7296,1,1,78437896,4943524,1636910,09/01/2008 00:00,10/08/2013 00:00,"66.216.77.9","66.216.77.0","US","com",64,66,1,24/08/2010 00:00,09/05/2013 00:00
313,"qirina.com",4391,11727,1,1,203223,1509504,87765,05/12/2010 00:00,10/08/2013 00:00,"199.193.116.191","199.193.116.0","US","com",27,19,1,20/04/2013 00:00,20/04/2013 00:00
314,"lead411.com",19340,17397,1,1,22743990,12038184,1582868,24/01/2008 00:00,10/08/2013 00:00,"65.60.38.146","65.60.38.0","US","com",50,36,1,03/10/2012 00:00,03/10/2012 00:00
315,"buysll.com",1322,23651,1,1,213705,55079,44547,25/07/2012 00:00,10/08/2013 00:00,"208.101.62.195","208.101.62.0","US","com",32,16,1,20/02/2013 00:00,14/07/2013 00:00
316,"webnamelist.com",1520,26077,1,1,56926,12704,11320,23/02/2010 00:00,10/08/2013 00:00,"184.168.160.227","184.168.160.0","US","com",19,24,1,08/04/2011 00:00,08/04/2011 00:00
317,"netscape.com",764007,27020,1,1,776852501,186061659,3256100,09/01/2008 00:00,10/08/2013 00:00,"205.188.100.58","205.188.100.0","US","com",69,73,1,03/12/2009 00:00,03/12/2009 00:00
318,"ukings.info",357,29120,1,1,6292,66112,53215,19/06/2012 00:00,31/07/2013 00:00,"174.132.157.99","174.132.157.0","US","info",16,9,1,19/05/2013 00:00,19/05/2013 00:00
319,"list-of-domains.org",1990,31540,1,1,68904,21534,17268,06/05/2009 00:00,10/08/2013 00:00,"184.168.160.227","184.168.160.0","US","org",19,8,1,13/07/2011 00:00,13/07/2011 00:00
320,"guidestar.org",73973,33016,1,1,22522803,1666647,373533,15/01/2008 00:00,10/08/2013 00:00,"68.142.180.220","68.142.180.0","US","org",65,77,1,26/04/2013 00:00,26/04/2013 00:00
321,"nediyor.com",1,34062,1,1,1,679982,679981,03/04/2008 00:00,10/08/2013 00:00,"190.93.243.45","190.93.243.0","CR","com",0,0,1,17/06/2009 00:00,17/06/2009 00:00
322,"prleap.com",65572,42123,1,1,2215446,358360,187210,09/01/2008 00:00,10/08/2013 00:00,"198.143.157.34","198.143.157.0","US","com",54,59,1,23/01/2008 00:00,24/07/2013 00:00
323,"refertus.info",24113,47406,1,1,7690774,7168717,395370,20/09/2010 00:00,10/08/2013 00:00,"188.40.86.5","188.40.86.0","DE","info",37,24,1,09/05/2011 00:00,31/07/2012 00:00
324,"forum-software.org",107557,53792,1,1,3671355,436686,109754,23/01/2008 00:00,10/08/2013 00:00,"46.105.101.92","46.105.101.0","FR","org",68,44,1,28/07/2012 00:00,28/07/2012 00:00
325,"clarkcountynv.gov",6874,54953,1,1,278122,59392,28340,27/11/2008 00:00,10/08/2013 00:00,"198.190.190.64","198.190.190.0","US","gov",52,52,1,17/05/2012 00:00,09/08/2013 00:00
326,"fox5vegas.com",54128,56898,1,1,3615554,7516051,695376,09/01/2008 00:00,10/08/2013 00:00,"184.28.17.219","184.28.17.0","US","com",54,39,1,27/05/2010 00:00,27/05/2010 00:00
327,"surcentro.com",14710,64907,1,1,635924,3218384,1087177,12/10/2009 00:00,10/08/2013 00:00,"95.211.76.131","95.211.76.0","NL","com",49,33,1,23/08/2010 00:00,23/08/2010 00:00
328,"ktnv.com",54254,68769,1,1,1696744,902543,503539,16/02/2008 00:00,10/08/2013 00:00,"87.248.218.252","87.248.218.0","IT","com",53,51,1,25/07/2010 00:00,25/07/2010 00:00
329,"bolalist.com",6616,73117,1,1,157883,140624,113093,18/01/2009 00:00,10/08/2013 00:00,"173.0.129.54","173.0.129.0","US","com",41,14,1,04/04/2013 00:00,05/07/2013 00:00
330,"mediapool.bg",19206,79270,1,1,3767096,800966,378647,24/01/2008 00:00,10/08/2013 00:00,"193.194.140.19","193.194.140.0","BG","bg",47,45,1,01/08/2012 00:00,26/07/2013 00:00
331,"masterseek.com",14277,80290,1,1,97336498,26829806,2061622,09/01/2008 00:00,10/08/2013 00:00,"77.247.69.114","77.247.69.0","DK","com",59,45,1,20/03/2011 00:00,23/03/2011 00:00
332,"siteluck.com",12579,95904,1,1,420724,1613563,496592,14/02/2010 00:00,10/08/2013 00:00,"213.133.102.56","213.133.102.0","DE","com",37,31,1,21/11/2010 00:00,14/01/2012 00:00
333,"raceit.com",5313,96567,1,1,1716129,291552,86747,25/07/2008 00:00,10/08/2013 00:00,"216.26.176.106","216.26.176.0","US","com",44,38,1,02/07/2013 00:00,02/07/2013 00:00
334,"voyeurlatinocolegialas.com",1749,104469,1,1,28322,427156,122830,21/11/2010 00:00,10/08/2013 00:00,"50.63.97.1","50.63.97.0","US","com",25,3,1,15/01/2012 00:00,15/01/2012 00:00
335,"tileshop.com",7380,107415,1,1,255749,88815,70160,12/01/2008 00:00,10/08/2013 00:00,"67.90.96.102","67.90.96.0","US","com",42,50,1,28/06/2012 00:00,28/06/2012 00:00
336,"worddomination.com",1805,117409,1,1,19014,660831,219295,25/10/2011 00:00,10/08/2013 00:00,"206.214.217.23","206.214.217.0","US","com",28,10,1,12/06/2012 00:00,12/06/2012 00:00
337,"showsmart.com",5908,121553,1,1,51588,1120614,540715,10/01/2008 00:00,10/08/2013 00:00,"207.112.17.243","207.112.17.0","CA","com",34,16,1,13/04/2013 00:00,13/04/2013 00:00
338,"telecom.kz",10089,148027,1,1,672767,1057702,428412,24/01/2008 00:00,10/08/2013 00:00,"82.200.130.203","82.200.130.0","KZ","kz",40,24,1,02/05/2012 00:00,25/07/2013 00:00
339,"seotitles.com",1961,162303,1,1,683712,1325695,188449,12/12/2010 00:00,13/06/2013 00:00,"184.107.55.75","184.107.55.0","CA","com",11,1,1,20/04/2013 00:00,20/04/2013 00:00
340,"chamberorganizer.com",8074,188817,1,1,1314828,559129,259493,09/01/2008 00:00,10/08/2013 00:00,"72.52.220.166","72.52.220.0","US","com",44,43,1,18/02/2010 00:00,01/02/2013 00:00
341,"emunewz.net",14032,191729,1,1,140606,349659,107497,26/03/2011 00:00,10/08/2013 00:00,"62.75.254.56","62.75.254.0","DE","net",40,21,1,21/02/2012 00:00,21/02/2012 00:00
342,"engineseeker.com",18905,197300,1,1,1960771,12800596,1590649,10/01/2008 00:00,10/08/2013 00:00,"50.57.228.170","50.57.228.0","US","com",38,36,1,20/05/2009 00:00,28/04/2013 00:00
343,"submitlinks.us",1829,218533,1,1,183104,393961,73739,02/02/2009 00:00,10/08/2013 00:00,"67.20.83.144","67.20.83.0","US","us",15,21,1,08/05/2013 00:00,08/05/2013 00:00
344,"onthesamehost.com",11506,236348,1,1,1503125,10913271,1074118,18/06/2009 00:00,10/08/2013 00:00,"54.243.185.251","54.243.185.0","US","com",42,23,1,02/04/2012 00:00,02/04/2012 00:00
345,"lvrj.com",170789,240899,1,1,98862500,3653120,440432,12/01/2008 00:00,10/06/2013 00:00,"54.245.88.31","54.245.88.0","US","com",44,44,1,12/03/2013 00:00,12/03/2013 00:00
346,"studio-petz.com",9631,250577,1,1,2961654,17899927,1774441,20/01/2008 00:00,10/08/2013 00:00,"118.243.35.15","118.243.35.0","JP","com",45,27,1,14/10/2008 00:00,14/10/2008 00:00
347,"opx.pl",42121,267299,1,1,5809934,1509463,620342,24/01/2008 00:00,10/08/2013 00:00,"194.9.24.158","194.9.24.0","PL","pl",56,21,1,11/05/2013 00:00,11/05/2013 00:00
348,"ie7pro.com",36085,268730,1,1,6646312,1090849,346842,10/01/2008 00:00,10/08/2013 00:00,"184.172.2.123","184.172.2.0","US","com",40,40,1,11/07/2012 00:00,17/07/2012 00:00
349,"us-yellow.com",1830,271570,1,1,440946,541912,202550,02/04/2008 00:00,10/08/2013 00:00,"72.15.221.184","72.15.221.0","US","com",45,19,1,26/06/2013 00:00,26/06/2013 00:00
350,"uwcblog.com",43036,278113,1,1,1419510,1035835,398044,25/09/2008 00:00,10/08/2013 00:00,"142.4.8.174","142.4.8.0","US","com",45,17,1,09/11/2011 00:00,02/11/2012 00:00
351,"socialbookmarkingwebsite.com",13,311138,1,1,19,632032,632031,03/02/2008 00:00,10/08/2013 00:00,"64.95.64.194","64.95.64.0","US","com",7,6,1,26/08/2009 00:00,26/08/2009 00:00
352,"usef.org",18948,352026,1,1,4734741,724119,115825,27/01/2008 00:00,10/08/2013 00:00,"216.170.20.146","216.170.20.0","US","org",49,60,1,31/07/2011 00:00,10/11/2011 00:00
353,"zhyaoke.cn",546,385041,1,1,6612,34273,27724,20/01/2010 00:00,10/08/2013 00:00,"124.172.156.60","124.172.156.0","CN","cn",17,11,1,18/02/2011 00:00,12/05/2012 00:00
354,"holahola.pl",2115,386599,1,1,34205,12492,7276,22/01/2008 00:00,10/08/2013 00:00,"89.161.224.95","89.161.224.0","PL","pl",36,17,1,26/06/2012 00:00,26/06/2012 00:00
355,"bigfinder.de",12138,428763,1,1,1869979,113498,72123,26/01/2008 00:00,10/08/2013 00:00,"83.133.125.202","83.133.125.0","DE","de",27,14,1,21/10/2011 00:00,21/10/2011 00:00
356,"a--9.com",899,577134,1,1,5489,157150,120772,24/01/2008 00:00,10/08/2013 00:00,"207.58.163.189","207.58.163.0","US","com",33,39,1,15/03/2013 00:00,10/07/2013 00:00
357,"samepoint.com",8211,597807,1,1,3388215,33685022,1393646,19/10/2008 00:00,10/08/2013 00:00,"50.57.202.116","50.57.202.0","US","com",39,20,1,25/02/2010 00:00,25/02/2010 00:00
358,"fluctu8.com",3833,605794,1,1,237701,3132478,744385,10/01/2008 00:00,10/08/2013 00:00,"69.55.234.91","69.55.234.0","US","com",32,38,1,15/06/2012 00:00,15/06/2012 00:00
359,"feedbomb.com",2466,616444,1,1,42415,41867,37672,15/01/2008 00:00,23/06/2013 00:00,"23.23.200.63","23.23.200.0","US","com",15,24,1,17/10/2008 00:00,17/10/2008 00:00
360,"riight.com",3119,639154,1,1,353275,19055265,1449725,03/02/2008 00:00,10/08/2013 00:00,"216.18.21.96","216.18.21.0","CA","com",22,16,1,27/04/2010 00:00,27/04/2010 00:00
361,"securedc.com",3239,655580,1,1,30327,54363,23281,25/01/2008 00:00,10/08/2013 00:00,"64.8.116.137","64.8.116.0","US","com",25,23,1,02/08/2008 00:00,13/03/2012 00:00
362,"med-anecdotes.com",31453,676424,1,1,1879195,274390,182323,27/10/2010 00:00,10/08/2013 00:00,"173.201.216.43","173.201.216.0","US","com",45,17,1,12/06/2012 00:00,12/06/2012 00:00
363,"nonprofitlist.org",1296,677888,1,1,197802,82835,53828,02/10/2008 00:00,10/08/2013 00:00,"174.121.99.251","174.121.99.0","US","org",32,23,1,03/10/2012 00:00,03/10/2012 00:00
364,"mdpu.org.ua",9907,724223,1,1,119421,186652,115843,06/02/2008 00:00,10/08/2013 00:00,"194.54.83.86","194.54.83.0","UA","ua",44,23,1,19/02/2012 00:00,19/02/2012 00:00
365,"361du.net",2332,770711,1,1,83438,10929016,926147,14/04/2009 00:00,10/08/2013 00:00,"50.6.219.204","50.6.219.0","US","net",20,17,1,28/04/2013 00:00,28/04/2013 00:00
366,"freeclinicdirectory.org",146,818567,1,1,1809,23266,18005,03/05/2011 00:00,10/08/2013 00:00,"199.167.46.117","199.167.46.0","US","org",29,20,1,13/05/2013 00:00,01/07/2013 00:00
367,"ezee.ca",2605,853836,1,1,211593,1173,881,22/02/2008 00:00,10/08/2013 00:00,"74.124.198.62","74.124.198.0","US","ca",22,21,1,27/02/2010 00:00,27/02/2010 00:00
368,"kmir6.com",28988,891909,1,1,286502,471541,252222,01/02/2008 00:00,10/08/2013 00:00,"87.248.207.142","87.248.207.0","IT","com",35,33,1,23/07/2010 00:00,23/07/2010 00:00
369,"woodwardnews.net",3459,955703,1,1,122901,12140251,955648,21/01/2008 00:00,10/08/2013 00:00,"74.84.203.168","74.84.203.0","US","net",31,30,1,05/08/2013 00:00,05/08/2013 00:00
370,"businesscenterdispatch.com",12,988483,1,1,66,2035,1700,13/09/2012 00:00,10/08/2013 00:00,"208.113.141.224","208.113.141.0","US","com",14,5,1,02/08/2013 00:00,04/08/2013 00:00
371,"foe11.com",2,-1,1,1,2,184094,184094,04/10/2010 00:00,10/08/2013 00:00,"184.168.221.96","184.168.221.0","US","com",0,0,1,09/10/2012 00:00,20/11/2012 00:00
372,"ep2.nl",3230,-1,1,1,83514,652096,181898,28/01/2008 00:00,10/08/2013 00:00,"91.196.168.84","91.196.168.0","NL","nl",29,17,1,16/04/2012 00:00,16/04/2012 00:00
373,"floweruser.com",0,-1,1,1,0,16541,5339,07/02/2008 00:00,16/05/2008 00:00,"216.127.84.116","216.127.84.0","US","com",0,0,1,10/03/2008 00:00,10/03/2008 00:00
374,"yehboosearch.net",1,-1,1,1,1,603681,603681,26/01/2008 00:00,03/02/2013 00:00,"70.87.94.130","70.87.94.0","US","net",0,0,1,09/02/2009 00:00,09/02/2009 00:00
375,"fabulous50sford.com",4211,-1,1,1,43171,41669,21475,20/03/2008 00:00,10/08/2013 00:00,"206.45.64.137","206.45.64.0","CA","com",31,13,1,29/01/2012 00:00,29/01/2012 00:00
376,"buscatube.cl",1407,-1,1,1,294894,3767646,134622,24/01/2008 00:00,13/07/2013 00:00,"82.98.86.165","82.98.86.0","DE","cl",13,15,1,11/10/2008 00:00,11/10/2008 00:00
377,"exercise-tip-for-weight-loss.com",977,-1,1,1,4833,2077093,194395,29/06/2008 00:00,31/07/2013 00:00,"216.172.184.98","216.172.184.0","US","com",19,1,1,21/11/2012 00:00,21/11/2012 00:00
378,"ticalcs.net",8191,-1,1,1,175058,352360,109601,24/01/2008 00:00,07/08/2013 00:00,"74.208.85.226","74.208.85.0","US","net",17,15,1,13/01/2012 00:00,13/01/2012 00:00
379,"harmhero.nl",288,-1,1,1,2304,422958,34321,03/12/2008 00:00,08/08/2013 00:00,"67.205.60.81","67.205.60.0","US","nl",7,7,1,19/05/2011 00:00,19/05/2011 00:00
380,"etntalk.com",1464,-1,1,1,167730,22161,20858,08/02/2008 00:00,10/08/2013 00:00,"204.16.111.207","204.16.111.0","US","com",35,21,1,28/03/2013 00:00,28/03/2013 00:00
381,"medicalmarijuanatennessee.org",90,-1,1,1,811,5215,3879,19/06/2012 00:00,10/08/2013 00:00,"50.63.120.1","50.63.120.0","US","org",20,0,1,09/08/2013 00:00,09/08/2013 00:00
382,"etf-trend.com",688,-1,1,1,14661,111684,18149,22/12/2011 00:00,10/08/2013 00:00,"67.231.240.66","67.231.240.0","US","com",25,1,1,14/06/2012 00:00,14/06/2012 00:00
383,"incywincy.com",11778,-1,1,1,180480,1221726,350575,10/01/2008 00:00,13/09/2012 00:00,"74.95.0.186","74.95.0.0","US","com",21,24,1,31/08/2009 00:00,31/08/2009 00:00
384,"istanaartis.com",2067,-1,1,1,652720,8676144,752904,30/07/2009 00:00,24/07/2013 00:00,"8.5.1.51","8.5.1.0","US","com",20,18,1,01/08/2010 00:00,01/08/2010 00:00
385,"migrantsmalta.org",383,-1,1,1,3492,564416,75071,08/02/2011 00:00,08/11/2012 00:00,"50.22.11.10","50.22.11.0","US","org",7,15,1,08/05/2011 00:00,05/06/2011 00:00
386,"electric-wheelchairs-pro.com",8,-1,1,1,12,40406,33531,16/03/2013 00:00,21/05/2013 00:00,"96.125.163.152","96.125.163.0","US","com",0,0,1,21/03/2013 00:00,28/03/2013 00:00
387,"traveltipsforum.net",5896,-1,1,1,34016,136306,45880,13/10/2011 00:00,02/08/2013 00:00,"50.116.113.62","50.116.113.0","US","net",29,2,1,02/03/2012 00:00,02/03/2012 00:00
388,"hetaquariumcollectief.nl",584,-1,1,1,34306,37808,15686,19/02/2008 00:00,27/08/2012 00:00,"5.9.210.33","5.9.210.0","DE","nl",8,11,1,02/05/2012 00:00,02/05/2012 00:00
389,"108things.com",552,-1,1,1,4709,1940991,97391,05/04/2008 00:00,09/07/2013 00:00,"118.139.185.1","118.139.185.0","SG","com",8,0,1,23/02/2009 00:00,23/02/2009 00:00
390,"hawksgrill.com",70,-1,1,1,512,197412,36693,13/09/2008 00:00,16/12/2009 00:00,"213.239.175.175","213.239.175.0","NL","com",6,3,1,29/09/2009 00:00,29/09/2009 00:00
391,"goalever.com",163,-1,1,1,3799,510366,181639,12/10/2011 00:00,10/08/2013 00:00,"209.59.178.201","209.59.178.0","US","com",22,15,1,07/03/2013 00:00,07/03/2013 00:00
392,"grantsfloorcovering.com",2,-1,1,1,4,111329,111329,20/01/2008 00:00,08/08/2013 00:00,"208.87.35.103","208.87.35.0","BS","com",0,0,1,24/12/2009 00:00,24/12/2009 00:00
393,"gnomit.com",30,-1,1,1,916,2041865,2041864,03/04/2009 00:00,10/08/2013 00:00,"188.138.104.220","188.138.104.0","DE","com",4,0,1,25/08/2009 00:00,25/08/2009 00:00
394,"ambl.org",1242,-1,1,1,41511,143138,73463,18/06/2008 00:00,10/08/2013 00:00,"74.208.24.175","74.208.24.0","US","org",13,4,1,31/05/2013 00:00,31/05/2013 00:00
395,"4myhometown.com",936,-1,1,1,28979,1947,1866,19/06/2012 00:00,10/08/2013 00:00,"184.168.249.1","184.168.249.0","US","com",21,6,1,25/07/2012 00:00,25/07/2012 00:00
396,"10ninox.com",697,-1,1,1,13129,5299,3295,01/04/2008 00:00,10/08/2013 00:00,"203.158.1.172","203.158.1.0","TH","com",20,12,1,15/06/2012 00:00,15/06/2012 00:00
397,"123worth.com",749,-1,1,1,45538,60816,53191,23/07/2010 00:00,31/07/2013 00:00,"178.79.129.38","178.79.129.0","UK","com",14,4,1,25/01/2011 00:00,25/01/2011 00:00
398,"idwellness.org",937,-1,1,1,57553,17814,13876,03/01/2009 00:00,10/08/2013 00:00,"184.107.190.110","184.107.190.0","CA","org",23,20,1,25/02/2013 00:00,01/05/2013 00:00
399,"gaga-source.com",827,-1,1,1,40623,137894,124761,09/04/2012 00:00,12/06/2013 00:00,"94.23.248.78","94.23.248.0","FR","com",13,16,1,11/07/2012 00:00,07/12/2012 00:00
400,"klnr.org",97,-1,1,1,321,15653,11344,22/06/2008 00:00,04/08/2013 00:00,"66.209.79.122","66.209.79.0","US","org",7,2,1,20/05/2012 00:00,20/05/2012 00:00
401,"alsmatters.org",77,-1,1,1,1821,20276,6370,02/12/2008 00:00,10/08/2013 00:00,"74.52.171.50","74.52.171.0","US","org",14,5,1,30/08/2010 00:00,23/10/2011 00:00
402,"freewebs.com",1010686,-1,1,1,318693826,10625344,2488753,09/01/2008 00:00,10/08/2013 00:00,"75.98.17.24","75.98.17.0","US","com",74,46,1,06/03/2009 00:00,12/02/2013 00:00
403,"greatbritainkingdom.com",1,-1,1,1,1,964518,964517,14/01/2008 00:00,10/08/2013 00:00,"176.74.176.167","176.74.176.0","UK","com",0,0,1,19/02/2009 00:00,19/02/2009 00:00
404,"knprtalk.org",34,-1,1,1,74,2967,2678,06/08/2010 00:00,10/08/2013 00:00,"66.209.79.122","66.209.79.0","US","org",9,19,1,31/05/2012 00:00,24/07/2013 00:00
405,"legal-topics.org",27,-1,1,1,187,212980,158521,30/01/2008 00:00,11/01/2010 00:00,"72.215.225.9","72.215.225.0","US","org",0,0,1,07/04/2009 00:00,07/04/2009 00:00
406,"forumenfes.com",3002,-1,1,1,17912,133451,35508,25/09/2010 00:00,10/03/2013 00:00,"85.17.137.82","85.17.137.0","NL","com",14,1,1,07/08/2012 00:00,07/08/2012 00:00
407,"gustavorojo.com",888,-1,1,1,41477,360047,35681,12/02/2008 00:00,08/08/2013 00:00,"203.183.51.198","203.183.51.0","JP","com",23,13,1,13/04/2011 00:00,26/05/2011 00:00
408,"web3.nl",6313,-1,1,1,406926,340796,118007,14/01/2008 00:00,10/08/2013 00:00,"46.51.195.120","46.51.195.0","IE","nl",38,18,1,16/07/2013 00:00,16/07/2013 00:00
409,"nederland4045.nl",1687,-1,1,1,38834,7002,1395,17/01/2008 00:00,11/02/2012 00:00,"64.13.232.237","64.13.232.0","US","nl",16,22,1,28/01/2012 00:00,28/01/2012 00:00
410,"chinafinder.org",2792,-1,1,1,15428,24907,11478,24/01/2008 00:00,10/08/2013 00:00,"69.89.25.174","69.89.25.0","US","org",14,2,1,09/01/2012 00:00,09/01/2012 00:00
411,"nevadagives.org",246,-1,1,1,863,2015,1559,28/01/2008 00:00,10/08/2013 00:00,"24.120.233.150","24.120.233.0","US","org",12,12,1,25/10/2012 00:00,25/10/2012 00:00
412,"cornmarket.com",12,-1,1,1,6223,758470,758469,17/09/2009 00:00,07/02/2013 00:00,"67.215.66.132","67.215.66.0","US","com",0,0,1,27/10/2010 00:00,27/10/2010 00:00
413,"democratstoday.com",119,-1,1,1,6965,18255,7770,05/03/2008 00:00,17/07/2013 00:00,"184.173.197.253","184.173.197.0","US","com",0,0,1,10/05/2009 00:00,10/05/2009 00:00
414,"bilde-arkiv.com",6161,-1,1,1,34944,37652,20463,01/04/2008 00:00,01/07/2013 00:00,"193.202.110.41","193.202.110.0","DK","com",9,4,1,10/04/2012 00:00,10/04/2012 00:00
415,"i-port.su",2089,-1,1,1,41542,34758,17290,09/02/2009 00:00,10/08/2013 00:00,"193.169.33.254","193.169.33.0","RU","su",12,3,1,25/03/2012 00:00,25/03/2012 00:00
416,"nappo.su",1856,-1,1,1,8621,11683,1938,16/02/2010 00:00,02/10/2012 00:00,"31.31.204.60","31.31.204.0","RU","su",11,4,1,07/08/2012 00:00,07/08/2012 00:00
417,"cichlid.gen.tr",238,-1,1,1,59019,21605,7462,21/10/2009 00:00,31/07/2013 00:00,"37.18.177.131","37.18.177.0","US","tr",12,9,1,25/07/2013 00:00,25/07/2013 00:00
418,"bestgaydvd.com",234,-1,1,1,5437,1110,987,15/11/2011 00:00,10/08/2013 00:00,"184.173.28.165","184.173.28.0","US","com",11,14,1,06/05/2012 00:00,06/05/2012 00:00
419,"vengopronto.tv",193,-1,1,1,1214,19672,5220,31/03/2012 00:00,08/08/2013 00:00,"97.74.215.186","97.74.215.0","US","tv",11,2,1,18/07/2012 00:00,18/07/2012 00:00
420,"armchairassociation.com",1137,-1,1,1,86508,325176,129364,08/02/2008 00:00,10/08/2013 00:00,"184.168.178.1","184.168.178.0","US","com",20,13,1,27/07/2012 00:00,27/07/2012 00:00
421,"cocobuy.com.tw",507,-1,1,1,59437,77603,35666,20/06/2008 00:00,18/07/2013 00:00,"219.87.66.2","219.87.66.0","TW","tw",12,0,1,20/03/2011 00:00,20/03/2011 00:00
422,"morgan-club.com.ua",3364,-1,1,1,396126,27317,17202,10/04/2011 00:00,10/08/2013 00:00,"5.9.23.52","5.9.23.0","DE","ua",21,18,1,04/01/2012 00:00,04/01/2012 00:00
423,"aqardaily.com",678,-1,1,1,4102,461554,162498,08/06/2010 00:00,10/08/2013 00:00,"64.74.223.43","64.74.223.0","US","com",15,1,1,11/03/2013 00:00,11/03/2013 00:00
424,"fuzzfilter.co.uk",0,-1,1,1,0,125970,125970,08/02/2008 00:00,16/02/2009 00:00,"201.212.0.94","201.212.0.0","AR","uk",0,0,1,09/02/2009 00:00,09/02/2009 00:00
425,"pinaambrosio.com.ar",292,-1,1,1,70094,51195,12576,02/12/2010 00:00,08/08/2013 00:00,"190.228.29.85","190.228.29.0","AR","ar",24,3,1,18/04/2012 00:00,18/04/2012 00:00
426,"randomcube.co.uk",57,-1,1,1,139564,1196499,1196499,23/01/2008 00:00,30/04/2013 00:00,"66.96.147.162","66.96.147.0","US","uk",6,0,1,20/08/2009 00:00,20/08/2009 00:00
427,"annointedthreads.com",20,-1,1,1,2285,54,54,05/06/2013 00:00,10/08/2013 00:00,"184.168.221.27","184.168.221.0","US","com",6,1,1,02/01/2011 00:00,02/01/2011 00:00
428,"amigo-chat.com",22195,-1,1,1,839227,843495,257989,09/01/2008 00:00,28/07/2013 00:00,"202.61.25.180","202.61.25.0","JP","com",31,18,1,01/08/2012 00:00,01/08/2012 00:00
429,"amateur-swingers-posts.com",24398,-1,1,1,619788,222646,117040,13/01/2008 00:00,10/08/2013 00:00,"75.125.107.130","75.125.107.0","US","com",37,7,1,27/07/2012 00:00,27/07/2012 00:00
430,"cityofsparks.us",2344,-1,1,1,544722,211612,103600,13/01/2008 00:00,10/08/2013 00:00,"198.61.212.54","198.61.212.0","US","us",36,35,1,06/06/2012 00:00,06/06/2012 00:00
431,"obitz.us",1904,-1,1,1,40507,369202,81974,13/01/2008 00:00,10/08/2013 00:00,"208.109.78.138","208.109.78.0","US","us",18,16,1,22/09/2012 00:00,26/11/2012 00:00
432,"rezoom.us",2,-1,1,1,2,5443,4909,25/12/2008 00:00,22/06/2009 00:00,"67.215.66.132","67.215.66.0","US","us",0,0,1,07/02/2009 00:00,07/02/2009 00:00
433,"althiriany.com",1928,-1,1,1,13493,76418,25577,06/11/2012 00:00,10/08/2013 00:00,"50.63.38.1","50.63.38.0","US","com",28,4,1,11/07/2013 00:00,11/07/2013 00:00
434,"allgrandcanyon.com",427,-1,1,1,55594,25434,15992,30/09/2008 00:00,10/08/2013 00:00,"173.204.86.91","173.204.86.0","US","com",28,15,1,28/09/2009 00:00,28/09/2009 00:00
435,"alkhansagsm.com",4953,-1,1,1,46975,1117424,225216,24/07/2008 00:00,10/08/2013 00:00,"97.74.144.174","97.74.144.0","US","com",37,11,1,15/06/2012 00:00,15/06/2012 00:00
436,"sieuthidvd.com.vn",5591,-1,1,1,46391,74589,37157,07/10/2008 00:00,01/07/2013 00:00,"203.119.8.111","203.119.8.0","VN","vn",12,3,1,18/02/2012 00:00,18/02/2012 00:00
437,"alba866.com",285,-1,1,1,3458,833393,50224,29/03/2011 00:00,10/08/2013 00:00,"64.53.181.104","64.53.181.0","US","com",16,8,1,28/05/2013 00:00,28/05/2013 00:00
438,"tamilsearch.co.uk",925,-1,1,1,964716,1467312,550937,08/12/2008 00:00,16/03/2012 00:00,"81.21.75.42","81.21.75.0","UK","uk",8,5,1,20/12/2009 00:00,20/12/2009 00:00
439,"rocknytt.se",850,-1,1,1,31147,23211,10924,06/03/2011 00:00,10/08/2013 00:00,"217.70.32.145","217.70.32.0","SE","se",18,24,1,29/04/2012 00:00,29/04/2012 00:00
440,"craftrobo.se",4940,-1,1,1,30923,141230,53242,18/02/2008 00:00,10/08/2013 00:00,"195.47.247.250","195.47.247.0","DK","se",33,4,1,23/05/2013 00:00,26/07/2013 00:00
441,"a7babcool.com",8312,-1,1,1,58906,1875559,459624,18/09/2009 00:00,10/08/2013 00:00,"144.76.13.108","144.76.13.0","DE","com",36,2,1,24/03/2012 00:00,24/03/2012 00:00
442,"planetthoughts.org",1751,-1,1,1,95831,37051,20671,27/01/2008 00:00,10/08/2013 00:00,"184.175.123.14","184.175.123.0","US","org",21,29,1,30/03/2012 00:00,30/03/2012 00:00
443,"portofnewcastle.org",241,-1,1,1,563,10210,2968,16/01/2011 00:00,04/08/2013 00:00,"65.254.250.101","65.254.250.0","US","org",15,1,1,09/01/2012 00:00,09/01/2012 00:00
444,"projectninemile.org",358,-1,1,1,9940,408910,53551,08/10/2008 00:00,04/08/2013 00:00,"67.205.63.251","67.205.63.0","US","org",7,6,1,15/04/2011 00:00,28/05/2011 00:00
445,"danskdesigngroup.com",975,-1,1,1,41792,2455,1864,28/05/2010 00:00,10/08/2013 00:00,"64.40.114.105","64.40.114.0","CA","com",16,8,1,06/08/2010 00:00,02/01/2011 00:00
446,"rookiecoach.org",104,-1,1,1,1945,68179,27054,07/10/2008 00:00,10/08/2013 00:00,"199.204.248.104","199.204.248.0","US","org",14,3,1,27/02/2013 00:00,27/02/2013 00:00
447,"dailybust.com",853,-1,1,1,15063,1140200,147068,03/10/2010 00:00,01/08/2013 00:00,"174.36.138.30","174.36.138.0","US","com",12,1,1,18/07/2011 00:00,18/07/2011 00:00
448,"splattered.net",317,-1,1,1,2931,2642878,168919,12/07/2008 00:00,27/01/2013 00:00,"82.98.86.176","82.98.86.0","DE","net",8,3,1,21/05/2009 00:00,21/05/2009 00:00
449,"commonmediainc.com",338,-1,1,1,578173,101661,64610,22/03/2008 00:00,10/08/2013 00:00,"72.249.20.76","72.249.20.0","US","com",30,37,1,29/07/2013 00:00,29/07/2013 00:00
450,"click2britain.com",2874,-1,1,1,1264243,2483541,759018,16/01/2008 00:00,27/05/2013 00:00,"81.21.75.42","81.21.75.0","UK","com",15,19,1,06/01/2010 00:00,06/01/2010 00:00
451,"carrickmineswoods.com",14,-1,1,1,14,168544,168543,13/10/2009 00:00,26/07/2013 00:00,"82.98.86.165","82.98.86.0","DE","com",0,0,1,03/11/2010 00:00,03/11/2010 00:00
452,"buyvideogamesonline4cheap.com",297,-1,1,1,4969,123130,81760,23/12/2009 00:00,10/08/2013 00:00,"50.21.182.75","50.21.182.0","US","com",15,1,1,27/08/2012 00:00,27/08/2012 00:00
453,"buyfrombloggers.com",44,-1,1,1,21344,384,162,04/10/2008 00:00,21/07/2011 00:00,"208.73.210.29","208.73.210.0","US","com",6,3,1,20/04/2009 00:00,20/04/2009 00:00
454,"zuzel.org",913,-1,1,1,305868,431038,79824,10/09/2009 00:00,10/08/2013 00:00,"69.163.226.8","69.163.226.0","US","org",24,18,1,16/04/2011 00:00,28/05/2011 00:00
455,"buscatube.com.pe",0,-1,1,1,0,82455,82455,27/01/2008 00:00,22/03/2009 00:00,"67.215.77.132","67.215.77.0","US","pe",0,0,1,23/01/2009 00:00,23/01/2009 00:00
456,"brokerforexusa.com",0,-1,1,1,0,326310,326310,12/06/2008 00:00,12/02/2010 00:00,"208.73.211.171","208.73.211.0","US","com",0,0,1,21/04/2009 00:00,21/04/2009 00:00
457,"almavista.ru",12122,-1,1,1,165916,68017,31085,30/10/2008 00:00,10/08/2013 00:00,"78.108.80.67","78.108.80.0","RU","ru",29,5,1,04/07/2012 00:00,04/07/2012 00:00
458,"britainkingdom.com",6,-1,1,1,15,1037357,1037356,31/03/2008 00:00,09/06/2013 00:00,"69.43.161.167","69.43.161.0","US","com",0,0,1,21/02/2009 00:00,21/02/2009 00:00
459,"bridal-buy.com",2624,-1,1,1,253499,221225,125030,21/06/2012 00:00,10/08/2013 00:00,"66.220.4.87","66.220.4.0","US","com",39,28,1,11/03/2013 00:00,13/03/2013 00:00
460,"epilepsyhelp.ru",1239,-1,1,1,5933,36126,14895,02/06/2008 00:00,10/08/2013 00:00,"77.221.155.154","77.221.155.0","RU","ru",27,3,1,30/12/2012 00:00,27/07/2013 00:00
461,"fytbolki.ru",3926,-1,1,1,310864,114166,50675,03/06/2008 00:00,10/08/2013 00:00,"37.140.192.50","37.140.192.0","RU","ru",37,20,1,19/03/2012 00:00,19/03/2012 00:00
462,"gamerelax.ru",2784,-1,1,1,60175,174323,52506,14/02/2009 00:00,09/10/2012 00:00,"67.228.45.68","67.228.45.0","US","ru",10,8,1,26/07/2012 00:00,26/07/2012 00:00
463,"bouldercityreview.com",792,-1,1,1,21964,19820,14072,28/04/2010 00:00,10/08/2013 00:00,"12.9.217.39","12.9.217.0","US","com",24,36,1,31/05/2012 00:00,25/05/2013 00:00
464,"nikol.net.ru",9336,-1,1,1,103125,200981,59793,04/11/2008 00:00,01/08/2013 00:00,"80.93.49.30","80.93.49.0","RU","ru",27,5,1,29/08/2012 00:00,25/05/2013 00:00
465,"prostie-recepti.ru",1135,-1,1,1,34212,53276,11518,30/12/2009 00:00,10/08/2013 00:00,"178.236.176.72","178.236.176.0","NL","ru",18,6,1,22/03/2012 00:00,22/03/2012 00:00
466,"telecomtrading.ru",3567,-1,1,1,20433,194326,122950,21/02/2010 00:00,10/08/2013 00:00,"77.222.40.21","77.222.40.0","RU","ru",38,4,1,11/06/2012 00:00,11/06/2012 00:00
467,"dunkelberg.com",771,-1,1,1,393725,368405,11124,11/02/2008 00:00,09/08/2013 00:00,"69.163.164.45","69.163.164.0","US","com",14,7,1,31/05/2011 00:00,31/05/2011 00:00
468,"spbfree.net",498,-1,1,1,62250,1224270,352162,30/01/2008 00:00,10/08/2013 00:00,"84.204.225.3","84.204.225.0","RU","net",27,8,1,01/08/2012 00:00,01/08/2012 00:00
469,"weightlossdallasweightloss.com",663,-1,1,1,13653,17566,13070,13/10/2009 00:00,27/05/2013 00:00,"149.47.132.220","149.47.132.0","US","com",13,3,1,27/06/2012 00:00,27/06/2012 00:00
470,"jusrun.com",26,-1,1,1,120,29,26,02/06/2013 00:00,15/07/2013 00:00,"184.168.221.55","184.168.221.0","US","com",13,6,1,30/06/2013 00:00,30/06/2013 00:00
471,"smsmty.com",512,-1,1,1,2823,357161,77977,13/01/2010 00:00,10/08/2013 00:00,"74.208.150.201","74.208.150.0","US","com",17,2,1,17/05/2012 00:00,17/05/2012 00:00
472,"myslee.de",25107,-1,1,1,866920,1466200,235894,03/02/2008 00:00,10/08/2013 00:00,"178.63.29.60","178.63.29.0","DE","de",47,15,1,06/02/2013 00:00,06/02/2013 00:00
473,"smile-med.com",4161,-1,1,1,41538,78398,18357,10/05/2010 00:00,10/08/2013 00:00,"184.168.152.45","184.168.152.0","US","com",24,4,1,14/06/2012 00:00,14/06/2012 00:00
474,"slolari.com",2084,-1,1,1,41448,25025,9755,08/03/2008 00:00,10/08/2013 00:00,"68.178.211.35","68.178.211.0","US","com",23,2,1,26/07/2012 00:00,26/07/2012 00:00
475,"webhide.de",294,-1,1,1,5084,4106630,365143,29/01/2008 00:00,15/11/2009 00:00,"62.116.181.25","62.116.181.0","DE","de",7,7,1,13/03/2009 00:00,13/03/2009 00:00
476,"sitesforums.com",263,-1,1,1,998,776434,69690,01/10/2009 00:00,10/08/2013 00:00,"208.87.35.103","208.87.35.0","BS","com",11,0,1,04/11/2010 00:00,04/11/2010 00:00
477,"puglund-putandtake.dk",520,-1,1,1,104967,3174,1893,20/05/2010 00:00,09/08/2013 00:00,"212.97.132.145","212.97.132.0","DK","dk",19,2,1,23/06/2010 00:00,02/07/2010 00:00
478,"buscatube.es",5,-1,1,1,5,154165,154164,28/01/2008 00:00,21/01/2013 00:00,"82.98.86.165","82.98.86.0","DE","es",0,0,1,03/12/2008 00:00,03/12/2008 00:00
479,"c2l.eu",31178,-1,1,1,1571076,1086222,283975,23/07/2009 00:00,10/08/2013 00:00,"188.121.55.128","188.121.55.0","NL","eu",57,15,1,03/07/2012 00:00,03/07/2012 00:00
480,"gasta.eu",307,-1,1,1,617030,1492725,1492725,21/01/2008 00:00,07/08/2013 00:00,"91.210.235.70","91.210.235.0","IE","eu",0,0,1,06/11/2010 00:00,06/11/2010 00:00
481,"shatterproofstudios.com",99,-1,1,1,368,227756,176496,11/07/2008 00:00,16/01/2010 00:00,"64.95.64.218","64.95.64.0","US","com",6,3,1,19/10/2009 00:00,19/10/2009 00:00
482,"shareideaonline.com",1083,-1,1,1,38661,11501433,230654,11/07/2010 00:00,18/07/2013 00:00,"208.87.35.103","208.87.35.0","BS","com",6,0,1,14/09/2010 00:00,14/09/2010 00:00
483,"weiborn.eu",503,-1,1,1,122089,3476,1721,20/05/2010 00:00,07/11/2011 00:00,"178.63.169.40","178.63.169.0","DE","eu",9,3,1,01/06/2010 00:00,01/06/2010 00:00
484,"sendmerss.com",1774,-1,1,1,782131,331669,244089,09/01/2008 00:00,10/08/2013 00:00,"50.63.202.36","50.63.202.0","US","com",35,19,1,08/05/2008 00:00,26/06/2008 00:00
485,"webmii.fr",27,-1,1,1,40253,625389,625388,12/11/2009 00:00,10/08/2013 00:00,"195.95.224.130","195.95.224.0","FR","fr",0,0,1,11/10/2011 00:00,22/11/2011 00:00
486,"searchenginecanada.com",3,-1,1,1,5,807260,807260,16/09/2008 00:00,14/02/2013 00:00,"50.63.202.90","50.63.202.0","US","com",0,0,1,04/02/2009 00:00,04/02/2009 00:00
487,"ruglish.com",4812,-1,1,1,31905,19690,9973,30/03/2008 00:00,10/08/2013 00:00,"72.18.139.34","72.18.139.0","US","com",17,3,1,15/01/2012 00:00,15/01/2012 00:00
488,"all-of-all.info",106,-1,1,1,137301,1293779,285470,13/01/2008 00:00,30/01/2012 00:00,"74.54.82.209","74.54.82.0","US","info",4,6,1,11/03/2010 00:00,11/03/2010 00:00
489,"alternativehealingvideos.info",2,-1,1,1,6,272845,272844,31/07/2010 00:00,31/07/2013 00:00,"96.125.162.232","96.125.162.0","US","info",0,0,1,29/09/2012 00:00,29/09/2012 00:00
490,"annarborblog.info",81,-1,1,1,1267,339,115,27/06/2009 00:00,13/01/2011 00:00,"74.125.43.121","74.125.43.0","US","info",7,3,1,15/08/2009 00:00,05/06/2011 00:00
491,"roseredmystery.com",172,-1,1,1,714,524,464,06/07/2009 00:00,07/01/2012 00:00,"208.73.210.209","208.73.210.0","US","com",7,6,1,06/11/2009 00:00,28/06/2011 00:00
492,"forosdeamor.info",5737,-1,1,1,68782,209542,76726,05/04/2008 00:00,10/08/2013 00:00,"209.141.53.69","209.141.53.0","US","info",13,5,1,07/01/2012 00:00,07/01/2012 00:00
493,"rollonvideo.com",615,-1,1,1,15950,1713021,120350,09/01/2008 00:00,30/01/2013 00:00,"199.59.243.107","199.59.243.0","US","com",11,7,1,20/10/2008 00:00,20/10/2008 00:00
494,"heritagedental.info",36,-1,1,1,801,257,213,28/04/2011 00:00,10/08/2013 00:00,"74.220.219.132","74.220.219.0","US","info",11,2,1,01/08/2013 00:00,01/08/2013 00:00
495,"recherchepuissante.com",786,-1,1,1,44426,11244314,314497,19/01/2008 00:00,30/07/2013 00:00,"23.23.210.22","23.23.210.0","US","com",15,6,1,29/01/2009 00:00,29/01/2009 00:00
496,"snhca.com",160,-1,1,1,395,182,89,08/02/2008 00:00,10/08/2013 00:00,"50.63.182.67","50.63.182.0","US","com",16,18,1,04/10/2012 00:00,30/06/2013 00:00
497,"propertycolchester.com",327,-1,1,1,1502,962911,406438,21/08/2009 00:00,16/12/2012 00:00,"82.98.86.172","82.98.86.0","DE","com",5,0,1,19/03/2010 00:00,19/03/2010 00:00
498,"findestars.de",675,-1,1,1,61898,2805023,443278,16/09/2008 00:00,26/06/2010 00:00,"82.98.86.179","82.98.86.0","DE","de",9,12,1,15/02/2009 00:00,15/02/2009 00:00
499,"bingg.biz",193,-1,1,1,228649,356225,22334,30/10/2009 00:00,21/01/2013 00:00,"184.168.221.88","184.168.221.0","US","biz",7,1,1,27/07/2010 00:00,27/07/2010 00:00
500,"vooria.com",1861,-1,1,1,89752,97316,39730,06/02/2008 00:00,10/08/2013 00:00,"85.25.246.181","85.25.246.0","DE","com",12,7,1,02/08/2010 00:00,02/08/2010 00:00
501,"vestainspections.com",153,-1,1,1,682,859,581,23/01/2008 00:00,30/07/2013 00:00,"50.116.99.156","50.116.99.0","US","com",16,9,1,01/03/2012 00:00,01/03/2012 00:00
502,"whatifiam.com",569,-1,1,1,15566,222371,61766,28/01/2010 00:00,10/08/2013 00:00,"110.4.45.111","110.4.45.0","MY","com",19,9,1,15/01/2012 00:00,15/01/2012 00:00
503,"venturesage.com",1,-1,1,1,9,174675,174675,30/07/2008 00:00,08/02/2013 00:00,"78.31.106.80","78.31.106.0","UK","com",0,0,1,16/06/2009 00:00,16/06/2009 00:00
504,"valdemor.com",15528,-1,1,1,318168,195213,88222,11/02/2008 00:00,10/08/2013 00:00,"80.93.62.125","80.93.62.0","RU","com",34,5,1,16/07/2013 00:00,16/07/2013 00:00
505,"wikiwak.com",5541,-1,1,1,331361,7281183,603947,10/11/2009 00:00,09/08/2013 00:00,"65.19.154.165","65.19.154.0","US","com",25,13,1,07/10/2010 00:00,07/10/2010 00:00
506,"wmiwebhosting.com",2,-1,1,1,5,117225,117225,19/08/2008 00:00,01/05/2011 00:00,"208.73.210.29","208.73.210.0","US","com",0,0,1,23/01/2009 00:00,23/01/2009 00:00
507,"wolfsecurityguard.com",14840,-1,1,1,162477,62922,25882,10/10/2008 00:00,10/08/2013 00:00,"69.50.215.238","69.50.215.0","US","com",32,9,1,26/07/2012 00:00,22/12/2012 00:00
508,"tuninghell.com",5173,-1,1,1,47131,418394,100703,09/07/2010 00:00,10/08/2013 00:00,"176.9.23.121","176.9.23.0","DE","com",43,6,1,22/06/2013 00:00,22/06/2013 00:00
509,"travel2vietnam.com",2,-1,1,1,18,131583,131583,19/01/2008 00:00,06/01/2010 00:00,"75.126.163.240","75.126.163.0","US","com",0,0,1,24/12/2008 00:00,24/12/2008 00:00
510,"vtk.be",25808,-1,1,1,310088,339706,182215,27/01/2008 00:00,08/08/2013 00:00,"193.190.253.102","193.190.253.0","BE","be",26,21,1,06/03/2012 00:00,06/03/2012 00:00
511,"agronomoandaluz.com",2155,-1,1,1,12282,26800,8143,20/02/2008 00:00,09/08/2013 00:00,"188.165.222.222","188.165.222.0","FR","com",18,6,1,27/02/2012 00:00,19/03/2012 00:00
512,"worthlessforums.com",14596,-1,1,1,241815,1236289,321023,12/01/2008 00:00,10/08/2013 00:00,"174.136.24.115","174.136.24.0","US","com",27,5,1,16/01/2012 00:00,16/01/2012 00:00
513,"yeketilawan.com",119,-1,1,1,3294,63347,20843,07/04/2011 00:00,10/08/2013 00:00,"46.30.211.53","46.30.211.0","DK","com",12,11,1,16/06/2012 00:00,16/06/2012 00:00
514,"yourcameraspot.com",5,-1,1,1,18,1426891,1426891,31/05/2008 00:00,08/08/2013 00:00,"208.87.35.103","208.87.35.0","BS","com",0,0,1,26/05/2010 00:00,26/05/2010 00:00
515,"yoursearchpro.com",2,-1,1,1,4,686343,686342,20/01/2008 00:00,19/12/2009 00:00,"67.215.66.132","67.215.66.0","US","com",0,0,1,29/01/2009 00:00,29/01/2009 00:00
516,"thekidscostumes.com",264,-1,1,1,18592,14916,4691,23/06/2010 00:00,01/07/2011 00:00,"97.74.186.50","97.74.186.0","US","com",9,7,1,20/03/2011 00:00,20/03/2011 00:00
517,"youthgolfclubsonline.com",71,-1,1,1,429,6327,1507,04/04/2011 00:00,16/07/2013 00:00,"184.173.234.155","184.173.234.0","US","com",16,0,1,27/08/2012 00:00,19/10/2012 00:00
518,"yzoosearch.com",3518,-1,1,1,386082,2881711,307292,02/05/2008 00:00,10/08/2013 00:00,"208.87.35.103","208.87.35.0","BS","com",16,6,1,17/04/2009 00:00,17/04/2009 00:00
519,"z7z7z.com",3741,-1,1,1,54223,2480389,735757,31/05/2008 00:00,10/08/2013 00:00,"173.236.69.91","173.236.69.0","US","com",25,5,1,30/06/2012 00:00,25/05/2013 00:00
520,"zoominforecruiting.com",1,-1,1,1,1,812388,812388,27/07/2008 00:00,06/02/2013 00:00,"207.106.190.10","207.106.190.0","US","com",0,0,1,28/11/2009 00:00,28/11/2009 00:00
521,"tennisfamilies.com",7,-1,1,1,12,626,277,29/11/2010 00:00,10/08/2013 00:00,"216.227.214.143","216.227.214.0","US","com",9,0,1,19/03/2013 00:00,09/07/2013 00:00
522,"surchur.com",14803,-1,1,1,569659,9964772,1020358,18/09/2008 00:00,10/08/2013 00:00,"208.82.99.240","208.82.99.0","US","com",23,27,1,14/06/2009 00:00,14/06/2009 00:00
523,"starrisecommunity.com",9360,-1,1,1,97171,49545,16882,25/01/2010 00:00,28/07/2013 00:00,"98.124.199.1","98.124.199.0","US","com",23,4,1,20/03/2012 00:00,20/03/2012 00:00
524,"sportsabilities.com",127,-1,1,1,193917,2738,2649,13/01/2012 00:00,10/08/2013 00:00,"67.20.76.107","67.20.76.0","US","com",36,12,1,04/07/2013 00:00,04/07/2013 00:00
525,"soifind.com",54,-1,1,1,5841,1266506,1266506,23/11/2008 00:00,03/06/2013 00:00,"74.3.235.18","74.3.235.0","US","com",0,0,1,26/06/2012 00:00,26/06/2012 00:00
526,"openseoproject.info",9,-1,1,1,14,1509832,1509832,22/01/2008 00:00,25/07/2013 00:00,"82.98.86.168","82.98.86.0","DE","info",0,0,1,31/10/2010 00:00,31/10/2010 00:00
527,"propertycambridge.com",25,-1,1,1,5727,849268,849268,20/12/2008 00:00,28/12/2012 00:00,"64.95.64.218","64.95.64.0","US","com",0,0,1,30/10/2010 00:00,30/10/2010 00:00
528,"potter-mania.com",2331,-1,1,1,651890,829150,317376,09/01/2008 00:00,10/08/2013 00:00,"87.239.158.52","87.239.158.0","BG","com",32,15,1,29/04/2012 00:00,29/04/2012 00:00
529,"nancysquiltshop.com",520,-1,1,1,7701,477,163,20/07/2008 00:00,21/07/2013 00:00,"67.215.66.132","67.215.66.0","US","com",11,17,1,19/04/2011 00:00,15/10/2011 00:00
530,"mysearchkeywords.com",682,-1,1,1,343314,686576,54864,08/01/2010 00:00,04/08/2013 00:00,"82.98.86.173","82.98.86.0","DE","com",12,1,1,07/03/2010 00:00,07/03/2010 00:00
531,"muleburra.com",991,-1,1,1,82914,12426,3799,14/01/2008 00:00,19/10/2012 00:00,"72.44.93.124","72.44.93.0","US","com",15,8,1,02/05/2012 00:00,02/05/2012 00:00
532,"filecourse.net",1091,-1,1,1,194105,388609,294565,25/01/2008 00:00,10/08/2013 00:00,"205.252.49.236","205.252.49.0","US","net",17,7,1,07/12/2009 00:00,07/12/2009 00:00
533,"bakeryrecipes.co.cc",1,-1,1,1,1,183978,183977,11/08/2009 00:00,28/01/2013 00:00,"112.175.243.23","112.175.243.0","KR","cc",0,0,1,03/11/2009 00:00,03/11/2009 00:00
534,"mooringsworld.com",0,-1,1,1,0,182625,182625,08/07/2008 00:00,19/08/2009 00:00,"","","","com",0,0,1,20/06/2009 00:00,20/06/2009 00:00
535,"icredits.net",6,-1,1,1,12,1020826,1020826,13/04/2008 00:00,10/08/2013 00:00,"174.37.183.99","174.37.183.0","US","net",0,0,1,05/03/2009 00:00,05/03/2009 00:00
536,"i-put-you.cc",354,-1,1,1,4918,4602,3445,06/11/2011 00:00,10/08/2013 00:00,"80.67.28.225","80.67.28.0","DE","cc",19,6,1,10/06/2012 00:00,10/06/2012 00:00
537,"michaelhoover.com",776,-1,1,1,164693,390665,37033,16/01/2008 00:00,10/08/2013 00:00,"69.163.206.212","69.163.206.0","US","com",20,18,1,18/04/2011 00:00,31/05/2011 00:00
538,"kuote.net",0,-1,1,1,0,431293,431292,03/12/2008 00:00,22/11/2009 00:00,"210.253.127.9","210.253.127.0","JP","net",0,0,1,22/05/2009 00:00,22/05/2009 00:00
539,"linktimer.net",502,-1,1,1,7086,15135,13553,10/09/2010 00:00,07/08/2013 00:00,"64.120.238.150","64.120.238.0","US","net",8,0,1,27/01/2011 00:00,03/02/2011 00:00
540,"lovely-world.net",1191,-1,1,1,604500,66475,34515,15/01/2011 00:00,10/08/2013 00:00,"78.46.66.49","78.46.66.0","DE","net",25,6,1,28/02/2013 00:00,28/02/2013 00:00
541,"medicalmarijuanalouisiana.net",46,-1,1,1,246,4614,4246,28/02/2013 00:00,10/08/2013 00:00,"50.63.120.1","50.63.120.0","US","net",15,0,1,11/04/2013 00:00,08/08/2013 00:00
542,"matickos.com",682,-1,1,1,5175,31527,12667,17/01/2008 00:00,10/08/2013 00:00,"69.89.22.108","69.89.22.0","US","com",21,8,1,30/07/2012 00:00,25/05/2013 00:00
543,"medicalmarijuanamissouri.net",351,-1,1,1,4751,4558,3804,17/12/2010 00:00,10/08/2013 00:00,"50.63.120.1","50.63.120.0","US","net",25,4,1,18/04/2013 00:00,23/07/2013 00:00
544,"medicalmarijuanatexas.net",72,-1,1,1,508,4443,3930,24/02/2013 00:00,10/08/2013 00:00,"50.63.120.1","50.63.120.0","US","net",16,2,1,18/04/2013 00:00,22/07/2013 00:00
545,"markuweb.com",175,-1,1,1,629,99327,70414,20/02/2013 00:00,30/05/2013 00:00,"198.154.211.220","198.154.211.0","US","com",4,9,1,25/03/2013 00:00,02/05/2013 00:00
546,"mobilebrowsing.net",3,-1,1,1,3,883772,883772,30/01/2008 00:00,30/01/2013 00:00,"69.43.161.167","69.43.161.0","US","net",0,0,1,15/02/2009 00:00,15/02/2009 00:00
547,"webbugle.com",187,-1,1,1,488,10540,10427,01/03/2012 00:00,10/08/2013 00:00,"184.168.221.59","184.168.221.0","US","com",7,1,1,09/11/2011 00:00,19/11/2011 00:00
548,"lvbrainiacs.com",3,-1,1,1,3,357,293,14/08/2010 00:00,10/08/2013 00:00,"66.147.242.189","66.147.242.0","US","com",0,0,1,27/03/2013 00:00,27/03/2013 00:00
549,"list-corp.com",3946,-1,1,1,157130,2180466,407329,11/01/2008 00:00,10/08/2013 00:00,"207.98.206.30","207.98.206.0","US","com",28,13,1,12/06/2008 00:00,16/04/2013 00:00
550,"paage.net",0,-1,1,1,0,368567,368566,06/11/2008 00:00,28/11/2009 00:00,"","","","net",0,0,1,27/05/2009 00:00,27/05/2009 00:00
551,"lindewei.com",1356,-1,1,1,10833,7074,3215,15/10/2010 00:00,10/08/2013 00:00,"97.74.215.236","97.74.215.0","US","com",28,2,1,15/06/2012 00:00,15/06/2012 00:00
552,"kr3at.com",361,-1,1,1,39719,1765084,147680,19/01/2008 00:00,10/08/2013 00:00,"50.63.202.54","50.63.202.0","US","com",9,10,1,17/10/2008 00:00,17/10/2008 00:00
553,"kanmerkezi.com",1161,-1,1,1,6106,128530,41390,27/01/2009 00:00,10/08/2013 00:00,"68.178.232.56","68.178.232.0","US","com",22,1,1,28/05/2013 00:00,06/08/2013 00:00
554,"nevada-webbusiness.com",19,-1,1,1,1108,132632,43864,20/02/2013 00:00,10/08/2013 00:00,"108.163.173.138","108.163.173.0","CA","com",12,5,1,24/04/2013 00:00,21/07/2013 00:00
555,"el-rincon.net",809,-1,1,1,4217,118939,40639,28/01/2008 00:00,10/08/2013 00:00,"217.76.130.52","217.76.130.0","ES","net",25,0,1,03/08/2012 00:00,03/08/2012 00:00
556,"nevadaadrc.com",133,-1,1,1,1872,248348,100107,03/06/2008 00:00,10/08/2013 00:00,"205.186.182.63","205.186.182.0","US","com",15,24,1,13/10/2008 00:00,13/10/2008 00:00
557,"nvseniorguide.com",276,-1,1,1,3364,17347,15820,02/05/2009 00:00,31/07/2013 00:00,"50.22.35.189","50.22.35.0","US","com",28,25,1,10/06/2009 00:00,10/06/2009 00:00
558,"sevgilim.info",2,-1,1,1,2,394488,394487,19/02/2009 00:00,12/11/2009 00:00,"82.98.86.163","82.98.86.0","DE","info",4,0,1,15/10/2009 00:00,15/10/2009 00:00
559,"teamcb.info",1705,-1,1,1,7523,117090,38730,28/04/2009 00:00,10/08/2013 00:00,"208.109.181.179","208.109.181.0","US","info",22,3,1,08/01/2012 00:00,08/01/2012 00:00
560,"pigletsquid.com",53,-1,1,1,308,2058,85,13/12/2011 00:00,10/08/2013 00:00,"67.23.166.25","67.23.166.0","US","com",13,0,1,20/06/2012 00:00,20/06/2012 00:00
561,"picture2video.com",1033,-1,1,1,4707,1427,982,05/08/2008 00:00,17/06/2013 00:00,"199.59.243.105","199.59.243.0","US","com",10,5,1,07/11/2011 00:00,07/11/2011 00:00
562,"worldbestnews.info",497,-1,1,1,999,4704,4059,22/05/2010 00:00,26/01/2013 00:00,"72.215.225.9","72.215.225.0","US","info",17,6,1,10/08/2010 00:00,10/08/2010 00:00
563,"efco.ir",96,-1,1,1,4390,2485,1803,05/10/2009 00:00,01/07/2013 00:00,"209.190.121.38","209.190.121.0","US","ir",7,2,1,28/04/2012 00:00,28/04/2012 00:00
564,"perkymomsvids.com",2719,-1,1,1,38362,7750,4283,30/01/2008 00:00,10/08/2013 00:00,"74.117.179.23","74.117.179.0","US","com",23,6,1,03/07/2012 00:00,03/07/2012 00:00
565,"msghelp.it",3864,-1,1,1,76002,282611,107354,22/03/2008 00:00,22/07/2013 00:00,"216.8.179.25","216.8.179.0","CA","it",20,7,1,29/03/2012 00:00,29/03/2012 00:00
566,"caas.jp",3496,-1,1,1,1159049,76146,58458,24/01/2008 00:00,10/08/2013 00:00,"203.142.194.226","203.142.194.0","JP","jp",54,32,1,03/07/2012 00:00,03/07/2012 00:00
567,"nedpy.co.kr",66,-1,1,1,12032,171888,53630,01/03/2009 00:00,30/07/2011 00:00,"222.122.86.217","222.122.86.0","KR","kr",7,0,1,15/08/2009 00:00,15/08/2009 00:00
568,"mz.gov.kz",3296,-1,1,1,632811,305376,194092,24/01/2008 00:00,10/08/2013 00:00,"212.19.129.155","212.19.129.0","KZ","kz",30,34,1,11/01/2012 00:00,01/02/2012 00:00
569,"knpr.mobi",0,-1,1,1,0,57024,57024,17/01/2011 00:00,10/08/2013 00:00,"108.166.65.135","108.166.65.0","US","mobi",0,0,1,17/12/2012 00:00,17/12/2012 00:00
570,"jamesadamselectric.com",687,-1,1,1,12957,21168,19773,21/06/2012 00:00,10/08/2013 00:00,"184.168.139.1","184.168.139.0","US","com",25,3,1,16/03/2013 00:00,14/07/2013 00:00
571,"penciljutsu.com",66,-1,1,1,956,458398,245253,09/01/2008 00:00,08/03/2010 00:00,"174.36.12.192","174.36.12.0","US","com",5,9,1,06/01/2010 00:00,06/01/2010 00:00
572,"parentworld.com",1101,-1,1,1,1303781,144184,51254,10/01/2008 00:00,24/07/2013 00:00,"72.9.151.56","72.9.151.0","US","com",13,14,1,26/02/2012 00:00,09/04/2012 00:00
573,"outernews.com",1705,-1,1,1,513804,5016650,295926,29/05/2010 00:00,13/02/2013 00:00,"63.156.206.202","63.156.206.0","US","com",8,0,1,20/09/2010 00:00,20/09/2010 00:00
574,"anychannel.net",1,-1,1,1,1,1236738,1236737,27/01/2008 00:00,17/02/2013 00:00,"174.137.132.36","174.137.132.0","US","net",0,0,1,12/08/2010 00:00,12/08/2010 00:00
575,"bclock.net",433,-1,1,1,344220,3364133,830465,13/07/2009 00:00,25/10/2012 00:00,"133.242.23.147","133.242.23.0","JP","net",7,3,1,06/02/2011 00:00,06/02/2011 00:00
576,"buyincabo.net",2,-1,1,1,2,414848,414848,08/04/2008 00:00,18/07/2013 00:00,"208.87.35.103","208.87.35.0","BS","net",0,0,1,27/05/2009 00:00,27/05/2009 00:00
577,"otherextension.com",2193,-1,1,1,189191,538796,84159,29/11/2009 00:00,10/08/2013 00:00,"188.138.91.93","188.138.91.0","DE","com",16,1,1,03/10/2012 00:00,03/10/2012 00:00
578,"onemillionmacs.com",133,-1,1,1,834,680,591,24/02/2008 00:00,07/08/2013 00:00,"174.123.112.194","174.123.112.0","US","com",13,5,1,20/09/2011 00:00,20/09/2011 00:00
579,"favorieten.be",2,-1,1,1,3,145373,145373,28/11/2008 00:00,10/07/2009 00:00,"67.215.66.132","67.215.66.0","US","be",0,0,1,23/06/2009 00:00,23/06/2009 00:00
580,"offshoresailingab.com",647,-1,1,1,2118,87716,22869,16/07/2008 00:00,10/08/2013 00:00,"46.30.211.49","46.30.211.0","DK","com",19,0,1,25/03/2013 00:00,19/07/2013 00:00
581,"dipset-eo.net",4840,-1,1,1,231753,20337,4165,16/03/2009 00:00,20/08/2012 00:00,"46.30.211.51","46.30.211.0","DK","net",12,1,1,29/03/2012 00:00,29/03/2012 00:00
582,"dreamztech.net",668,-1,1,1,3954,1370,974,14/07/2008 00:00,10/08/2013 00:00,"173.201.76.110","173.201.76.0","US","net",13,2,1,22/07/2012 00:00,22/07/2012 00:00
583,"e-headhunters.net",15886,-1,1,1,485844,333674,218285,27/01/2008 00:00,10/08/2013 00:00,"69.170.135.92","69.170.135.0","US","net",25,1,1,17/12/2010 00:00,17/12/2010 00:00
584,"1581688.net",40,-1,1,1,41819,2505,2361,28/02/2013 00:00,10/08/2013 00:00,"182.18.27.102","182.18.27.0","CN","net",14,8,1,28/03/2013 00:00,06/08/2013 00:00
585,"alarabia-traveltours.com",752,-1,1,1,10577,273961,79865,17/09/2010 00:00,10/08/2013 00:00,"210.5.47.102","210.5.47.0","MY","com",18,2,1,12/06/2012 00:00,12/06/2012 00:00
