"Position","Domain","RefDomains","AlexaRank","Matches","MatchedLinks","ExtBackLinks","IndexedURLs","CrawledURLs","FirstCrawled","LastSuccessfulCrawl","IP","SubNet","CountryCode","TLD","CitationFlow","TrustFlow","BackLinks_pharmacycompany.com","FirstLinkDate_pharmacycompany.com","LastLinkDate_pharmacycompany.com"
1,"tooclothesminded.com",332,-1,1,483,19284,32564,27768,04/01/2011 00:00,02/08/2013 00:00,"173.201.1.1","173.201.1.0","US","com",19,2,483,06/05/2012 00:00,08/04/2013 00:00
2,"vrgdt.se",209,-1,1,188,1586,50283,22114,27/12/2009 00:00,08/08/2013 00:00,"46.30.211.51","46.30.211.0","DK","se",18,9,188,12/05/2012 00:00,30/05/2012 00:00
3,"diktiergeraete-forum.de",5866,-1,1,21,30357,328179,171529,01/02/2010 00:00,26/07/2013 00:00,"85.13.133.58","85.13.133.0","DE","de",36,12,21,07/03/2013 00:00,20/04/2013 00:00
4,"babydaddyguru.com",50,-1,1,16,2829,44274,37083,21/06/2012 00:00,10/08/2013 00:00,"69.195.82.156","69.195.82.0","US","com",20,3,16,08/03/2013 00:00,08/03/2013 00:00
5,"winrxrefill.com",513,795235,1,14,283652,2418,2235,10/11/2010 00:00,08/08/2013 00:00,"207.150.197.231","207.150.197.0","US","com",29,29,14,27/05/2013 00:00,29/05/2013 00:00
6,"alpvideo.ru",322,-1,1,13,8816,46144,33601,13/02/2009 00:00,10/08/2013 00:00,"188.128.85.11","188.128.85.0","RU","ru",13,13,13,20/04/2012 00:00,15/08/2012 00:00
7,"canucks.com",13594,69499,1,10,1708804,10560444,1625584,13/01/2008 00:00,10/08/2013 00:00,"8.20.73.150","8.20.73.0","US","com",34,43,10,10/04/2012 00:00,10/04/2012 00:00
8,"praxishomepage.de",600,-1,1,10,6681,20800,14226,20/01/2008 00:00,10/08/2013 00:00,"85.236.48.180","85.236.48.0","DE","de",25,19,10,26/02/2013 00:00,22/07/2013 00:00
9,"inzipfo.com",526,-1,1,9,15427,16282,7503,15/05/2010 00:00,08/08/2013 00:00,"72.29.74.243","72.29.74.0","US","com",12,10,9,09/05/2011 00:00,28/09/2011 00:00
10,"medicalmarijuanalouisiana.net",46,-1,1,8,246,4614,4246,28/02/2013 00:00,10/08/2013 00:00,"50.63.120.1","50.63.120.0","US","net",15,0,8,23/02/2013 00:00,27/07/2013 00:00
11,"backpainunitedstates.com",625,928947,1,7,19596,26962,14780,25/11/2010 00:00,10/08/2013 00:00,"184.173.193.62","184.173.193.0","US","com",28,2,7,23/04/2012 00:00,12/06/2012 00:00
12,"medicalmarijuanamissouri.net",351,-1,1,7,4751,4558,3804,17/12/2010 00:00,10/08/2013 00:00,"50.63.120.1","50.63.120.0","US","net",25,4,7,06/03/2013 00:00,09/08/2013 00:00
13,"cmalv.com",12,-1,1,6,13844,192,98,14/06/2012 00:00,09/08/2013 00:00,"97.74.144.160","97.74.144.0","US","com",9,28,6,17/11/2012 00:00,01/03/2013 00:00
14,"medicalmarijuanatexas.net",72,-1,1,6,508,4443,3930,24/02/2013 00:00,10/08/2013 00:00,"50.63.120.1","50.63.120.0","US","net",16,2,6,23/02/2013 00:00,23/07/2013 00:00
15,"lvchamber.com",9595,463083,1,5,2178445,184573,151507,06/02/2008 00:00,10/08/2013 00:00,"24.120.122.10","24.120.122.0","US","com",39,52,5,16/05/2012 00:00,07/05/2013 00:00
16,"howth.net",26,-1,1,5,6913,896006,896005,09/06/2009 00:00,28/06/2013 00:00,"82.98.86.171","82.98.86.0","DE","net",0,0,5,16/06/2010 00:00,13/08/2010 00:00
17,"zipcodemagazines.com",77,-1,1,5,22144,18488,14153,22/06/2012 00:00,10/08/2013 00:00,"72.29.74.243","72.29.74.0","US","com",32,9,5,30/07/2012 00:00,05/07/2013 00:00
18,"accepa.com.au",64,-1,1,5,108,1892,1186,23/03/2013 00:00,10/08/2013 00:00,"65.99.229.21","65.99.229.0","US","au",16,3,5,31/07/2013 00:00,10/08/2013 00:00
19,"kpbs.org",55974,82840,1,4,2550394,516237,321790,09/01/2008 00:00,10/08/2013 00:00,"208.91.60.6","208.91.60.0","US","org",54,53,4,02/08/2011 00:00,21/10/2011 00:00
20,"thestatedtruth.com",11307,837392,1,4,225358,75558,53300,02/01/2010 00:00,10/08/2013 00:00,"184.168.58.1","184.168.58.0","US","com",45,5,4,24/04/2012 00:00,13/07/2012 00:00
21,"fronterasdesk.org",2600,859095,1,4,243675,50971,39863,07/04/2011 00:00,10/08/2013 00:00,"208.91.60.6","208.91.60.0","US","org",37,37,4,11/08/2011 00:00,31/05/2013 00:00
22,"medicalmarijuananebraska.net",140,-1,1,4,1231,5395,4821,26/02/2013 00:00,10/08/2013 00:00,"50.63.120.1","50.63.120.0","US","net",22,2,4,28/04/2013 00:00,09/08/2013 00:00
23,"medicalmarijuanamississippi.org",63,-1,1,4,518,4119,3715,04/03/2013 00:00,10/08/2013 00:00,"50.63.120.1","50.63.120.0","US","org",15,0,4,11/03/2013 00:00,08/08/2013 00:00
24,"medicalmarijuananorthcarolina.org",75,-1,1,4,275,3915,3635,17/07/2012 00:00,10/08/2013 00:00,"50.63.120.1","50.63.120.0","US","org",16,0,4,23/02/2013 00:00,31/07/2013 00:00
25,"bulgoldens.com",7452,-1,1,4,46729,353617,147115,01/02/2008 00:00,10/08/2013 00:00,"87.120.40.33","87.120.40.0","BG","com",37,20,4,23/08/2012 00:00,23/08/2012 00:00
26,"medicalmarijuanaiowa.org",67,-1,1,4,457,4049,3485,19/06/2012 00:00,10/08/2013 00:00,"50.63.120.1","50.63.120.0","US","org",16,0,4,12/03/2013 00:00,08/08/2013 00:00
27,"medicalmarijuanamississippi.net",114,-1,1,4,1240,6069,5018,27/02/2013 00:00,10/08/2013 00:00,"50.63.120.1","50.63.120.0","US","net",20,0,4,21/04/2013 00:00,25/07/2013 00:00
28,"wildhogs.se",130,-1,1,4,23864,2225,1793,15/06/2012 00:00,10/08/2013 00:00,"46.30.211.53","46.30.211.0","DK","se",21,2,4,01/03/2013 00:00,10/08/2013 00:00
29,"yellowpages.com",331984,559,1,3,43366383,90346516,1438715,09/01/2008 00:00,10/08/2013 00:00,"208.93.105.105","208.93.105.0","US","com",58,61,3,08/05/2013 00:00,08/05/2013 00:00
30,"omfg.fm",5641,752313,1,3,98122,46527,38845,09/03/2010 00:00,04/08/2013 00:00,"69.194.230.51","69.194.230.0","US","fm",34,15,3,31/03/2013 00:00,31/03/2013 00:00
31,"nevadabusiness.com",2794,767221,1,3,219123,59227,49877,04/02/2008 00:00,10/08/2013 00:00,"64.207.186.197","64.207.186.0","US","com",34,31,3,31/05/2013 00:00,31/05/2013 00:00
32,"medicalmarijuanamassachusetts.com",229,-1,1,3,1535,5193,4643,28/02/2013 00:00,10/08/2013 00:00,"50.63.120.1","50.63.120.0","US","com",23,2,3,16/04/2013 00:00,31/07/2013 00:00
33,"propertyblackburn.com",22,-1,1,3,6514,543997,543997,05/07/2009 00:00,10/07/2013 00:00,"202.218.172.59","202.218.172.0","JP","com",0,0,3,25/05/2010 00:00,27/12/2011 00:00
34,"queensisland.com",19,-1,1,3,5902,1226487,1226487,15/07/2009 00:00,12/01/2013 00:00,"82.98.86.178","82.98.86.0","DE","com",0,0,3,11/06/2010 00:00,05/07/2010 00:00
35,"leisuresea.net",520,-1,1,3,17134,415918,178702,03/09/2010 00:00,10/08/2013 00:00,"97.74.215.167","97.74.215.0","US","net",8,1,3,12/04/2012 00:00,12/04/2012 00:00
36,"medicalmarijuanaindiana.org",58,-1,1,3,460,4134,3569,19/06/2012 00:00,10/08/2013 00:00,"50.63.120.1","50.63.120.0","US","org",17,2,3,23/02/2013 00:00,11/07/2013 00:00
37,"rtwstudios.com",33,-1,1,3,223,12360,6045,13/02/2011 00:00,10/08/2013 00:00,"72.167.183.40","72.167.183.0","US","com",17,0,3,03/05/2012 00:00,03/05/2012 00:00
38,"medicalmarijuanaconnecticut.net",33,-1,1,3,269,3623,3346,26/02/2013 00:00,01/08/2013 00:00,"50.63.120.1","50.63.120.0","US","net",11,0,3,15/07/2013 00:00,25/07/2013 00:00
39,"medicalmarijuanakansas.org",130,-1,1,3,1340,4738,3934,28/02/2013 00:00,10/08/2013 00:00,"50.63.120.1","50.63.120.0","US","org",20,1,3,03/03/2013 00:00,04/08/2013 00:00
40,"malapolska.in",153,-1,1,3,987,46149,30801,10/12/2008 00:00,07/04/2013 00:00,"198.58.93.40","198.58.93.0","US","in",6,2,3,30/04/2012 00:00,06/07/2012 00:00
41,"andersonstown.net",2,-1,1,3,3,403017,403016,10/06/2009 00:00,09/08/2013 00:00,"208.87.35.103","208.87.35.0","BS","net",0,0,3,01/10/2010 00:00,01/10/2010 00:00
42,"medicalmarijuanamaryland.org",121,-1,1,3,799,4393,3758,19/06/2012 00:00,10/08/2013 00:00,"50.63.120.1","50.63.120.0","US","org",19,0,3,19/06/2013 00:00,05/08/2013 00:00
43,"medicalmarijuanatennessee.net",382,-1,1,3,12038,4675,3941,06/02/2013 00:00,10/08/2013 00:00,"50.63.120.1","50.63.120.0","US","net",26,2,3,02/03/2013 00:00,08/08/2013 00:00
44,"medicalmarijuananewhampshire.org",102,-1,1,3,500,4821,4055,01/03/2013 00:00,10/08/2013 00:00,"50.63.120.1","50.63.120.0","US","org",20,0,3,25/03/2013 00:00,09/08/2013 00:00
45,"messiahbaptist-ct.org",1111,-1,1,3,6028,1448,946,16/07/2008 00:00,10/08/2013 00:00,"68.178.232.95","68.178.232.0","US","org",24,3,3,12/07/2012 00:00,26/07/2012 00:00
46,"bajatetumusica.com.ar",947,-1,1,3,125504,233219,33083,23/03/2010 00:00,10/08/2013 00:00,"190.228.29.81","190.228.29.0","AR","ar",29,5,3,30/03/2012 00:00,30/03/2012 00:00
47,"gopher.co",1,-1,1,3,2,75338,75337,31/01/2011 00:00,10/08/2013 00:00,"173.201.198.128","173.201.198.0","US","co",6,0,3,08/06/2012 00:00,19/09/2012 00:00
48,"nikol.net.ru",9336,-1,1,3,103125,200981,59793,04/11/2008 00:00,01/08/2013 00:00,"80.93.49.30","80.93.49.0","RU","ru",27,5,3,23/10/2012 00:00,29/07/2013 00:00
49,"dallasdiamondsfootball.com",9789,-1,1,3,67517,70877,41269,12/01/2008 00:00,10/08/2013 00:00,"216.185.152.158","216.185.152.0","US","com",37,18,3,10/07/2012 00:00,17/07/2012 00:00
50,"umm.ac.id",14891,64874,1,2,425173,1592531,373999,29/01/2008 00:00,10/08/2013 00:00,"202.52.52.3","202.52.52.0","ID","id",35,24,2,05/08/2012 00:00,31/05/2013 00:00
51,"shakhtar.com",20235,73829,1,2,1035232,944482,163043,16/01/2008 00:00,10/08/2013 00:00,"62.149.13.1","62.149.13.0","UA","com",51,53,2,05/08/2012 00:00,05/08/2012 00:00
52,"vegasinc.com",34457,93002,1,2,6730893,57115,48101,13/04/2011 00:00,10/08/2013 00:00,"138.210.151.139","138.210.151.0","US","com",50,42,2,20/05/2013 00:00,23/05/2013 00:00
53,"knpr.org",7367,838266,1,2,2535069,63641,39129,21/01/2008 00:00,10/08/2013 00:00,"66.209.79.122","66.209.79.0","US","org",44,41,2,08/08/2011 00:00,02/06/2013 00:00
54,"nepalitube.com",2024,873185,1,2,100072,4831638,1040270,26/08/2008 00:00,10/08/2013 00:00,"64.150.187.4","64.150.187.0","US","com",25,10,2,02/05/2012 00:00,04/07/2012 00:00
55,"weightlossdallasweightloss.com",663,-1,1,2,13653,17566,13070,13/10/2009 00:00,27/05/2013 00:00,"149.47.132.220","149.47.132.0","US","com",13,3,2,04/07/2012 00:00,04/07/2012 00:00
56,"makemeablogger.com",44605,-1,1,2,1041165,835642,239770,28/11/2008 00:00,10/08/2013 00:00,"67.222.101.40","67.222.101.0","US","com",31,11,2,04/07/2012 00:00,03/08/2012 00:00
57,"medicalmarijuanaidaho.net",139,-1,1,2,1316,4784,4284,26/02/2013 00:00,10/08/2013 00:00,"50.63.120.1","50.63.120.0","US","net",24,2,2,15/05/2013 00:00,22/07/2013 00:00
58,"maxpellblog.com",274,-1,1,2,2949,44143,13992,02/01/2011 00:00,10/08/2013 00:00,"173.201.146.128","173.201.146.0","US","com",23,19,2,15/04/2012 00:00,15/04/2012 00:00
59,"medicalmarijuanamassachusetts.net",111,-1,1,2,315,4112,3696,28/02/2013 00:00,10/08/2013 00:00,"50.63.120.1","50.63.120.0","US","net",19,0,2,28/02/2013 00:00,04/03/2013 00:00
60,"antrimtown.com",25,-1,1,2,48,868829,868828,27/09/2009 00:00,22/07/2013 00:00,"82.98.86.174","82.98.86.0","DE","com",0,0,2,29/04/2010 00:00,29/04/2010 00:00
61,"tuninghell.com",5173,-1,1,2,47131,418394,100703,09/07/2010 00:00,10/08/2013 00:00,"176.9.23.121","176.9.23.0","DE","com",43,6,2,15/08/2012 00:00,15/08/2012 00:00
62,"adult-psp.com",963,-1,1,2,18970,53859,39899,07/03/2008 00:00,10/08/2013 00:00,"66.254.117.17","66.254.117.0","US","com",26,8,2,24/07/2012 00:00,24/07/2012 00:00
63,"web3.nl",6313,-1,1,2,406926,340796,118007,14/01/2008 00:00,10/08/2013 00:00,"46.51.195.120","46.51.195.0","IE","nl",38,18,2,24/04/2012 00:00,15/07/2013 00:00
64,"thuwal-net.com",2038,-1,1,2,37100,156935,57721,22/10/2008 00:00,10/08/2013 00:00,"173.193.192.33","173.193.192.0","US","com",27,5,2,15/05/2013 00:00,24/05/2013 00:00
65,"adultchatbbs.com",720,-1,1,2,80374,86305,55987,21/12/2011 00:00,10/08/2013 00:00,"108.170.23.218","108.170.23.0","US","com",9,4,2,18/03/2013 00:00,04/08/2013 00:00
66,"boatyard.ru",7033,-1,1,2,173747,147760,56610,20/01/2008 00:00,29/09/2012 00:00,"67.215.66.132","67.215.66.0","US","ru",14,14,2,24/07/2012 00:00,01/08/2012 00:00
67,"allcanadalinks.com",155,-1,1,2,287713,828768,88211,09/01/2008 00:00,25/07/2013 00:00,"184.173.192.227","184.173.192.0","US","com",9,8,2,01/08/2012 00:00,01/08/2012 00:00
68,"propertybrighton.com",15,-1,1,2,24,551787,551787,29/09/2008 00:00,28/12/2012 00:00,"82.98.86.172","82.98.86.0","DE","com",0,0,2,15/10/2010 00:00,15/10/2010 00:00
69,"allyourlinks.com",194,-1,1,2,364055,1161158,124229,13/01/2008 00:00,24/07/2013 00:00,"184.173.192.227","184.173.192.0","US","com",9,8,2,05/07/2012 00:00,05/07/2012 00:00
70,"medicalmarijuanavirginia.net",49,-1,1,2,514,3954,3692,26/02/2013 00:00,10/08/2013 00:00,"50.63.120.1","50.63.120.0","US","net",15,0,2,17/04/2013 00:00,31/07/2013 00:00
71,"ressidan.com",2077,-1,1,2,13243,111901,43261,05/02/2008 00:00,10/08/2013 00:00,"46.30.211.51","46.30.211.0","DK","com",32,8,2,31/07/2012 00:00,09/08/2013 00:00
72,"mygaydvd.com",102,-1,1,2,4749,1285,1107,20/10/2011 00:00,10/08/2013 00:00,"184.173.28.165","184.173.28.0","US","com",16,1,2,21/04/2012 00:00,11/07/2012 00:00
73,"partners4results.org",635,-1,1,2,78712,8268,4243,27/08/2008 00:00,10/08/2013 00:00,"96.30.242.78","96.30.242.0","US","org",15,16,2,03/04/2012 00:00,21/07/2012 00:00
74,"hqsocken.de",1929,-1,1,2,11350,44809,24203,13/07/2008 00:00,18/07/2013 00:00,"87.238.192.101","87.238.192.0","DE","de",13,2,2,26/07/2012 00:00,22/12/2012 00:00
75,"mufcsearch.co.uk",19,-1,1,2,23,464084,464083,28/02/2010 00:00,17/01/2013 00:00,"91.210.235.70","91.210.235.0","IE","uk",0,0,2,11/05/2012 00:00,11/05/2012 00:00
76,"dublinproperties.com",13,-1,1,2,1626,1028468,1028468,01/05/2009 00:00,12/02/2013 00:00,"82.98.86.169","82.98.86.0","DE","com",0,0,2,25/02/2010 00:00,25/02/2010 00:00
77,"etf-trend.com",688,-1,1,2,14661,111684,18149,22/12/2011 00:00,10/08/2013 00:00,"67.231.240.66","67.231.240.0","US","com",25,1,2,14/06/2012 00:00,04/07/2012 00:00
78,"heritagedental.info",36,-1,1,2,801,257,213,28/04/2011 00:00,10/08/2013 00:00,"74.220.219.132","74.220.219.0","US","info",11,2,2,08/04/2013 00:00,15/07/2013 00:00
79,"flexfinder.com",2309,-1,1,2,9023,1896499,189389,07/02/2008 00:00,09/01/2013 00:00,"67.215.66.132","67.215.66.0","US","com",12,25,2,02/10/2010 00:00,02/10/2010 00:00
80,"medicalmarijuanawisconsin.org",355,-1,1,2,3361,8711,4318,22/10/2010 00:00,10/08/2013 00:00,"50.63.120.1","50.63.120.0","US","org",25,0,2,04/05/2013 00:00,17/07/2013 00:00
81,"forumenfes.com",3002,-1,1,2,17912,133451,35508,25/09/2010 00:00,10/03/2013 00:00,"85.17.137.82","85.17.137.0","NL","com",14,1,2,18/07/2012 00:00,18/07/2012 00:00
82,"go-green-now.info",62,-1,1,2,82179,640306,121421,10/06/2010 00:00,27/01/2013 00:00,"31.31.73.93","31.31.73.0","CZ","info",10,0,2,20/09/2010 00:00,09/10/2010 00:00
83,"eforumz.net",17467,-1,1,2,308043,211151,90200,15/08/2010 00:00,10/08/2013 00:00,"46.252.207.1","46.252.207.0","NL","net",34,4,2,04/05/2013 00:00,04/05/2013 00:00
84,"freefastfind.com",36,-1,1,2,178,150410,15803,18/09/2009 00:00,24/09/2012 00:00,"209.15.13.134","209.15.13.0","US","com",5,0,2,12/05/2012 00:00,12/05/2012 00:00
85,"lilyfan.net",1493,-1,1,2,152492,767636,357416,04/07/2008 00:00,10/08/2013 00:00,"174.122.4.34","174.122.4.0","US","net",23,20,2,22/04/2012 00:00,22/04/2012 00:00
86,"medicalmarijuanatexas.org",119,-1,1,2,759,5313,4185,27/02/2013 00:00,10/08/2013 00:00,"50.63.120.1","50.63.120.0","US","org",21,2,2,10/04/2013 00:00,09/08/2013 00:00
87,"cyberzap.com",55,-1,1,2,143,285623,52941,12/12/2008 00:00,10/08/2013 00:00,"173.254.28.47","173.254.28.0","US","com",1,0,2,11/07/2012 00:00,20/08/2012 00:00
88,"cumshotbestpics.com",1886,-1,1,2,48967,5700,3341,04/02/2008 00:00,10/08/2013 00:00,"208.94.232.213","208.94.232.0","US","com",21,3,2,02/05/2012 00:00,22/07/2012 00:00
89,"allinoneinsurance.eu",9,-1,1,2,12,748530,748530,26/02/2010 00:00,03/05/2013 00:00,"91.210.235.70","91.210.235.0","IE","eu",0,0,2,13/10/2011 00:00,15/12/2011 00:00
90,"inforetail.com",239,-1,1,2,2870,2164,1480,16/08/2010 00:00,10/08/2013 00:00,"205.147.208.251","205.147.208.0","US","com",14,16,2,15/04/2013 00:00,17/07/2013 00:00
91,"craigmelvin.com",912,-1,1,2,7678,4148,2108,23/03/2008 00:00,07/08/2013 00:00,"184.170.144.9","184.170.144.0","US","com",23,3,2,10/05/2012 00:00,10/05/2012 00:00
92,"kuk-bot.net",10905,-1,1,2,77792,76994,14556,14/07/2008 00:00,10/08/2013 00:00,"74.208.63.155","74.208.63.0","US","net",19,5,2,20/04/2012 00:00,31/07/2012 00:00
93,"cornmarket.com",12,-1,1,2,6223,758470,758469,17/09/2009 00:00,07/02/2013 00:00,"67.215.66.132","67.215.66.0","US","com",0,0,2,19/03/2010 00:00,19/03/2010 00:00
94,"catdrivers.com",282,-1,1,2,4406,7344,6521,31/10/2010 00:00,10/08/2013 00:00,"173.201.216.15","173.201.216.0","US","com",26,10,2,06/05/2011 00:00,07/09/2011 00:00
95,"medicalmarijuanatennessee.org",90,-1,1,2,811,5215,3879,19/06/2012 00:00,10/08/2013 00:00,"50.63.120.1","50.63.120.0","US","org",20,0,2,01/03/2013 00:00,09/08/2013 00:00
96,"rsu1.org",12136,-1,1,2,94517,700756,111260,17/07/2008 00:00,10/08/2013 00:00,"204.11.51.107","204.11.51.0","CA","org",25,17,2,19/08/2012 00:00,19/10/2012 00:00
97,"free.fr",1847749,268,1,1,1155555978,45060354,4406114,09/01/2008 00:00,10/08/2013 00:00,"212.27.48.10","212.27.48.0","FR","fr",79,78,1,20/05/2012 00:00,28/05/2012 00:00
98,"webhostbox.net",62831,8822,1,1,1682603,1067855,208071,14/06/2010 00:00,10/08/2013 00:00,"67.63.55.3","67.63.55.0","US","net",40,24,1,10/03/2013 00:00,10/03/2013 00:00
99,"sensagent.com",27371,9485,1,1,3703109,51248419,2300031,10/01/2008 00:00,10/08/2013 00:00,"109.205.64.10","109.205.64.0","FR","com",41,35,1,30/12/2011 00:00,30/12/2011 00:00
100,"segabg.com",8578,56263,1,1,1618270,2481914,898901,09/01/2008 00:00,10/08/2013 00:00,"87.247.248.139","87.247.248.0","BG","com",50,45,1,16/04/2012 00:00,16/04/2012 00:00
101,"mediapool.bg",19206,79270,1,1,3767096,800966,378647,24/01/2008 00:00,10/08/2013 00:00,"193.194.140.19","193.194.140.0","BG","bg",47,45,1,30/06/2012 00:00,25/05/2013 00:00
102,"programmer-club.com.tw",2442,113645,1,1,1336844,405687,233107,11/12/2008 00:00,10/08/2013 00:00,"220.228.11.99","220.228.11.0","TW","tw",35,14,1,05/06/2012 00:00,05/06/2012 00:00
103,"forums.com",6366,133438,1,1,256494,383092,173124,27/07/2008 00:00,10/08/2013 00:00,"23.23.244.98","23.23.244.0","US","com",34,20,1,18/07/2012 00:00,18/07/2012 00:00
104,"badboysoftware.biz",44055,172540,1,1,701902,606946,151882,17/11/2008 00:00,10/08/2013 00:00,"182.50.148.128","182.50.148.0","SG","biz",44,25,1,07/08/2012 00:00,07/08/2012 00:00
105,"keep.pl",61375,192611,1,1,6302195,1528103,716445,25/01/2008 00:00,10/08/2013 00:00,"194.9.24.158","194.9.24.0","PL","pl",55,19,1,19/04/2013 00:00,19/04/2013 00:00
106,"relax-ptc.info",3577,271783,1,1,51696,80341,32880,10/03/2011 00:00,10/08/2013 00:00,"216.59.33.202","216.59.33.0","US","info",38,11,1,15/07/2013 00:00,15/07/2013 00:00
107,"iacampaigns.com",512,301252,1,1,4608,1210,845,29/08/2009 00:00,10/08/2013 00:00,"67.225.151.17","67.225.151.0","US","com",26,34,1,23/08/2012 00:00,23/08/2012 00:00
108,"holahola.pl",2115,386599,1,1,34205,12492,7276,22/01/2008 00:00,10/08/2013 00:00,"89.161.224.95","89.161.224.0","PL","pl",36,17,1,12/06/2012 00:00,12/06/2012 00:00
109,"hiendaihoa.com",6512,427814,1,1,450271,1155522,380615,23/01/2008 00:00,10/08/2013 00:00,"221.132.34.158","221.132.34.0","VN","com",36,11,1,10/06/2013 00:00,10/06/2013 00:00
110,"your-own-search.com",1658,691265,1,1,1741744,372143,21013,07/12/2009 00:00,10/08/2013 00:00,"199.229.232.102","199.229.232.0","US","com",24,6,1,11/05/2012 00:00,15/07/2012 00:00
111,"rotary3050.org.in",198,763691,1,1,1360,20374,14447,28/07/2010 00:00,10/08/2013 00:00,"91.148.168.243","91.148.168.0","BG","in",28,4,1,18/04/2012 00:00,18/04/2012 00:00
112,"inventforum.com",72158,938583,1,1,3312386,1590609,416569,10/01/2008 00:00,10/08/2013 00:00,"213.136.48.118","213.136.48.0","SE","com",32,15,1,26/07/2012 00:00,26/07/2012 00:00
113,"rxcareer.org",148,-1,1,1,623,23080,9317,11/09/2010 00:00,10/08/2013 00:00,"173.254.28.124","173.254.28.0","US","org",8,0,1,24/05/2013 00:00,24/05/2013 00:00
114,"scut-usa.org",6158,-1,1,1,36352,27580,8854,07/11/2008 00:00,10/08/2013 00:00,"38.113.115.105","38.113.115.0","US","org",18,5,1,05/05/2012 00:00,05/05/2012 00:00
115,"mortgageblog.co.uk",1410,-1,1,1,9922,4875,4236,15/04/2009 00:00,10/08/2013 00:00,"194.145.196.115","194.145.196.0","UK","uk",21,10,1,06/04/2012 00:00,06/04/2012 00:00
116,"islamickorner.net",1669,-1,1,1,49730,567941,174159,01/06/2011 00:00,10/08/2013 00:00,"206.253.167.162","206.253.167.0","US","net",30,9,1,28/05/2012 00:00,28/05/2012 00:00
117,"medicalmarijuanaoklahoma.org",45,-1,1,1,24438,3706,3413,29/05/2013 00:00,10/08/2013 00:00,"50.63.120.1","50.63.120.0","US","org",13,0,1,01/03/2013 00:00,20/07/2013 00:00
118,"gunwebsites.net",3095,-1,1,1,703337,56652,40748,29/08/2010 00:00,10/08/2013 00:00,"173.201.92.1","173.201.92.0","US","net",39,22,1,19/03/2013 00:00,19/03/2013 00:00
119,"el-rincon.net",809,-1,1,1,4217,118939,40639,28/01/2008 00:00,10/08/2013 00:00,"217.76.130.52","217.76.130.0","ES","net",25,0,1,12/04/2012 00:00,12/04/2012 00:00
120,"medicalmarijuanautah.org",196,-1,1,1,1178,5458,3971,19/06/2012 00:00,10/08/2013 00:00,"50.63.120.1","50.63.120.0","US","org",26,7,1,25/02/2013 00:00,10/07/2013 00:00
121,"taze.us",301,-1,1,1,2726,3267,1368,18/08/2010 00:00,10/08/2013 00:00,"173.236.128.85","173.236.128.0","US","us",19,2,1,06/06/2012 00:00,06/06/2012 00:00
122,"lastorres.com.mx",11119,-1,1,1,2117408,122007,47802,08/11/2008 00:00,06/05/2013 00:00,"94.23.230.218","94.23.230.0","FR","mx",15,3,1,07/08/2012 00:00,03/05/2013 00:00
123,"kine.lt",6826,-1,1,1,34619,640469,356511,24/01/2008 00:00,10/08/2013 00:00,"92.61.46.16","92.61.46.0","LT","lt",26,8,1,18/04/2012 00:00,18/04/2012 00:00
124,"medicalmarijuanawyoming.org",102,-1,1,1,507,5230,4253,25/05/2013 00:00,10/08/2013 00:00,"50.63.120.1","50.63.120.0","US","org",20,0,1,02/08/2013 00:00,02/08/2013 00:00
125,"hake.jp",2475,-1,1,1,16511,33557,16034,24/01/2008 00:00,09/08/2013 00:00,"202.133.121.224","202.133.121.0","JP","jp",19,11,1,17/04/2012 00:00,17/04/2012 00:00
126,"olimpia-nutritions.co.uk",1100,-1,1,1,5972,36467,4715,09/10/2011 00:00,25/10/2012 00:00,"46.30.211.60","46.30.211.0","DK","uk",10,1,1,26/07/2012 00:00,26/07/2012 00:00
127,"louisianamedicalmarijuana.org",114,-1,1,1,604,4502,3959,19/06/2012 00:00,02/08/2013 00:00,"50.63.120.1","50.63.120.0","US","org",19,1,1,02/03/2013 00:00,21/07/2013 00:00
128,"apasaracitaindeuteriu.ro",6541,-1,1,1,48162,34294,11576,08/07/2008 00:00,09/08/2013 00:00,"93.115.117.156","93.115.117.0","RO","ro",22,8,1,13/05/2012 00:00,13/05/2012 00:00
129,"liquid-deception.net",980,-1,1,1,59710,45528,38331,13/01/2008 00:00,26/07/2012 00:00,"69.43.161.167","69.43.161.0","US","net",26,9,1,03/05/2011 00:00,03/05/2011 00:00
130,"propertylondon.net",31,-1,1,1,1202,669610,669610,10/10/2008 00:00,18/02/2013 00:00,"82.98.86.172","82.98.86.0","DE","net",0,0,1,01/09/2010 00:00,01/09/2010 00:00
131,"polustrovo.net",1985,-1,1,1,20146,287452,118640,31/01/2008 00:00,10/08/2013 00:00,"84.204.225.3","84.204.225.0","RU","net",26,15,1,26/04/2012 00:00,26/04/2012 00:00
132,"negaheno.net",929,-1,1,1,20777,18287,9867,27/06/2008 00:00,10/08/2013 00:00,"65.254.250.109","65.254.250.0","US","net",26,8,1,01/08/2012 00:00,01/08/2012 00:00
133,"moltqaa.net",6348,-1,1,1,82126,108321,30332,03/06/2008 00:00,10/08/2013 00:00,"5.153.2.232","5.153.2.0","NL","net",35,4,1,06/05/2012 00:00,06/05/2012 00:00
134,"paski.org.pl",1682,-1,1,1,20446,1646,1386,26/03/2008 00:00,10/08/2013 00:00,"79.96.148.162","79.96.148.0","PL","pl",30,4,1,26/07/2012 00:00,26/07/2012 00:00
135,"propertynewcastle.net",13,-1,1,1,845,711019,711019,09/10/2008 00:00,29/07/2013 00:00,"82.98.86.172","82.98.86.0","DE","net",0,0,1,25/08/2010 00:00,25/08/2010 00:00
136,"spbfree.net",498,-1,1,1,62250,1224270,352162,30/01/2008 00:00,10/08/2013 00:00,"84.204.225.3","84.204.225.0","RU","net",27,8,1,01/08/2012 00:00,01/08/2012 00:00
137,"xtremeoutfitters.net",354,-1,1,1,5104,4778155,217243,01/07/2008 00:00,03/07/2013 00:00,"96.9.163.236","96.9.163.0","US","net",7,8,1,01/10/2010 00:00,01/10/2010 00:00
138,"allthatremains.org",10223,-1,1,1,82390,544214,255363,25/01/2008 00:00,10/08/2013 00:00,"74.86.80.229","74.86.80.0","US","org",39,18,1,16/07/2013 00:00,16/07/2013 00:00
139,"tnua.edu.tw",69266,-1,1,1,3486626,293743,128595,25/01/2008 00:00,10/08/2013 00:00,"60.251.46.221","60.251.46.0","TW","tw",46,66,1,30/04/2012 00:00,30/04/2012 00:00
140,"dveri-dona.ru",438,-1,1,1,2333,2740,825,04/05/2011 00:00,10/08/2013 00:00,"89.111.177.153","89.111.177.0","RU","ru",10,2,1,26/07/2012 00:00,26/07/2012 00:00
141,"firstpresbyterian.org",5334,-1,1,1,33859,63260,33703,27/01/2008 00:00,10/08/2013 00:00,"208.69.124.28","208.69.124.0","US","org",32,31,1,19/07/2013 00:00,19/07/2013 00:00
142,"fundacionporlajusticia.org",541,-1,1,1,8963,1491,1013,27/06/2008 00:00,10/08/2013 00:00,"31.193.225.51","31.193.225.0","ES","org",27,19,1,13/07/2013 00:00,10/08/2013 00:00
143,"ucfccc.org",3099,-1,1,1,21086,39961,7768,24/02/2008 00:00,10/08/2013 00:00,"74.220.203.52","74.220.203.0","US","org",17,3,1,23/05/2012 00:00,19/10/2012 00:00
144,"knprtalk.org",34,-1,1,1,74,2967,2678,06/08/2010 00:00,10/08/2013 00:00,"66.209.79.122","66.209.79.0","US","org",9,19,1,18/08/2011 00:00,07/06/2013 00:00
145,"sugarstitch.org",18,-1,1,1,265,37150,16313,19/10/2011 00:00,09/08/2013 00:00,"98.129.229.162","98.129.229.0","US","org",9,0,1,06/05/2012 00:00,06/05/2012 00:00
146,"paxanblog.ru",337,-1,1,1,3266,1032,601,23/11/2011 00:00,26/05/2013 00:00,"77.87.193.43","77.87.193.0","UA","ru",10,13,1,12/06/2012 00:00,12/06/2012 00:00
147,"matthewmolloy.net",270,-1,1,1,1576,102926,63839,23/02/2013 00:00,10/08/2013 00:00,"75.98.174.130","75.98.174.0","US","net",11,0,1,24/02/2013 00:00,24/02/2013 00:00
148,"kraevedenie.org",348,-1,1,1,52200,3183,2722,03/02/2009 00:00,27/07/2013 00:00,"96.125.161.207","96.125.161.0","US","org",21,7,1,28/04/2011 00:00,28/04/2011 00:00
149,"cb.ac.th",8166,-1,1,1,58508,103242,49487,01/10/2008 00:00,10/08/2013 00:00,"61.19.148.146","61.19.148.0","TH","th",35,9,1,03/05/2012 00:00,03/05/2012 00:00
150,"gamerelax.ru",2784,-1,1,1,60175,174323,52506,14/02/2009 00:00,09/10/2012 00:00,"67.228.45.68","67.228.45.0","US","ru",10,8,1,19/06/2012 00:00,19/06/2012 00:00
151,"pozitiff.info",12824,-1,1,1,431705,620367,192450,12/01/2008 00:00,10/08/2013 00:00,"193.24.196.5","193.24.196.0","RU","info",46,8,1,26/07/2012 00:00,26/07/2012 00:00
152,"weekendmirror.com",1574,-1,1,1,76262,89060,27025,30/08/2010 00:00,08/08/2013 00:00,"50.63.202.56","50.63.202.0","US","com",24,33,1,21/06/2012 00:00,21/06/2012 00:00
153,"internet-german-tv.info",58,-1,1,1,112958,508306,109038,23/05/2010 00:00,02/01/2011 00:00,"199.101.28.20","199.101.28.0","US","info",11,0,1,10/10/2010 00:00,10/10/2010 00:00
154,"baroneracing.com",122,-1,1,1,65567,1095361,1095361,13/01/2008 00:00,13/03/2013 00:00,"91.210.235.70","91.210.235.0","IE","com",0,0,1,25/10/2010 00:00,25/10/2010 00:00
155,"bigdollarstores.com",10,-1,1,1,503,712,650,04/07/2013 00:00,08/08/2013 00:00,"184.168.58.1","184.168.58.0","US","com",11,2,1,29/07/2013 00:00,08/08/2013 00:00
156,"ebhath.com",34,-1,1,1,227,233212,16920,24/01/2011 00:00,25/12/2012 00:00,"67.215.66.132","67.215.66.0","US","com",4,0,1,12/05/2012 00:00,23/07/2012 00:00
157,"eliteflashgame.com",16,-1,1,1,37,1086,1079,29/05/2013 00:00,10/08/2013 00:00,"50.63.40.1","50.63.40.0","US","com",10,1,1,13/07/2013 00:00,13/07/2013 00:00
158,"essentialassisting.com",93,-1,1,1,561,486,435,24/07/2010 00:00,10/08/2013 00:00,"69.195.124.68","69.195.124.0","US","com",17,6,1,26/06/2012 00:00,22/12/2012 00:00
159,"eweby.com",47,-1,1,1,96,551215,97599,29/07/2008 00:00,10/08/2013 00:00,"66.7.200.168","66.7.200.0","US","com",11,0,1,14/06/2012 00:00,14/06/2012 00:00
160,"fortuneinthefollowup.com",19486,-1,1,1,3270003,239771,54840,13/03/2008 00:00,25/06/2013 00:00,"208.75.225.226","208.75.225.0","US","com",20,9,1,02/05/2011 00:00,02/05/2011 00:00
161,"foyleside.com",15,-1,1,1,3174,1026333,1026332,15/06/2009 00:00,12/02/2013 00:00,"82.98.86.167","82.98.86.0","DE","com",0,0,1,12/02/2010 00:00,12/02/2010 00:00
162,"gasta.com",3939,-1,1,1,440033544,30723859,1800652,10/01/2008 00:00,12/03/2013 00:00,"91.210.235.70","91.210.235.0","IE","com",15,26,1,29/03/2010 00:00,29/03/2010 00:00
163,"golfshaftauctions.com",262,-1,1,1,1200,44629,30646,08/11/2008 00:00,06/04/2013 00:00,"198.154.229.78","198.154.229.0","US","com",7,0,1,08/03/2013 00:00,08/03/2013 00:00
164,"greatvictoriastreet.com",331,-1,1,1,7768412,1028627,413218,07/07/2009 00:00,07/04/2010 00:00,"","","","com",5,0,1,31/03/2010 00:00,31/03/2010 00:00
165,"hkmomo.com",6966,-1,1,1,54864,371629,174281,11/02/2008 00:00,10/08/2013 00:00,"58.64.197.124","58.64.197.0","HK","com",36,4,1,01/08/2013 00:00,01/08/2013 00:00
166,"horizonwebmarketing.com",99,-1,1,1,783,271,226,19/02/2013 00:00,31/07/2013 00:00,"174.122.114.254","174.122.114.0","US","com",19,9,1,09/02/2013 00:00,30/06/2013 00:00
167,"howtocleanseyourbody.com",4712,-1,1,1,63597,717191,232561,18/06/2010 00:00,05/01/2013 00:00,"199.59.58.162","199.59.58.0","US","com",14,4,1,15/06/2012 00:00,15/06/2012 00:00
168,"internettagger.com",2515,-1,1,1,206988,261577,15040,21/11/2010 00:00,24/07/2013 00:00,"23.23.210.22","23.23.210.0","US","com",15,0,1,06/07/2012 00:00,06/07/2012 00:00
169,"jianfenz.com",13,-1,1,1,30,371,327,29/05/2013 00:00,10/08/2013 00:00,"173.208.154.76","173.208.154.0","US","com",12,0,1,31/07/2013 00:00,31/07/2013 00:00
170,"kanmerkezi.com",1161,-1,1,1,6106,128530,41390,27/01/2009 00:00,10/08/2013 00:00,"68.178.232.56","68.178.232.0","US","com",22,1,1,28/05/2013 00:00,17/07/2013 00:00
171,"backwoodshuntingclub.com",1743,-1,1,1,13173,6905,3245,20/06/2009 00:00,10/08/2013 00:00,"50.63.202.44","50.63.202.0","US","com",12,8,1,14/06/2012 00:00,14/06/2012 00:00
172,"lenadoon.com",331,-1,1,1,1584,944155,442636,13/10/2009 00:00,10/08/2013 00:00,"208.180.24.23","208.180.24.0","US","com",6,0,1,11/05/2010 00:00,11/05/2010 00:00
173,"assarat.com",917,-1,1,1,5996,130228,17913,03/10/2012 00:00,10/08/2013 00:00,"184.172.59.83","184.172.59.0","US","com",26,6,1,09/08/2013 00:00,09/08/2013 00:00
174,"amigo-chat.com",22195,-1,1,1,839227,843495,257989,09/01/2008 00:00,28/07/2013 00:00,"202.61.25.180","202.61.25.0","JP","com",31,18,1,01/08/2012 00:00,01/08/2012 00:00
175,"larrymaluma.com.au",73,-1,1,1,821,469,300,16/02/2008 00:00,10/08/2013 00:00,"69.72.240.26","69.72.240.0","US","au",13,10,1,30/07/2013 00:00,30/07/2013 00:00
176,"ourpoultry.biz",30,-1,1,1,112,37445,34241,27/02/2013 00:00,09/08/2013 00:00,"69.72.240.66","69.72.240.0","US","biz",9,3,1,19/07/2013 00:00,19/07/2013 00:00
177,"prover.com.br",2266,-1,1,1,14891,116410,41968,21/01/2008 00:00,10/08/2013 00:00,"200.194.176.25","200.194.176.0","BR","br",19,16,1,31/07/2012 00:00,31/07/2012 00:00
178,"xpg.com.br",97470,-1,1,1,66692512,15633948,2370032,21/01/2008 00:00,10/08/2013 00:00,"187.17.123.245","187.17.123.0","BR","br",69,33,1,21/05/2013 00:00,21/05/2013 00:00
179,"masterseek.ca",4,-1,1,1,6,888681,888680,02/06/2009 00:00,10/08/2013 00:00,"77.247.69.114","77.247.69.0","DK","ca",0,0,1,08/04/2013 00:00,08/04/2013 00:00
180,"webmii.ch",15,-1,1,1,38745,415044,415043,05/12/2009 00:00,10/08/2013 00:00,"195.95.224.130","195.95.224.0","FR","ch",0,0,1,07/12/2011 00:00,07/12/2011 00:00
181,"zergipio.cl",34829,-1,1,1,376223,283959,74985,27/06/2008 00:00,10/08/2013 00:00,"184.107.202.162","184.107.202.0","CA","cl",47,11,1,20/05/2012 00:00,20/05/2012 00:00
182,"scottsdaleazrealestate.co",42,-1,1,1,411,2908,38,16/01/2011 00:00,10/08/2013 00:00,"74.220.207.69","74.220.207.0","US","co",7,16,1,23/04/2012 00:00,23/04/2012 00:00
183,"thejeep.co",419,-1,1,1,3929,2873,2334,16/06/2012 00:00,01/08/2013 00:00,"174.132.192.227","174.132.192.0","US","co",15,1,1,20/02/2013 00:00,20/02/2013 00:00
184,"1hotparty.com",52,-1,1,1,127,118,77,19/03/2013 00:00,10/08/2013 00:00,"199.26.86.226","199.26.86.0","US","com",13,0,1,02/06/2013 00:00,02/06/2013 00:00
185,"3ddesignconstruction.com",211,-1,1,1,483,52,42,30/06/2013 00:00,10/08/2013 00:00,"208.80.4.108","208.80.4.0","US","com",13,1,1,04/08/2013 00:00,04/08/2013 00:00
186,"4myhometown.com",936,-1,1,1,28979,1947,1866,19/06/2012 00:00,10/08/2013 00:00,"184.168.249.1","184.168.249.0","US","com",21,6,1,03/07/2012 00:00,03/07/2012 00:00
187,"accuratetermlifeinsurancequote.com",580,-1,1,1,3372,11427,8263,07/02/2008 00:00,01/08/2013 00:00,"206.214.216.174","206.214.216.0","US","com",11,5,1,27/04/2011 00:00,27/04/2011 00:00
188,"alfadesarrolloweb.com",474,-1,1,1,134627,68061,24749,23/10/2009 00:00,09/08/2013 00:00,"107.6.16.13","107.6.16.0","US","com",18,3,1,19/04/2012 00:00,19/04/2012 00:00
189,"althiriany.com",1928,-1,1,1,13493,76418,25577,06/11/2012 00:00,10/08/2013 00:00,"50.63.38.1","50.63.38.0","US","com",28,4,1,12/07/2013 00:00,12/07/2013 00:00
190,"altric.com",66184,-1,1,1,6614053,709144,241826,26/08/2010 00:00,21/01/2013 00:00,"204.197.242.48","204.197.242.0","US","com",23,7,1,16/05/2012 00:00,16/05/2012 00:00
191,"amateur-swingers-posts.com",24398,-1,1,1,619788,222646,117040,13/01/2008 00:00,10/08/2013 00:00,"75.125.107.130","75.125.107.0","US","com",37,7,1,27/07/2012 00:00,27/07/2012 00:00
192,"andrewkahlphotography.com",2412,-1,1,1,45758,12786,10158,28/09/2009 00:00,10/08/2013 00:00,"68.178.232.199","68.178.232.0","US","com",31,15,1,26/07/2012 00:00,19/10/2012 00:00
193,"livematurezone.com",4267,-1,1,1,46941,9522,7810,14/02/2008 00:00,10/08/2013 00:00,"74.117.176.18","74.117.176.0","US","com",20,2,1,10/05/2012 00:00,10/05/2012 00:00
194,"lookgreatnakedchallenge.com",22710,-1,1,1,1091422,528730,231320,03/08/2008 00:00,10/08/2013 00:00,"208.43.241.216","208.43.241.0","US","com",32,9,1,29/10/2012 00:00,29/10/2012 00:00
195,"marskarthik.com",776,-1,1,1,2729,18558,14373,22/01/2008 00:00,10/08/2013 00:00,"205.251.130.98","205.251.130.0","US","com",21,1,1,02/05/2011 00:00,02/05/2011 00:00
196,"waarba.com",155,-1,1,1,24907,109712,11046,04/01/2011 00:00,10/08/2013 00:00,"69.195.82.156","69.195.82.0","US","com",17,2,1,11/03/2013 00:00,16/07/2013 00:00
197,"armblanke.co.za",41,-1,1,1,493,2200,558,05/01/2012 00:00,15/07/2013 00:00,"108.178.25.58","108.178.25.0","US","za",6,0,1,26/04/2011 00:00,26/04/2011 00:00
198,"westbelfastonline.com",12,-1,1,1,16,1087358,1087357,11/06/2009 00:00,28/01/2013 00:00,"82.98.86.173","82.98.86.0","DE","com",0,0,1,18/03/2010 00:00,18/03/2010 00:00
199,"westdublin.com",10,-1,1,1,13,961898,961898,27/09/2009 00:00,04/06/2013 00:00,"82.98.86.173","82.98.86.0","DE","com",0,0,1,10/06/2010 00:00,10/06/2010 00:00
200,"youareyourbusiness.com",19,-1,1,1,417,1056,456,14/04/2011 00:00,10/08/2013 00:00,"66.206.89.141","66.206.89.0","US","com",9,0,1,01/05/2011 00:00,01/05/2011 00:00
201,"studentische-mitte.de",55401,-1,1,1,3260329,1787049,939310,31/03/2008 00:00,10/08/2013 00:00,"87.106.23.68","87.106.23.0","DE","de",32,5,1,29/04/2012 00:00,29/04/2012 00:00
202,"bojacobsen.dk",377,-1,1,1,2807,569,240,31/10/2009 00:00,13/03/2012 00:00,"94.231.108.221","94.231.108.0","DK","dk",13,2,1,26/06/2012 00:00,26/06/2012 00:00
203,"deliriumsdemisae.es",32,-1,1,1,588,445,375,21/09/2009 00:00,27/11/2012 00:00,"87.106.192.225","87.106.192.0","ES","es",7,1,1,19/04/2012 00:00,19/04/2012 00:00
204,"opinemosf1.es",3754,-1,1,1,20656,118899,60266,04/05/2010 00:00,19/07/2013 00:00,"87.106.187.82","87.106.187.0","DE","es",17,4,1,25/07/2012 00:00,25/07/2012 00:00
205,"suojarvi.fi",345,-1,1,1,1262,12475,3996,24/01/2008 00:00,31/07/2013 00:00,"85.13.248.54","85.13.248.0","UK","fi",17,9,1,08/06/2012 00:00,08/06/2012 00:00
206,"xn--kaksitymaata-bjb.fi",48,-1,1,1,427,1252,839,05/11/2010 00:00,06/11/2012 00:00,"217.149.52.7","217.149.52.0","FI","fi",7,1,1,26/09/2012 00:00,26/09/2012 00:00
207,"airfare-secrets-revealed.info",95,-1,1,1,49565,1229723,138092,24/05/2010 00:00,17/01/2012 00:00,"31.31.73.93","31.31.73.0","CZ","info",13,0,1,10/10/2010 00:00,10/10/2010 00:00
208,"beautiful-smile.info",314,-1,1,1,3535,21169,14063,06/02/2012 00:00,10/08/2013 00:00,"208.87.35.103","208.87.35.0","BS","info",25,0,1,21/05/2012 00:00,21/05/2012 00:00
209,"cats-dogs-mice-and-more.info",2,-1,1,1,527,115856,115856,24/05/2010 00:00,08/01/2012 00:00,"91.121.81.175","91.121.81.0","FR","info",12,0,1,30/09/2010 00:00,30/09/2010 00:00
210,"diy-jp.info",7463,-1,1,1,106432,303020,147444,14/01/2008 00:00,10/08/2013 00:00,"152.104.96.230","152.104.96.0","HK","info",36,8,1,15/04/2012 00:00,15/04/2012 00:00
211,"german-tv-online.info",50,-1,1,1,79010,595910,133151,17/05/2010 00:00,03/01/2011 00:00,"58.84.228.131","58.84.228.0","NZ","info",11,5,1,30/09/2010 00:00,30/09/2010 00:00
212,"hold-the-fort-boy.info",2,-1,1,1,475,115700,115700,25/06/2010 00:00,08/01/2012 00:00,"199.101.28.20","199.101.28.0","US","info",13,0,1,29/09/2010 00:00,29/09/2010 00:00
213,"vegasmorningblend.com",964,-1,1,1,79462,102229,82219,13/10/2010 00:00,10/08/2013 00:00,"69.164.17.152","69.164.17.0","US","com",35,38,1,16/05/2011 00:00,02/08/2013 00:00
214,"top-korean-movies.com",126,-1,1,1,403,514,47,11/01/2013 00:00,,"141.8.226.2","141.8.226.0","CH","com",11,0,1,19/06/2012 00:00,19/06/2012 00:00
215,"tigrik.com",20052,-1,1,1,1032947,437833,225438,01/10/2009 00:00,09/04/2013 00:00,"64.74.223.47","64.74.223.0","US","com",16,2,1,16/07/2012 00:00,16/07/2012 00:00
216,"thepoochplace.com",1230,-1,1,1,30733,8058,5216,26/03/2008 00:00,30/07/2013 00:00,"108.167.147.31","108.167.147.0","US","com",14,3,1,26/04/2011 00:00,26/04/2011 00:00
217,"matickos.com",682,-1,1,1,5175,31527,12667,17/01/2008 00:00,10/08/2013 00:00,"69.89.22.108","69.89.22.0","US","com",21,8,1,30/07/2012 00:00,25/05/2013 00:00
218,"mirrormethoddogtraining.com",1638,-1,1,1,16099,9915,5609,18/11/2011 00:00,10/08/2013 00:00,"173.201.146.128","173.201.146.0","US","com",24,10,1,15/06/2012 00:00,19/10/2012 00:00
219,"mkforums.com",5246,-1,1,1,53218,329774,36426,22/12/2011 00:00,06/07/2012 00:00,"208.91.197.13","208.91.197.0","UK","com",18,4,1,14/06/2012 00:00,14/06/2012 00:00
220,"mobilegush.com",293,-1,1,1,4874,2592,1005,08/09/2008 00:00,10/08/2013 00:00,"50.22.11.25","50.22.11.0","US","com",9,0,1,17/05/2011 00:00,17/05/2011 00:00
221,"mrcoolsboutique.com",838,-1,1,1,6069,11786,5838,30/10/2010 00:00,25/05/2013 00:00,"66.147.244.189","66.147.244.0","US","com",13,1,1,04/07/2012 00:00,04/07/2012 00:00
222,"mrseahouse.com",6307,-1,1,1,44750,27302,8413,21/10/2009 00:00,10/08/2013 00:00,"208.109.138.7","208.109.138.0","US","com",26,3,1,10/07/2012 00:00,10/07/2012 00:00
223,"mysearchkeywords.com",682,-1,1,1,343314,686576,54864,08/01/2010 00:00,04/08/2013 00:00,"82.98.86.173","82.98.86.0","DE","com",12,1,1,28/02/2010 00:00,28/02/2010 00:00
224,"newmantechpartners.com",4348,-1,1,1,20987,16909,4699,18/11/2009 00:00,10/08/2013 00:00,"74.86.171.173","74.86.171.0","US","com",32,2,1,14/06/2012 00:00,14/06/2012 00:00
225,"my-cool-bbq.info",2,-1,1,1,210,159294,159293,06/05/2010 00:00,02/01/2011 00:00,"50.22.11.10","50.22.11.0","US","info",10,0,1,26/09/2010 00:00,26/09/2010 00:00
226,"omeueverest.com",826,-1,1,1,28597,16051,1088,13/01/2008 00:00,10/08/2013 00:00,"187.1.133.32","187.1.133.0","BR","com",15,7,1,08/04/2012 00:00,08/04/2012 00:00
227,"propertysquaremile.com",236,-1,1,1,6719716,913072,456989,17/06/2009 00:00,12/02/2013 00:00,"82.98.86.172","82.98.86.0","DE","com",6,0,1,31/03/2010 00:00,31/03/2010 00:00
228,"soldbyshawna.com",330,-1,1,1,1667,841,494,31/05/2012 00:00,10/08/2013 00:00,"50.63.202.45","50.63.202.0","US","com",9,3,1,27/07/2012 00:00,27/07/2012 00:00
229,"statsdaemon.com",6628,-1,1,1,326997,3672378,762193,19/06/2009 00:00,23/07/2013 00:00,"188.92.75.58","188.92.75.0","LV","com",18,5,1,26/12/2011 00:00,26/12/2011 00:00
230,"stranmillis.com",386,-1,1,1,1054596,1679465,585850,05/07/2009 00:00,15/07/2010 00:00,"67.215.66.132","67.215.66.0","US","com",5,0,1,28/03/2010 00:00,28/03/2010 00:00
231,"superadtrack.com",372,-1,1,1,51477,55791,16017,06/07/2008 00:00,10/08/2013 00:00,"72.167.128.176","72.167.128.0","US","com",7,2,1,27/06/2012 00:00,27/06/2012 00:00
232,"synclastic.com",75367,-1,1,1,2265618,3629,2043,17/01/2008 00:00,12/02/2013 00:00,"69.73.145.12","69.73.145.0","US","com",46,37,1,27/04/2011 00:00,27/04/2011 00:00
233,"technames.com",1824,-1,1,1,6194,29210,7129,24/01/2008 00:00,10/08/2013 00:00,"184.168.152.59","184.168.152.0","US","com",26,21,1,03/04/2012 00:00,04/04/2012 00:00
234,"tennisfamilies.com",7,-1,1,1,12,626,277,29/11/2010 00:00,10/08/2013 00:00,"216.227.214.143","216.227.214.0","US","com",9,0,1,28/03/2013 00:00,14/07/2013 00:00
235,"perkymomsvids.com",2719,-1,1,1,38362,7750,4283,30/01/2008 00:00,10/08/2013 00:00,"74.117.179.23","74.117.179.0","US","com",23,6,1,01/05/2012 00:00,01/05/2012 00:00
236,"zsi.co.za",91,-1,1,1,213,2646,1374,23/07/2009 00:00,31/07/2013 00:00,"70.87.88.235","70.87.88.0","US","za",8,0,1,22/05/2011 00:00,22/05/2011 00:00
