"Position","Domain","RefDomains","AlexaRank","Matches","MatchedLinks","ExtBackLinks","IndexedURLs","CrawledURLs","FirstCrawled","LastSuccessfulCrawl","IP","SubNet","CountryCode","TLD","CitationFlow","TrustFlow","BackLinks_itcompany.com","FirstLinkDate_itcompany.com","LastLinkDate_itcompany.com"
1,"computeruser.com",25305,323401,1,203,6414586,2203513,411213,09/01/2008 00:00,10/08/2013 00:00,"216.105.99.51","216.105.99.0","US","com",49,40,203,25/10/2011 00:00,27/11/2011 00:00
2,"alvin-poh.com",26,-1,1,169,71,7964,4211,06/12/2011 00:00,24/07/2013 00:00,"69.89.20.48","69.89.20.0","US","com",10,1,169,14/05/2012 00:00,14/05/2012 00:00
3,"vrgdt.se",209,-1,1,136,1586,50283,22114,27/12/2009 00:00,08/08/2013 00:00,"46.30.211.51","46.30.211.0","DK","se",18,9,136,20/05/2012 00:00,03/10/2012 00:00
4,"lasvegasnow.com",22516,-1,1,119,2924483,366632,221162,02/02/2008 00:00,10/08/2013 00:00,"64.14.56.100","64.14.56.0","US","com",43,33,119,01/03/2011 00:00,23/01/2012 00:00
5,"m2on.com",37,-1,1,73,489,9986,9480,30/06/2013 00:00,10/08/2013 00:00,"69.89.25.170","69.89.25.0","US","com",10,0,73,25/02/2013 00:00,25/02/2013 00:00
6,"booshben.com",244,-1,1,66,9953,79771,60736,21/06/2012 00:00,10/08/2013 00:00,"66.147.244.182","66.147.244.0","US","com",12,8,66,18/03/2013 00:00,18/03/2013 00:00
7,"tooclothesminded.com",332,-1,1,49,19284,32564,27768,04/01/2011 00:00,02/08/2013 00:00,"173.201.1.1","173.201.1.0","US","com",19,2,49,03/06/2012 00:00,02/07/2013 00:00
8,"directorym.net",12016,409498,1,43,103967492,29567277,2075625,30/01/2008 00:00,10/08/2013 00:00,"62.154.232.138","62.154.232.0","DE","net",37,32,43,08/10/2010 00:00,09/10/2010 00:00
9,"armchairassociation.com",1137,-1,1,38,86508,325176,129364,08/02/2008 00:00,10/08/2013 00:00,"184.168.178.1","184.168.178.0","US","com",20,13,38,04/07/2012 00:00,04/07/2012 00:00
10,"analistadeseo.com.br",77,-1,1,37,23935,10427,2430,03/12/2010 00:00,06/08/2013 00:00,"200.98.246.133","200.98.246.0","BR","br",6,0,37,10/05/2012 00:00,10/05/2012 00:00
11,"keyboardmag.com",14791,388252,1,30,1405011,346354,132430,10/01/2008 00:00,10/08/2013 00:00,"209.59.186.108","209.59.186.0","US","com",45,57,30,27/08/2012 00:00,27/08/2012 00:00
12,"eqmag.com",8546,-1,1,23,1020429,594595,160219,10/01/2008 00:00,10/08/2013 00:00,"209.59.186.108","209.59.186.0","US","com",26,40,23,19/10/2011 00:00,25/10/2012 00:00
13,"startupnation.com",44959,8833,1,19,2828295,2772890,721633,09/01/2008 00:00,10/08/2013 00:00,"161.58.180.5","161.58.180.0","US","com",50,56,19,03/06/2011 00:00,11/12/2011 00:00
14,"creatingkeepsakes.com",10052,270874,1,19,5821271,577526,290358,09/01/2008 00:00,10/08/2013 00:00,"209.63.19.32","209.63.19.0","US","com",40,46,19,11/04/2011 00:00,15/06/2012 00:00
15,"lasvegasontheweb.com",33,-1,1,16,572,118755,21266,07/02/2008 00:00,11/12/2008 00:00,"67.215.77.132","67.215.77.0","US","com",0,0,16,31/05/2008 00:00,20/07/2008 00:00
16,"toy-tma.com",7716,-1,1,16,238066,782493,261714,26/03/2008 00:00,10/08/2013 00:00,"199.38.116.20","199.38.116.0","US","com",22,21,16,25/10/2011 00:00,03/10/2012 00:00
17,"videography.com",5692,-1,1,13,700536,131125,52121,05/02/2008 00:00,27/07/2013 00:00,"209.59.186.21","209.59.186.0","US","com",28,30,13,15/10/2011 00:00,15/10/2011 00:00
18,"homebusinessmag.com",10942,164726,1,9,538748,729590,240841,14/01/2008 00:00,10/08/2013 00:00,"198.1.89.208","198.1.89.0","US","com",44,50,9,02/06/2012 00:00,09/06/2012 00:00
19,"searchwarp.com",50235,19911,1,8,1076522,628653,315934,09/01/2008 00:00,31/07/2013 00:00,"208.110.213.154","208.110.213.0","US","com",40,35,8,17/01/2009 00:00,17/01/2009 00:00
20,"dpmag.com",5264,165370,1,8,337813,723509,224727,27/05/2009 00:00,10/08/2013 00:00,"68.71.242.75","68.71.242.0","US","com",41,50,8,18/10/2011 00:00,25/10/2012 00:00
21,"residentialsystems.com",1275,391140,1,8,866726,830089,176573,14/12/2008 00:00,10/08/2013 00:00,"209.59.186.108","209.59.186.0","US","com",44,41,8,24/10/2011 00:00,25/10/2012 00:00
22,"othercenter.pl",1782,-1,1,8,240214,188714,82257,17/07/2010 00:00,10/08/2013 00:00,"213.239.198.234","213.239.198.0","DE","pl",33,17,8,05/03/2013 00:00,05/03/2013 00:00
23,"memorymakersmagazine.com",5810,-1,1,8,203613,402690,166259,09/01/2008 00:00,17/07/2013 00:00,"64.94.136.5","64.94.136.0","US","com",20,32,8,29/10/2011 00:00,14/08/2012 00:00
24,"caraudiomag.com",18593,-1,1,8,647016,1137411,372160,12/01/2008 00:00,10/08/2013 00:00,"206.125.40.50","206.125.40.0","US","com",29,26,8,30/04/2012 00:00,09/03/2013 00:00
25,"littlewebdirectory.com",20817,14589,1,7,4525810,2185125,360823,11/01/2008 00:00,10/08/2013 00:00,"208.109.138.201","208.109.138.0","US","com",37,31,7,24/08/2012 00:00,24/08/2012 00:00
26,"add2dir.info",5688,49842,1,7,4233323,317752,233125,20/01/2008 00:00,10/07/2013 00:00,"205.196.211.22","205.196.211.0","US","info",23,18,7,17/09/2012 00:00,17/09/2012 00:00
27,"directorym.com",29062,103773,1,7,125962145,29423529,1477967,09/01/2008 00:00,10/08/2013 00:00,"165.254.94.115","165.254.94.0","US","com",40,37,7,24/10/2011 00:00,27/12/2011 00:00
28,"thestatedtruth.com",11307,837392,1,7,225358,75558,53300,02/01/2010 00:00,10/08/2013 00:00,"184.168.58.1","184.168.58.0","US","com",45,5,7,20/04/2012 00:00,06/06/2012 00:00
29,"alpvideo.ru",322,-1,1,7,8816,46144,33601,13/02/2009 00:00,10/08/2013 00:00,"188.128.85.11","188.128.85.0","RU","ru",13,13,7,08/07/2012 00:00,21/07/2012 00:00
30,"tomorrowstechnician.com",11016,-1,1,7,1358984,2620547,1106348,26/03/2008 00:00,10/08/2013 00:00,"66.33.30.26","66.33.30.0","US","com",35,37,7,19/11/2012 00:00,22/04/2013 00:00
31,"wldirectory.com",5660,15854,1,6,224244,362467,176878,09/01/2009 00:00,10/08/2013 00:00,"176.31.69.138","176.31.69.0","FR","com",38,32,6,03/05/2013 00:00,03/05/2013 00:00
32,"badboysoftware.biz",44055,172540,1,6,701902,606946,151882,17/11/2008 00:00,10/08/2013 00:00,"182.50.148.128","182.50.148.0","SG","biz",44,25,6,24/04/2012 00:00,14/11/2012 00:00
33,"brakeandfrontend.com",2820,845523,1,6,1174111,826645,268594,03/04/2008 00:00,10/08/2013 00:00,"66.33.30.26","66.33.30.0","US","com",38,32,6,20/08/2012 00:00,20/08/2012 00:00
34,"homeofficebuddy.com",2598,-1,1,6,8279390,175864,127194,11/01/2008 00:00,10/08/2013 00:00,"208.113.57.102","208.113.57.0","CA","com",33,16,6,12/03/2013 00:00,12/03/2013 00:00
35,"medicarebuz.com",936,-1,1,6,50602,13167,10861,25/07/2012 00:00,31/07/2013 00:00,"50.116.86.188","50.116.86.0","US","com",38,19,6,23/02/2013 00:00,14/07/2013 00:00
36,"primegayvideo.com",162,-1,1,6,31732,25800,19517,19/02/2011 00:00,10/08/2013 00:00,"198.57.186.241","198.57.186.0","US","com",41,14,6,16/05/2012 00:00,16/05/2012 00:00
37,"searchsight.com",25557,11562,1,5,1940159,1029931,417058,09/01/2008 00:00,28/07/2013 00:00,"98.124.199.1","98.124.199.0","US","com",33,27,5,02/06/2009 00:00,04/08/2012 00:00
38,"uhm.vn",9193,109470,1,5,1330813,2224353,498099,07/12/2008 00:00,10/08/2013 00:00,"27.0.14.54","27.0.14.0","VN","vn",36,11,5,30/03/2009 00:00,30/03/2009 00:00
39,"medicalmarijuananebraska.net",140,-1,1,5,1231,5395,4821,26/02/2013 00:00,10/08/2013 00:00,"50.63.120.1","50.63.120.0","US","net",22,2,5,25/02/2013 00:00,10/08/2013 00:00
40,"medicalmarijuanalouisiana.net",46,-1,1,5,246,4614,4246,28/02/2013 00:00,10/08/2013 00:00,"50.63.120.1","50.63.120.0","US","net",15,0,5,26/02/2013 00:00,03/08/2013 00:00
41,"inforama.com.pl",383,-1,1,5,3141,4170248,490468,27/04/2009 00:00,17/01/2013 00:00,"92.242.144.10","92.242.144.0","UK","pl",7,4,5,23/02/2010 00:00,23/02/2010 00:00
42,"minimusopus.com",128,-1,1,5,578,6644,897,28/05/2008 00:00,01/08/2013 00:00,"46.105.111.116","46.105.111.0","FR","com",11,0,5,01/08/2012 00:00,01/08/2012 00:00
43,"maxsp.com",97,-1,1,4,725,1125,255,04/02/2008 00:00,15/11/2008 00:00,"67.123.160.234","67.123.160.0","US","com",7,7,4,18/08/2008 00:00,18/08/2008 00:00
44,"wickerfurnitureworld.com",6,-1,1,4,17,81083,81083,02/02/2008 00:00,10/08/2013 00:00,"173.192.36.235","173.192.36.0","US","com",0,0,4,16/11/2008 00:00,09/12/2008 00:00
45,"fix-desktop-problems.com",5158,-1,1,4,217278,203946,135060,13/01/2009 00:00,10/08/2013 00:00,"208.111.128.7","208.111.128.0","US","com",29,10,4,19/03/2013 00:00,19/03/2013 00:00
46,"toolkit.com",10479,-1,1,4,299031,440491,208994,12/01/2008 00:00,10/08/2013 00:00,"160.109.107.251","160.109.107.0","US","com",41,40,4,10/07/2012 00:00,10/07/2012 00:00
47,"tuninghell.com",5173,-1,1,4,47131,418394,100703,09/07/2010 00:00,10/08/2013 00:00,"176.9.23.121","176.9.23.0","DE","com",43,6,4,04/09/2012 00:00,13/05/2013 00:00
48,"luchtop.nl",3930,-1,1,4,33756,52574,15334,31/01/2008 00:00,01/02/2013 00:00,"83.137.194.21","83.137.194.0","NL","nl",10,2,4,13/05/2012 00:00,13/05/2012 00:00
49,"diktiergeraete-forum.de",5866,-1,1,4,30357,328179,171529,01/02/2010 00:00,26/07/2013 00:00,"85.13.133.58","85.13.133.0","DE","de",36,12,4,26/04/2013 00:00,14/07/2013 00:00
50,"jobgoround.com",5245,-1,1,4,125635,38621,24636,22/01/2008 00:00,10/08/2013 00:00,"97.74.144.152","97.74.144.0","US","com",23,26,4,08/05/2011 00:00,21/05/2012 00:00
51,"senior.com",7255,397674,1,3,88304,396071,138272,18/01/2008 00:00,10/08/2013 00:00,"108.179.255.13","108.179.255.0","US","com",38,32,3,10/07/2012 00:00,23/04/2013 00:00
52,"cameratown.com",12395,732835,1,3,1452609,798176,442120,09/01/2008 00:00,10/08/2013 00:00,"69.168.12.108","69.168.12.0","US","com",32,24,3,10/06/2013 00:00,10/06/2013 00:00
53,"zhangheng.org",89,-1,1,3,1816,21916,13726,21/06/2008 00:00,10/08/2013 00:00,"74.220.199.6","74.220.199.0","US","org",7,0,3,17/06/2012 00:00,17/06/2012 00:00
54,"praxishomepage.de",600,-1,1,3,6681,20800,14226,20/01/2008 00:00,10/08/2013 00:00,"85.236.48.180","85.236.48.0","DE","de",25,19,3,03/07/2012 00:00,27/07/2013 00:00
55,"medicalmarijuanavirginia.net",49,-1,1,3,514,3954,3692,26/02/2013 00:00,10/08/2013 00:00,"50.63.120.1","50.63.120.0","US","net",15,0,3,21/03/2013 00:00,08/08/2013 00:00
56,"kanmerkezi.com",1161,-1,1,3,6106,128530,41390,27/01/2009 00:00,10/08/2013 00:00,"68.178.232.56","68.178.232.0","US","com",22,1,3,26/07/2012 00:00,22/03/2013 00:00
57,"medicalmarijuanaindiana.org",58,-1,1,3,460,4134,3569,19/06/2012 00:00,10/08/2013 00:00,"50.63.120.1","50.63.120.0","US","org",17,2,3,02/08/2013 00:00,08/08/2013 00:00
58,"rulota.ro",31801,-1,1,3,2633659,294473,153195,09/03/2008 00:00,10/08/2013 00:00,"92.114.86.160","92.114.86.0","RO","ro",39,16,3,06/04/2012 00:00,06/04/2012 00:00
59,"gasta.us",266,-1,1,3,350766,1314330,1314330,15/01/2008 00:00,12/03/2013 00:00,"91.210.235.70","91.210.235.0","IE","us",0,0,3,21/06/2009 00:00,21/06/2009 00:00
60,"mkforums.com",5246,-1,1,3,53218,329774,36426,22/12/2011 00:00,06/07/2012 00:00,"208.91.197.13","208.91.197.0","UK","com",18,4,3,10/06/2012 00:00,14/06/2012 00:00
61,"yellowpages.com",331984,559,1,2,43366383,90346516,1438715,09/01/2008 00:00,10/08/2013 00:00,"208.93.105.105","208.93.105.0","US","com",58,61,2,22/09/2008 00:00,22/09/2008 00:00
62,"univision.com",183345,1172,1,2,42275429,17563421,2123452,09/01/2008 00:00,10/08/2013 00:00,"64.14.58.80","64.14.58.0","US","com",62,66,2,14/06/2008 00:00,14/06/2008 00:00
63,"ispionage.com",7609,8606,1,2,472284,9563940,1168292,14/08/2008 00:00,10/08/2013 00:00,"208.73.49.35","208.73.49.0","US","com",37,34,2,08/05/2009 00:00,08/05/2009 00:00
64,"searchcanvas.com",4177,76136,1,2,95537,11481900,685742,28/11/2009 00:00,10/08/2013 00:00,"67.225.149.211","67.225.149.0","US","com",30,14,2,05/06/2010 00:00,05/06/2010 00:00
65,"regionaldirectory.us",1315,143963,1,2,81734,5731482,291413,14/05/2009 00:00,10/08/2013 00:00,"206.130.125.28","206.130.125.0","US","us",41,27,2,14/08/2009 00:00,14/08/2009 00:00
66,"telecom.kz",10089,148027,1,2,672767,1057702,428412,24/01/2008 00:00,10/08/2013 00:00,"82.200.130.203","82.200.130.0","KZ","kz",40,24,2,30/05/2012 00:00,24/05/2013 00:00
67,"weblinkconnect.com",15444,208812,1,2,12452442,2237623,655559,09/01/2008 00:00,10/08/2013 00:00,"65.38.3.34","65.38.3.0","US","com",49,47,2,29/01/2009 00:00,29/01/2009 00:00
68,"fixitclub.com",3707,325245,1,2,195605,722933,247216,03/03/2008 00:00,10/08/2013 00:00,"174.120.155.251","174.120.155.0","US","com",34,32,2,22/02/2013 00:00,22/02/2013 00:00
69,"bigfinder.de",12138,428763,1,2,1869979,113498,72123,26/01/2008 00:00,10/08/2013 00:00,"83.133.125.202","83.133.125.0","DE","de",27,14,2,26/02/2012 00:00,26/02/2012 00:00
70,"learnthenet.com",20837,447360,1,2,477533,553557,211820,10/01/2008 00:00,10/08/2013 00:00,"69.89.31.86","69.89.31.0","US","com",49,55,2,10/04/2011 00:00,27/02/2013 00:00
71,"gioo.com",4335,572117,1,2,7594564,20151886,1445388,03/02/2008 00:00,08/08/2013 00:00,"218.48.157.135","218.48.157.0","KR","com",25,11,2,30/07/2010 00:00,30/07/2010 00:00
72,"directorytumble.com",1059,619056,1,2,119777,63637,15315,22/11/2010 00:00,10/08/2013 00:00,"74.220.199.6","74.220.199.0","US","com",13,7,2,03/09/2012 00:00,03/09/2012 00:00
73,"bizshark.com",5305,769137,1,2,82860,3580842,804183,21/05/2009 00:00,08/08/2013 00:00,"141.101.125.18","141.101.125.0","EU","com",24,23,2,01/09/2009 00:00,01/09/2009 00:00
74,"backpainunitedstates.com",625,928947,1,2,19596,26962,14780,25/11/2010 00:00,10/08/2013 00:00,"184.173.193.62","184.173.193.0","US","com",28,2,2,09/05/2012 00:00,09/05/2012 00:00
75,"frankvandervorm.nl",9574,-1,1,2,68200,148322,85587,04/12/2008 00:00,28/06/2013 00:00,"188.93.150.34","188.93.150.0","NL","nl",21,5,2,02/03/2013 00:00,02/03/2013 00:00
76,"northlasvegaschamber.com",778,-1,1,2,180019,1691,631,12/01/2008 00:00,13/06/2013 00:00,"205.178.189.131","205.178.189.0","US","com",13,13,2,08/01/2011 00:00,28/09/2012 00:00
77,"uluorta.net",3408,-1,1,2,21234,26929,6997,23/01/2008 00:00,04/08/2013 00:00,"69.43.161.167","69.43.161.0","US","net",26,5,2,30/03/2012 00:00,30/03/2012 00:00
78,"nocodes.com",1361,-1,1,2,459433,70392,21983,15/11/2008 00:00,28/07/2013 00:00,"208.87.35.103","208.87.35.0","BS","com",4,0,2,15/11/2008 00:00,15/11/2008 00:00
79,"pmz.tv",6203,-1,1,2,84197,113723,29956,10/08/2010 00:00,07/08/2013 00:00,"184.73.218.140","184.73.218.0","US","tv",26,6,2,14/02/2012 00:00,14/02/2012 00:00
80,"mostangs.com",20640,-1,1,2,1143645,197853,66572,28/06/2012 00:00,10/08/2013 00:00,"184.168.238.1","184.168.238.0","US","com",39,6,2,10/07/2012 00:00,10/07/2012 00:00
81,"sguub.com",3,-1,1,2,3,911996,911996,12/11/2009 00:00,10/08/2013 00:00,"97.74.215.184","97.74.215.0","US","com",0,0,2,21/06/2010 00:00,21/06/2010 00:00
82,"medicalmarijuanamississippi.org",63,-1,1,2,518,4119,3715,04/03/2013 00:00,10/08/2013 00:00,"50.63.120.1","50.63.120.0","US","org",15,0,2,06/03/2013 00:00,29/07/2013 00:00
83,"raovathaiphong.vn",181,-1,1,2,4836,1133303,222589,05/11/2010 00:00,10/08/2013 00:00,"199.59.241.250","199.59.241.0","US","vn",8,0,2,08/02/2011 00:00,03/01/2012 00:00
84,"socialregister.com",556,-1,1,2,5563,799,644,17/01/2008 00:00,10/08/2013 00:00,"24.120.233.102","24.120.233.0","US","com",21,9,2,17/01/2008 00:00,27/05/2008 00:00
85,"thevegashotels.com",2,-1,1,2,32,1668,1210,15/02/2008 00:00,03/09/2008 00:00,"8.5.1.48","8.5.1.0","US","com",0,0,2,30/06/2008 00:00,30/06/2008 00:00
86,"tagvy.com",795,-1,1,2,11429,3098172,1466405,11/01/2008 00:00,10/08/2013 00:00,"213.83.63.51","213.83.63.0","DE","com",18,14,2,01/08/2009 00:00,01/08/2009 00:00
87,"weightlossdallasweightloss.com",663,-1,1,2,13653,17566,13070,13/10/2009 00:00,27/05/2013 00:00,"149.47.132.220","149.47.132.0","US","com",13,3,2,26/06/2012 00:00,04/07/2012 00:00
88,"althiriany.com",1928,-1,1,2,13493,76418,25577,06/11/2012 00:00,10/08/2013 00:00,"50.63.38.1","50.63.38.0","US","com",28,4,2,03/05/2013 00:00,25/07/2013 00:00
89,"golfstrim.net",28154,-1,1,2,383926,985025,229404,26/04/2008 00:00,10/08/2013 00:00,"178.162.182.163","178.162.182.0","DE","net",48,9,2,25/03/2012 00:00,25/03/2012 00:00
90,"beautiful-smile.info",314,-1,1,2,3535,21169,14063,06/02/2012 00:00,10/08/2013 00:00,"208.87.35.103","208.87.35.0","BS","info",25,0,2,21/05/2012 00:00,26/06/2012 00:00
91,"bnilasvegas.com",166,-1,1,2,809,1235,1192,04/03/2008 00:00,10/08/2013 00:00,"83.138.153.47","83.138.153.0","UK","com",16,19,2,18/04/2013 00:00,04/07/2013 00:00
92,"malapolska.in",153,-1,1,2,987,46149,30801,10/12/2008 00:00,07/04/2013 00:00,"198.58.93.40","198.58.93.0","US","in",6,2,2,08/06/2012 00:00,06/07/2012 00:00
93,"kuk-bot.net",10905,-1,1,2,77792,76994,14556,14/07/2008 00:00,10/08/2013 00:00,"74.208.63.155","74.208.63.0","US","net",19,5,2,31/07/2012 00:00,31/07/2012 00:00
94,"davidsoul.es",2088,-1,1,2,7464,28591,7326,18/12/2009 00:00,09/08/2013 00:00,"109.205.137.75","109.205.137.0","ES","es",14,2,2,13/04/2012 00:00,13/04/2012 00:00
95,"digitalhomethoughts.com",6223,-1,1,2,1416562,75071,60871,09/01/2008 00:00,10/08/2013 00:00,"74.208.8.8","74.208.8.0","US","com",41,40,2,04/04/2013 00:00,04/04/2013 00:00
96,"h2ns.dk",4420,-1,1,2,30343,80614,24092,23/01/2008 00:00,10/08/2013 00:00,"46.30.211.48","46.30.211.0","DK","dk",24,12,2,22/03/2012 00:00,03/04/2012 00:00
97,"i-put-you.cc",354,-1,1,2,4918,4602,3445,06/11/2011 00:00,10/08/2013 00:00,"80.67.28.225","80.67.28.0","DE","cc",19,6,2,24/03/2013 00:00,29/03/2013 00:00
98,"medicalmarijuanamissouri.net",351,-1,1,2,4751,4558,3804,17/12/2010 00:00,10/08/2013 00:00,"50.63.120.1","50.63.120.0","US","net",25,4,2,03/05/2013 00:00,25/07/2013 00:00
99,"aikido.org.au",7848,-1,1,2,181155,88065,37572,31/01/2008 00:00,10/08/2013 00:00,"202.124.241.200","202.124.241.0","AU","au",24,26,2,18/03/2012 00:00,10/07/2012 00:00
100,"gccpigeon.com",721,-1,1,2,74933,166991,56083,07/06/2010 00:00,10/08/2013 00:00,"108.179.202.238","108.179.202.0","US","com",18,3,2,05/05/2012 00:00,05/05/2012 00:00
101,"nlvchamber.org",658,-1,1,2,2234,935,385,13/04/2008 00:00,01/08/2012 00:00,"8.5.1.35","8.5.1.0","US","org",14,15,2,22/01/2011 00:00,12/10/2012 00:00
102,"hemagazine.com",6601,-1,1,2,3336168,1448752,358599,16/01/2008 00:00,10/08/2013 00:00,"72.32.186.151","72.32.186.0","US","com",24,32,2,20/08/2012 00:00,20/08/2012 00:00
103,"wisechiropractor.com",94,-1,1,2,2795,1172,875,29/07/2009 00:00,08/08/2013 00:00,"216.240.189.1","216.240.189.0","US","com",11,8,2,10/10/2009 00:00,10/10/2009 00:00
104,"ind-insurance.com",222,-1,1,2,3129,233,103,18/09/2008 00:00,09/08/2013 00:00,"173.201.216.75","173.201.216.0","US","com",18,17,2,18/01/2011 00:00,05/07/2013 00:00
105,"chirobevel.be",3293,-1,1,2,16202,188555,55046,28/10/2009 00:00,10/08/2013 00:00,"46.30.211.54","46.30.211.0","DK","be",29,9,2,28/02/2012 00:00,28/02/2012 00:00
106,"teamproject.com.br",46,-1,1,2,518,56456,49416,03/09/2010 00:00,10/08/2013 00:00,"198.1.82.104","198.1.82.0","US","br",17,2,2,06/06/2012 00:00,06/06/2012 00:00
107,"quarkbase.com",23096,-1,1,2,1532723,3102269,1223741,24/07/2009 00:00,16/10/2012 00:00,"23.23.149.228","23.23.149.0","US","com",33,32,2,03/01/2010 00:00,18/09/2012 00:00
108,"flickr.com",4261949,79,1,1,11773867679,2565569659,64343218,09/01/2008 00:00,10/08/2013 00:00,"216.115.110.119","216.115.110.0","US","com",94,96,1,10/03/2011 00:00,26/06/2013 00:00
109,"builtwith.com",43844,6738,1,1,10046722,16533030,1723821,09/01/2008 00:00,10/08/2013 00:00,"88.198.48.141","88.198.48.0","DE","com",62,42,1,30/03/2010 00:00,16/05/2010 00:00
110,"mojopages.com",85881,12753,1,1,87103383,34973618,3988524,12/01/2008 00:00,10/08/2013 00:00,"72.21.94.91","72.21.94.0","US","com",72,47,1,13/09/2008 00:00,13/09/2008 00:00
111,"cubestat.com",41884,15296,1,1,3445894,13161732,1758905,19/09/2008 00:00,10/08/2013 00:00,"178.32.226.1","178.32.226.0","FR","com",43,46,1,02/10/2009 00:00,12/02/2013 00:00
112,"reviewjournal.com",61959,18833,1,1,45379356,57215594,2545354,09/01/2008 00:00,10/08/2013 00:00,"54.245.88.31","54.245.88.0","US","com",72,62,1,11/07/2010 00:00,30/07/2010 00:00
113,"pressreleasespider.com",15014,23604,1,1,472469,240091,194415,10/01/2008 00:00,10/08/2013 00:00,"174.36.142.69","174.36.142.0","US","com",41,20,1,11/11/2008 00:00,18/01/2013 00:00
114,"purplemath.com",19857,28301,1,1,397142,494303,168281,12/01/2008 00:00,10/08/2013 00:00,"72.52.208.14","72.52.208.0","US","com",50,58,1,10/03/2013 00:00,13/03/2013 00:00
115,"submit2dir.info",6487,35767,1,1,4291837,457207,342280,08/05/2008 00:00,10/07/2013 00:00,"205.196.211.22","205.196.211.0","US","info",24,14,1,24/09/2012 00:00,24/09/2012 00:00
116,"adultvideoscript.com",22608,43523,1,1,4428485,322960,102646,03/09/2009 00:00,10/08/2013 00:00,"74.86.248.168","74.86.248.0","US","com",49,19,1,22/05/2013 00:00,22/05/2013 00:00
117,"fox5vegas.com",54128,56898,1,1,3615554,7516051,695376,09/01/2008 00:00,10/08/2013 00:00,"184.28.17.219","184.28.17.0","US","com",54,39,1,13/08/2010 00:00,13/08/2010 00:00
118,"faithfreedom.org",38354,61909,1,1,2748417,2733590,940603,21/01/2008 00:00,10/08/2013 00:00,"208.115.221.106","208.115.221.0","US","org",48,54,1,28/02/2013 00:00,28/02/2013 00:00
119,"euroresidentes.es",27063,62645,1,1,4522658,108158,46610,27/01/2008 00:00,10/08/2013 00:00,"50.57.230.114","50.57.230.0","US","es",45,43,1,26/05/2012 00:00,21/12/2012 00:00
120,"localndex.com",1003,128017,1,1,68261,7294435,933172,20/11/2009 00:00,10/08/2013 00:00,"216.139.93.211","216.139.93.0","US","com",24,15,1,14/05/2010 00:00,14/05/2010 00:00
121,"articulosinformativos.com",1745,327764,1,1,380955,8184208,393807,04/08/2008 00:00,10/08/2013 00:00,"23.15.7.131","23.15.7.0","US","com",23,13,1,07/11/2011 00:00,04/04/2012 00:00
122,"survivalinsight.com",2868,370529,1,1,177296,767524,232896,29/01/2009 00:00,10/08/2013 00:00,"69.89.31.213","69.89.31.0","US","com",39,33,1,03/07/2013 00:00,03/07/2013 00:00
123,"lvchamber.com",9595,463083,1,1,2178445,184573,151507,06/02/2008 00:00,10/08/2013 00:00,"24.120.122.10","24.120.122.0","US","com",39,52,1,06/01/2011 00:00,01/03/2011 00:00
124,"mobigf.com",18158,559357,1,1,154294,70467,18739,20/06/2012 00:00,10/08/2013 00:00,"216.18.174.217","216.18.174.0","US","com",36,9,1,11/03/2013 00:00,11/03/2013 00:00
125,"bannerview.com",4043,565275,1,1,356291,353980,110727,10/01/2008 00:00,10/08/2013 00:00,"24.120.232.50","24.120.232.0","US","com",37,22,1,11/02/2008 00:00,11/02/2008 00:00
126,"klewer.pl",2423,613944,1,1,88142,16093,12298,03/10/2010 00:00,10/08/2013 00:00,"79.96.43.47","79.96.43.0","PL","pl",38,10,1,04/03/2013 00:00,04/03/2013 00:00
127,"rotary3050.org.in",198,763691,1,1,1360,20374,14447,28/07/2010 00:00,10/08/2013 00:00,"91.148.168.243","91.148.168.0","BG","in",28,4,1,13/04/2012 00:00,13/04/2012 00:00
128,"zdaemon.org",4454,-1,1,1,133072,535255,216675,22/01/2008 00:00,10/08/2013 00:00,"78.47.240.170","78.47.240.0","DE","org",38,41,1,06/05/2012 00:00,06/05/2012 00:00
129,"rooog.org",162,-1,1,1,642,54653,22661,25/03/2011 00:00,10/08/2013 00:00,"5.9.61.167","5.9.61.0","DE","org",16,3,1,23/03/2012 00:00,23/03/2012 00:00
130,"epilepsyhelp.ru",1239,-1,1,1,5933,36126,14895,02/06/2008 00:00,10/08/2013 00:00,"77.221.155.154","77.221.155.0","RU","ru",27,3,1,29/07/2013 00:00,29/07/2013 00:00
131,"medicalmarijuanamississippi.net",114,-1,1,1,1240,6069,5018,27/02/2013 00:00,10/08/2013 00:00,"50.63.120.1","50.63.120.0","US","net",20,0,1,07/08/2013 00:00,07/08/2013 00:00
132,"medicalmarijuanamassachusetts.net",111,-1,1,1,315,4112,3696,28/02/2013 00:00,10/08/2013 00:00,"50.63.120.1","50.63.120.0","US","net",19,0,1,23/02/2013 00:00,20/07/2013 00:00
133,"ssl2.pl",40650,-1,1,1,1600100,742764,126616,24/03/2011 00:00,10/08/2013 00:00,"62.212.76.147","62.212.76.0","NL","pl",34,15,1,13/06/2012 00:00,13/06/2012 00:00
134,"medicalmarijuanatennessee.net",382,-1,1,1,12038,4675,3941,06/02/2013 00:00,10/08/2013 00:00,"50.63.120.1","50.63.120.0","US","net",26,2,1,27/05/2013 00:00,08/08/2013 00:00
135,"medicalmarijuanatexas.net",72,-1,1,1,508,4443,3930,24/02/2013 00:00,10/08/2013 00:00,"50.63.120.1","50.63.120.0","US","net",16,2,1,30/07/2013 00:00,30/07/2013 00:00
136,"sugarstitch.org",18,-1,1,1,265,37150,16313,19/10/2011 00:00,09/08/2013 00:00,"98.129.229.162","98.129.229.0","US","org",9,0,1,14/06/2012 00:00,14/06/2012 00:00
137,"ukforum.pl",5733,-1,1,1,129238,64881,18600,19/09/2010 00:00,10/08/2013 00:00,"91.203.133.121","91.203.133.0","PL","pl",25,3,1,17/07/2012 00:00,17/07/2012 00:00
138,"leisuresea.net",520,-1,1,1,17134,415918,178702,03/09/2010 00:00,10/08/2013 00:00,"97.74.215.167","97.74.215.0","US","net",8,1,1,19/06/2012 00:00,19/06/2012 00:00
139,"partners4results.org",635,-1,1,1,78712,8268,4243,27/08/2008 00:00,10/08/2013 00:00,"96.30.242.78","96.30.242.0","US","org",15,16,1,04/05/2012 00:00,04/05/2012 00:00
140,"islamickorner.net",1669,-1,1,1,49730,567941,174159,01/06/2011 00:00,10/08/2013 00:00,"206.253.167.162","206.253.167.0","US","net",30,9,1,29/03/2012 00:00,29/03/2012 00:00
141,"iaf.net",27838,-1,1,1,1679349,40506408,1948135,10/01/2008 00:00,31/07/2013 00:00,"65.124.55.56","65.124.55.0","US","net",30,34,1,04/07/2008 00:00,04/07/2008 00:00
142,"cdbox.ru",5205,-1,1,1,39685,205696,105136,16/01/2008 00:00,10/08/2013 00:00,"213.248.62.185","213.248.62.0","RU","ru",12,5,1,01/08/2012 00:00,01/08/2012 00:00
143,"corabiaforum.ro",35,-1,1,1,85,73053,31921,18/06/2012 00:00,10/08/2013 00:00,"81.18.86.3","81.18.86.0","RO","ro",12,0,1,10/08/2013 00:00,10/08/2013 00:00
144,"personal-job.ro",8420,-1,1,1,127662,55941,26615,14/06/2012 00:00,10/08/2013 00:00,"89.33.197.74","89.33.197.0","RO","ro",48,12,1,13/04/2013 00:00,22/07/2013 00:00
145,"boatyard.ru",7033,-1,1,1,173747,147760,56610,20/01/2008 00:00,29/09/2012 00:00,"67.215.66.132","67.215.66.0","US","ru",14,14,1,04/07/2012 00:00,04/07/2012 00:00
146,"eliteperfectworld.net",163,-1,1,1,2494,1709,464,18/06/2012 00:00,10/08/2013 00:00,"108.162.199.61","108.162.199.0","US","net",16,0,1,21/02/2013 00:00,21/02/2013 00:00
147,"el-rincon.net",809,-1,1,1,4217,118939,40639,28/01/2008 00:00,10/08/2013 00:00,"217.76.130.52","217.76.130.0","ES","net",25,0,1,03/08/2012 00:00,03/08/2012 00:00
148,"eforumz.net",17467,-1,1,1,308043,211151,90200,15/08/2010 00:00,10/08/2013 00:00,"46.252.207.1","46.252.207.0","NL","net",34,4,1,09/05/2013 00:00,09/05/2013 00:00
149,"tas-corp.com.vn",4680,-1,1,1,22752,259991,57860,12/04/2011 00:00,10/08/2013 00:00,"112.78.2.35","112.78.2.0","VN","vn",27,4,1,20/03/2013 00:00,20/03/2013 00:00
150,"aofbilgi.net",1128,-1,1,1,24131,619321,181126,23/02/2008 00:00,10/08/2013 00:00,"208.91.197.101","208.91.197.0","UK","net",20,6,1,12/04/2012 00:00,12/04/2012 00:00
151,"medicalmarijuanaidaho.net",139,-1,1,1,1316,4784,4284,26/02/2013 00:00,10/08/2013 00:00,"50.63.120.1","50.63.120.0","US","net",24,2,1,29/07/2013 00:00,29/07/2013 00:00
152,"wildhogs.se",130,-1,1,1,23864,2225,1793,15/06/2012 00:00,10/08/2013 00:00,"46.30.211.53","46.30.211.0","DK","se",21,2,1,02/03/2013 00:00,19/07/2013 00:00
153,"mullerovi.net",110,-1,1,1,1289,26536,17184,27/01/2008 00:00,14/08/2012 00:00,"69.43.161.167","69.43.161.0","US","net",13,9,1,13/05/2012 00:00,13/05/2012 00:00
154,"messiahbaptist-ct.org",1111,-1,1,1,6028,1448,946,16/07/2008 00:00,10/08/2013 00:00,"68.178.232.95","68.178.232.0","US","org",24,3,1,26/07/2012 00:00,26/07/2012 00:00
155,"onzeclubtoppers.nl",25391,-1,1,1,315656,459187,114814,18/02/2010 00:00,10/08/2013 00:00,"85.17.210.66","85.17.210.0","NL","nl",27,8,1,24/04/2012 00:00,24/04/2012 00:00
156,"coiaa.org",739,-1,1,1,3854,62005,31501,07/07/2008 00:00,10/08/2013 00:00,"188.165.222.222","188.165.222.0","FR","org",23,14,1,11/03/2012 00:00,11/03/2012 00:00
157,"karmanos.org",12149,-1,1,1,449584,75499,23918,24/01/2008 00:00,10/08/2013 00:00,"204.16.251.241","204.16.251.0","US","org",38,54,1,17/04/2012 00:00,17/04/2012 00:00
158,"zone-five.net",8161,-1,1,1,141473,1375093,243990,05/03/2009 00:00,10/08/2013 00:00,"184.168.192.42","184.168.192.0","US","net",44,21,1,29/04/2012 00:00,29/04/2012 00:00
159,"kashkool.org",7677,-1,1,1,349021,878228,128463,25/01/2008 00:00,10/08/2013 00:00,"67.215.66.132","67.215.66.0","US","org",26,4,1,15/03/2012 00:00,15/03/2012 00:00
160,"louisianamedicalmarijuana.org",114,-1,1,1,604,4502,3959,19/06/2012 00:00,02/08/2013 00:00,"50.63.120.1","50.63.120.0","US","org",19,1,1,02/08/2013 00:00,02/08/2013 00:00
161,"tnua.edu.tw",69266,-1,1,1,3486626,293743,128595,25/01/2008 00:00,10/08/2013 00:00,"60.251.46.221","60.251.46.0","TW","tw",46,66,1,25/07/2012 00:00,25/07/2012 00:00
162,"medicalmarijuanakansas.org",130,-1,1,1,1340,4738,3934,28/02/2013 00:00,10/08/2013 00:00,"50.63.120.1","50.63.120.0","US","org",20,1,1,05/08/2013 00:00,05/08/2013 00:00
163,"vegastourpackage.net",2,-1,1,1,2,117447,43088,14/12/2010 00:00,13/02/2011 00:00,"208.122.229.10","208.122.229.0","US","net",0,0,1,04/02/2011 00:00,04/02/2011 00:00
164,"red-grey.co.uk",973,-1,1,1,12563,199516,133940,18/06/2012 00:00,10/08/2013 00:00,"178.239.161.51","178.239.161.0","UK","uk",24,7,1,26/04/2013 00:00,09/08/2013 00:00
165,"vegastimeshare.net",42,-1,1,1,86,143319,40633,04/01/2011 00:00,25/05/2013 00:00,"176.74.176.167","176.74.176.0","UK","net",0,0,1,04/02/2011 00:00,04/02/2011 00:00
166,"sphynxdillan.se",3246,-1,1,1,21870,89690,42315,30/08/2010 00:00,10/08/2013 00:00,"46.30.211.49","46.30.211.0","DK","se",20,8,1,30/04/2012 00:00,30/04/2012 00:00
167,"vegasshowpackages.net",0,-1,1,1,0,165794,64299,24/12/2010 00:00,13/02/2011 00:00,"208.122.229.10","208.122.229.0","US","net",0,0,1,04/02/2011 00:00,04/02/2011 00:00
168,"vegaspropertyvalues.net",4,-1,1,1,5,179389,70202,07/11/2010 00:00,10/03/2011 00:00,"208.122.229.10","208.122.229.0","US","net",0,0,1,06/02/2011 00:00,06/02/2011 00:00
169,"sms-swimmingpoolforum.co.uk",2318,-1,1,1,16670,59404,16096,21/07/2009 00:00,10/08/2013 00:00,"79.170.40.225","79.170.40.0","UK","uk",13,4,1,20/02/2012 00:00,20/02/2012 00:00
170,"vrkb.ru",5718,-1,1,1,44105,70321,33773,08/02/2008 00:00,10/08/2013 00:00,"80.93.62.50","80.93.62.0","RU","ru",21,4,1,10/04/2012 00:00,10/04/2012 00:00
171,"vegashotelpackage.net",1,-1,1,1,5,175588,106056,02/10/2010 00:00,13/03/2011 00:00,"208.122.229.10","208.122.229.0","US","net",4,0,1,05/02/2011 00:00,05/02/2011 00:00
172,"medicalmarijuanawyoming.org",102,-1,1,1,507,5230,4253,25/05/2013 00:00,10/08/2013 00:00,"50.63.120.1","50.63.120.0","US","org",20,0,1,02/08/2013 00:00,02/08/2013 00:00
173,"medicalmarijuanautah.org",196,-1,1,1,1178,5458,3971,19/06/2012 00:00,10/08/2013 00:00,"50.63.120.1","50.63.120.0","US","org",26,7,1,01/08/2013 00:00,01/08/2013 00:00
174,"medicalmarijuanasouthdakota.org",333,-1,1,1,3778,4702,3845,19/06/2012 00:00,10/08/2013 00:00,"50.63.120.1","50.63.120.0","US","org",25,4,1,21/07/2013 00:00,21/07/2013 00:00
175,"ogretiyorum.net",1570,-1,1,1,125353,1642999,537374,25/02/2008 00:00,10/08/2013 00:00,"176.53.44.148","176.53.44.0","TR","net",20,18,1,07/05/2012 00:00,07/05/2012 00:00
176,"sama14.net",93,-1,1,1,1170,5175,902,28/11/2011 00:00,19/06/2012 00:00,"96.44.150.55","96.44.150.0","US","net",8,0,1,27/04/2012 00:00,27/04/2012 00:00
177,"medicalmarijuananorthdakota.org",329,-1,1,1,8952,4775,3739,27/02/2013 00:00,10/08/2013 00:00,"50.63.120.1","50.63.120.0","US","org",22,3,1,02/05/2013 00:00,09/08/2013 00:00
178,"gamerelax.ru",2784,-1,1,1,60175,174323,52506,14/02/2009 00:00,09/10/2012 00:00,"67.228.45.68","67.228.45.0","US","ru",10,8,1,08/04/2012 00:00,08/04/2012 00:00
179,"nikol.net.ru",9336,-1,1,1,103125,200981,59793,04/11/2008 00:00,01/08/2013 00:00,"80.93.49.30","80.93.49.0","RU","ru",27,5,1,29/08/2012 00:00,25/05/2013 00:00
180,"medicalmarijuananorthcarolina.org",75,-1,1,1,275,3915,3635,17/07/2012 00:00,10/08/2013 00:00,"50.63.120.1","50.63.120.0","US","org",16,0,1,02/05/2013 00:00,09/08/2013 00:00
181,"ticarichat.net",2393,-1,1,1,564902,370705,270073,09/04/2008 00:00,10/08/2013 00:00,"195.244.34.137","195.244.34.0","TR","net",29,9,1,07/07/2013 00:00,07/07/2013 00:00
182,"medicalmarijuananewhampshire.org",102,-1,1,1,500,4821,4055,01/03/2013 00:00,10/08/2013 00:00,"50.63.120.1","50.63.120.0","US","org",20,0,1,25/07/2013 00:00,26/07/2013 00:00
183,"paxanblog.ru",337,-1,1,1,3266,1032,601,23/11/2011 00:00,26/05/2013 00:00,"77.87.193.43","77.87.193.0","UA","ru",10,13,1,12/06/2012 00:00,12/06/2012 00:00
184,"snoot.ru",3329,-1,1,1,390750,10373955,698633,15/11/2009 00:00,10/08/2013 00:00,"69.73.169.145","69.73.169.0","US","ru",15,23,1,22/05/2010 00:00,22/05/2010 00:00
185,"vegashoneymoonpackages.net",2,-1,1,1,5,170654,106609,14/12/2010 00:00,13/02/2011 00:00,"208.122.229.10","208.122.229.0","US","net",0,0,1,22/01/2011 00:00,22/01/2011 00:00
186,"spbfree.net",498,-1,1,1,62250,1224270,352162,30/01/2008 00:00,10/08/2013 00:00,"84.204.225.3","84.204.225.0","RU","net",27,8,1,01/08/2012 00:00,01/08/2012 00:00
187,"6y9.net",19404,-1,1,1,196528,198350,47554,02/07/2008 00:00,01/02/2013 00:00,"82.98.135.43","82.98.135.0","ES","net",24,7,1,17/07/2012 00:00,17/07/2012 00:00
188,"tommyvfoods.com",107,-1,1,1,416,293,268,19/12/2011 00:00,26/07/2013 00:00,"67.210.126.150","67.210.126.0","US","com",9,1,1,23/06/2012 00:00,23/06/2012 00:00
189,"servizipubblicilocali.it",1920,-1,1,1,8353,9212,1566,12/11/2010 00:00,21/01/2013 00:00,"192.167.122.2","192.167.122.0","IT","it",11,5,1,23/03/2012 00:00,23/03/2012 00:00
190,"credit-yourself.com",3128,-1,1,1,51789,449045,99148,10/01/2008 00:00,28/07/2013 00:00,"108.167.179.175","108.167.179.0","US","com",28,14,1,17/10/2011 00:00,26/02/2012 00:00
191,"cumshotbestpics.com",1886,-1,1,1,48967,5700,3341,04/02/2008 00:00,10/08/2013 00:00,"208.94.232.213","208.94.232.0","US","com",21,3,1,21/04/2012 00:00,21/04/2012 00:00
192,"dilimiz.com",3356,-1,1,1,36841,111995,54497,09/01/2008 00:00,10/08/2013 00:00,"93.187.200.179","93.187.200.0","TR","com",25,11,1,28/05/2013 00:00,28/05/2013 00:00
193,"directleatherfurniture.com",0,-1,1,1,0,62831,62830,06/04/2008 00:00,24/01/2009 00:00,"","","","com",0,0,1,16/01/2009 00:00,16/01/2009 00:00
194,"doorcountyicecream.com",349,-1,1,1,6130,65260,4617,14/12/2012 00:00,10/08/2013 00:00,"67.205.2.67","67.205.2.0","US","com",16,16,1,16/03/2011 00:00,16/03/2011 00:00
195,"edcomp.com",2094,-1,1,1,76590,1092406,182125,09/01/2008 00:00,30/07/2013 00:00,"69.64.82.148","69.64.82.0","US","com",20,18,1,25/11/2011 00:00,25/11/2011 00:00
196,"essentialassisting.com",93,-1,1,1,561,486,435,24/07/2010 00:00,10/08/2013 00:00,"69.195.124.68","69.195.124.0","US","com",17,6,1,26/06/2012 00:00,22/12/2012 00:00
197,"file5.com",790,-1,1,1,19926,208843,161777,23/01/2008 00:00,10/08/2013 00:00,"69.174.52.11","69.174.52.0","US","com",21,2,1,06/08/2010 00:00,06/08/2010 00:00
198,"find-pdf.com",812,-1,1,1,349905,5385172,417423,01/12/2009 00:00,09/08/2013 00:00,"82.98.86.161","82.98.86.0","DE","com",11,8,1,27/06/2010 00:00,27/06/2010 00:00
199,"gaga-source.com",827,-1,1,1,40623,137894,124761,09/04/2012 00:00,12/06/2013 00:00,"94.23.248.78","94.23.248.0","FR","com",13,16,1,13/06/2012 00:00,19/10/2012 00:00
200,"hannaalm.com",392,-1,1,1,2692,464,236,20/06/2012 00:00,14/03/2013 00:00,"193.202.110.211","193.202.110.0","NL","com",11,2,1,03/07/2012 00:00,03/07/2012 00:00
201,"inforetail.com",239,-1,1,1,2870,2164,1480,16/08/2010 00:00,10/08/2013 00:00,"205.147.208.251","205.147.208.0","US","com",14,16,1,24/04/2013 00:00,17/07/2013 00:00
202,"jr7ad.com",1030,-1,1,1,20118,797779,166500,30/05/2008 00:00,10/08/2013 00:00,"173.248.148.250","173.248.148.0","US","com",17,2,1,15/04/2012 00:00,15/04/2012 00:00
203,"jymix.com",938,-1,1,1,27463,36595,17141,19/07/2008 00:00,09/08/2013 00:00,"108.166.161.209","108.166.161.0","US","com",20,6,1,02/03/2013 00:00,02/03/2013 00:00
204,"kaoscomics.com",2626,-1,1,1,21699,8590,3473,21/06/2012 00:00,07/08/2013 00:00,"182.50.135.128","182.50.135.0","SG","com",20,3,1,21/06/2012 00:00,21/06/2012 00:00
205,"keaneu.com",978,-1,1,1,47385,2854,1465,19/09/2009 00:00,04/03/2013 00:00,"46.23.68.92","46.23.68.0","UK","com",13,3,1,14/06/2012 00:00,14/06/2012 00:00
206,"ksa-sh.com",5113,-1,1,1,29219,204901,23917,12/05/2008 00:00,24/02/2013 00:00,"64.74.223.40","64.74.223.0","US","com",13,2,1,14/08/2012 00:00,14/08/2012 00:00
207,"computertrainingcompanies.com",311,-1,1,1,1069,58658,31830,30/03/2010 00:00,10/08/2013 00:00,"174.121.83.153","174.121.83.0","US","com",16,13,1,18/04/2011 00:00,05/06/2013 00:00
208,"computerservicecompanies.com",303,-1,1,1,1885,64490,48648,08/04/2010 00:00,10/08/2013 00:00,"174.121.83.153","174.121.83.0","US","com",18,14,1,26/06/2012 00:00,20/07/2013 00:00
209,"cherdakli.com",4714,-1,1,1,80392,326568,52203,12/03/2008 00:00,10/08/2013 00:00,"178.250.241.75","178.250.241.0","RU","com",24,11,1,01/04/2013 00:00,01/04/2013 00:00
210,"cellphonechit.com",9,-1,1,1,28,1363067,1363066,06/02/2008 00:00,07/08/2013 00:00,"208.87.35.103","208.87.35.0","BS","com",0,0,1,08/03/2010 00:00,08/03/2010 00:00
211,"ifz-salzburg.at",1208,-1,1,1,7048,57454,18245,31/05/2010 00:00,10/08/2013 00:00,"89.31.135.14","89.31.135.0","EU","at",27,18,1,29/03/2012 00:00,29/03/2012 00:00
212,"keysboroughcc.com.au",4892,-1,1,1,105297,47314,10878,22/10/2009 00:00,10/08/2013 00:00,"202.146.210.13","202.146.210.0","AU","au",21,4,1,29/04/2012 00:00,29/04/2012 00:00
213,"betasigma.ca",967,-1,1,1,3344,38341,14964,27/01/2008 00:00,10/08/2013 00:00,"50.62.228.1","50.62.228.0","US","ca",12,2,1,29/02/2012 00:00,29/02/2012 00:00
214,"revmat.ch",521,-1,1,1,129301,201797,187526,18/04/2009 00:00,20/01/2013 00:00,"174.129.23.239","174.129.23.0","US","ch",11,2,1,25/07/2012 00:00,25/07/2012 00:00
215,"sepa.com.cn",8081,-1,1,1,62339,89202,33824,12/08/2008 00:00,10/08/2013 00:00,"180.153.253.83","180.153.253.0","CN","cn",33,20,1,11/06/2012 00:00,11/06/2012 00:00
216,"4myhometown.com",936,-1,1,1,28979,1947,1866,19/06/2012 00:00,10/08/2013 00:00,"184.168.249.1","184.168.249.0","US","com",21,6,1,10/07/2012 00:00,10/07/2012 00:00
217,"5giaymuaban.com",25299,-1,1,1,742646,1482007,269710,17/02/2010 00:00,10/08/2013 00:00,"183.91.31.162","183.91.31.0","VN","com",30,7,1,08/03/2012 00:00,04/08/2012 00:00
218,"agronomoandaluz.com",2155,-1,1,1,12282,26800,8143,20/02/2008 00:00,09/08/2013 00:00,"188.165.222.222","188.165.222.0","FR","com",18,6,1,14/03/2012 00:00,14/03/2012 00:00
219,"laquza.com",478,-1,1,1,16588,96655,32513,27/01/2008 00:00,10/08/2013 00:00,"66.96.131.111","66.96.131.0","US","com",38,13,1,21/04/2008 00:00,21/04/2008 00:00
220,"alarabia-traveltours.com",752,-1,1,1,10577,273961,79865,17/09/2010 00:00,10/08/2013 00:00,"210.5.47.102","210.5.47.0","MY","com",18,2,1,14/06/2012 00:00,14/06/2012 00:00
221,"alkhansagsm.com",4953,-1,1,1,46975,1117424,225216,24/07/2008 00:00,10/08/2013 00:00,"97.74.144.174","97.74.144.0","US","com",37,11,1,01/08/2012 00:00,01/08/2012 00:00
222,"alsofof.com",2085,-1,1,1,8908,179770,67270,03/03/2011 00:00,10/08/2013 00:00,"176.74.176.167","176.74.176.0","UK","com",24,2,1,14/06/2012 00:00,14/06/2012 00:00
223,"altric.com",66184,-1,1,1,6614053,709144,241826,26/08/2010 00:00,21/01/2013 00:00,"204.197.242.48","204.197.242.0","US","com",23,7,1,21/07/2012 00:00,21/07/2012 00:00
224,"amateur-swingers-posts.com",24398,-1,1,1,619788,222646,117040,13/01/2008 00:00,10/08/2013 00:00,"75.125.107.130","75.125.107.0","US","com",37,7,1,14/04/2012 00:00,14/04/2012 00:00
225,"aqardaily.com",678,-1,1,1,4102,461554,162498,08/06/2010 00:00,10/08/2013 00:00,"64.74.223.43","64.74.223.0","US","com",15,1,1,09/03/2013 00:00,09/03/2013 00:00
226,"audiotstation.com",5827,-1,1,1,577172,1427381,286053,09/01/2008 00:00,10/08/2013 00:00,"65.38.185.89","65.38.185.0","US","com",35,37,1,25/04/2012 00:00,02/05/2012 00:00
227,"bnat-ok.com",3827,-1,1,1,380544,1330744,257056,25/03/2010 00:00,10/08/2013 00:00,"66.154.116.245","66.154.116.0","CA","com",32,14,1,03/05/2012 00:00,03/05/2012 00:00
228,"bridal-buy.com",2624,-1,1,1,253499,221225,125030,21/06/2012 00:00,10/08/2013 00:00,"66.220.4.87","66.220.4.0","US","com",39,28,1,24/02/2013 00:00,15/03/2013 00:00
229,"alfadesarrolloweb.com",474,-1,1,1,134627,68061,24749,23/10/2009 00:00,09/08/2013 00:00,"107.6.16.13","107.6.16.0","US","com",18,3,1,16/04/2012 00:00,16/04/2012 00:00
230,"oksalis.lt",4890,-1,1,1,50365,208966,90667,24/01/2008 00:00,10/08/2013 00:00,"92.61.33.227","92.61.33.0","LT","lt",35,18,1,29/03/2012 00:00,29/03/2012 00:00
231,"makemeablogger.com",44605,-1,1,1,1041165,835642,239770,28/11/2008 00:00,10/08/2013 00:00,"67.222.101.40","67.222.101.0","US","com",31,11,1,03/08/2012 00:00,03/08/2012 00:00
232,"mygoogleblogger.com",381,-1,1,1,3185,53456,50765,21/02/2013 00:00,10/08/2013 00:00,"69.175.75.130","69.175.75.0","US","com",12,1,1,25/03/2013 00:00,25/03/2013 00:00
233,"wongsearch.com",37,-1,1,1,417,550688,419700,16/11/2008 00:00,08/02/2013 00:00,"107.20.206.69","107.20.206.0","US","com",4,0,1,16/07/2009 00:00,16/07/2009 00:00
234,"yeketilawan.com",119,-1,1,1,3294,63347,20843,07/04/2011 00:00,10/08/2013 00:00,"46.30.211.53","46.30.211.0","DK","com",12,11,1,04/05/2012 00:00,04/05/2012 00:00
235,"p4c.cz",108,-1,1,1,1187,18649,11004,17/03/2008 00:00,10/08/2013 00:00,"89.185.247.111","89.185.247.0","CZ","cz",20,31,1,21/06/2012 00:00,21/06/2012 00:00
236,"cfd-forum.de",1947,-1,1,1,22713,184446,56589,20/10/2010 00:00,19/11/2012 00:00,"83.169.34.37","83.169.34.0","DE","de",14,3,1,15/04/2012 00:00,15/04/2012 00:00
237,"pv-sites.de",1759,-1,1,1,7471,73823,18609,18/06/2012 00:00,10/08/2013 00:00,"46.30.211.54","46.30.211.0","DK","de",32,7,1,13/07/2013 00:00,13/07/2013 00:00
238,"uclue.de",4434,-1,1,1,31361708,8607350,1673881,01/02/2008 00:00,28/08/2011 00:00,"178.63.15.17","178.63.15.0","DE","de",13,14,1,12/01/2010 00:00,12/01/2010 00:00
239,"steenet.dk",7966,-1,1,1,88932,110951,30191,02/12/2010 00:00,28/07/2013 00:00,"46.30.211.48","46.30.211.0","DK","dk",44,4,1,27/07/2013 00:00,27/07/2013 00:00
240,"orlandojorgemera.com.do",339,-1,1,1,23920,23736,18732,24/01/2008 00:00,10/08/2013 00:00,"98.129.229.182","98.129.229.0","US","do",25,8,1,07/07/2013 00:00,11/07/2013 00:00
241,"tecnoseek.eu",396,-1,1,1,835907,1837167,319716,14/01/2008 00:00,10/08/2013 00:00,"5.144.160.178","5.144.160.0","IT","eu",13,11,1,29/12/2008 00:00,29/12/2008 00:00
242,"tower-defense.fr",1269,-1,1,1,8134,43301,23030,22/02/2013 00:00,10/08/2013 00:00,"87.106.17.203","87.106.17.0","DE","fr",25,2,1,11/06/2012 00:00,11/06/2012 00:00
243,"zabavan.fr",84,-1,1,1,174,2615,2538,03/07/2013 00:00,10/08/2013 00:00,"213.186.33.19","213.186.33.0","FR","fr",17,0,1,28/02/2013 00:00,23/07/2013 00:00
244,"unimmer.ac.id",2387,-1,1,1,12405,271885,138764,12/12/2010 00:00,10/08/2013 00:00,"96.30.34.52","96.30.34.0","US","id",15,9,1,01/03/2012 00:00,01/03/2012 00:00
245,"computer-hardware-directory.info",683,-1,1,1,476919,20423,19593,10/07/2009 00:00,10/08/2013 00:00,"208.87.35.103","208.87.35.0","BS","info",21,26,1,02/10/2012 00:00,09/10/2012 00:00
246,"jensel.info",123,-1,1,1,2121,115426,64434,22/02/2013 00:00,10/08/2013 00:00,"97.74.215.56","97.74.215.0","US","info",11,2,1,22/07/2013 00:00,22/07/2013 00:00
247,"mooreinstitute.info",13439,-1,1,1,103220,83771,19498,29/04/2011 00:00,10/08/2013 00:00,"208.91.199.233","208.91.199.0","US","info",24,8,1,02/03/2012 00:00,02/03/2012 00:00
248,"aris.it",521,-1,1,1,2373,6825,3344,16/02/2008 00:00,10/08/2013 00:00,"62.149.130.47","62.149.130.0","IT","it",14,21,1,24/03/2013 00:00,17/07/2013 00:00
249,"sentichenotizia.it",4189,-1,1,1,125415,23273,5523,19/08/2008 00:00,10/08/2013 00:00,"62.149.140.88","62.149.140.0","IT","it",16,6,1,01/03/2012 00:00,01/03/2012 00:00
250,"webdesignersolutions.com",166,-1,1,1,12792,59875,42232,10/10/2010 00:00,08/08/2013 00:00,"174.121.83.153","174.121.83.0","US","com",19,15,1,19/05/2011 00:00,06/07/2013 00:00
251,"vb-p.com",3306,-1,1,1,34084,187120,32326,16/08/2010 00:00,19/07/2013 00:00,"184.154.178.179","184.154.178.0","US","com",25,3,1,14/06/2012 00:00,14/06/2012 00:00
252,"ussitemap.com",0,-1,1,1,0,333840,333840,26/06/2009 00:00,19/06/2013 00:00,"174.137.132.36","174.137.132.0","US","com",0,0,1,28/09/2009 00:00,28/09/2009 00:00
253,"usacomputerequipment.com",15,-1,1,1,80,26498,26439,09/04/2010 00:00,10/08/2013 00:00,"174.120.19.158","174.120.19.0","US","com",0,0,1,07/07/2012 00:00,31/07/2013 00:00
254,"myvideoalbum.com",15833,-1,1,1,103760,172156,49942,26/09/2008 00:00,10/08/2013 00:00,"64.202.163.76","64.202.163.0","US","com",41,4,1,22/04/2012 00:00,22/04/2012 00:00
255,"oincwireless.com",10769,-1,1,1,89437,24715,9743,05/05/2008 00:00,10/08/2013 00:00,"208.109.138.7","208.109.138.0","US","com",39,4,1,14/06/2012 00:00,14/06/2012 00:00
256,"pa-to-la.com",466,-1,1,1,10096,2915,1733,21/06/2012 00:00,10/08/2013 00:00,"178.238.228.115","178.238.228.0","DE","com",30,7,1,21/06/2012 00:00,21/06/2012 00:00
257,"perkymomsvids.com",2719,-1,1,1,38362,7750,4283,30/01/2008 00:00,10/08/2013 00:00,"74.117.179.23","74.117.179.0","US","com",23,6,1,14/07/2012 00:00,14/07/2012 00:00
258,"phrasehop.com",5,-1,1,1,10,1045802,1045801,13/02/2009 00:00,09/08/2013 00:00,"69.163.181.241","69.163.181.0","US","com",0,0,1,11/10/2009 00:00,11/10/2009 00:00
259,"propertyedinburgh.com",19,-1,1,1,1001,455782,455781,02/09/2009 00:00,28/12/2012 00:00,"82.98.86.172","82.98.86.0","DE","com",0,0,1,12/09/2010 00:00,12/09/2010 00:00
260,"realestateandland.com",151,-1,1,1,346736,781523,233150,01/02/2008 00:00,10/08/2013 00:00,"50.63.202.37","50.63.202.0","US","com",5,0,1,03/09/2009 00:00,03/09/2009 00:00
261,"rhiannonartecelta.com",14057,-1,1,1,113351,269778,38692,03/08/2008 00:00,07/08/2013 00:00,"82.98.134.9","82.98.134.0","ES","com",21,9,1,27/07/2012 00:00,27/07/2012 00:00
262,"muleburra.com",991,-1,1,1,82914,12426,3799,14/01/2008 00:00,19/10/2012 00:00,"72.44.93.124","72.44.93.0","US","com",15,8,1,02/05/2012 00:00,02/05/2012 00:00
263,"rich-stadnick.com",398,-1,1,1,2268,1537,1501,13/09/2012 00:00,09/07/2013 00:00,"77.95.228.69","77.95.228.0","NL","com",25,1,1,21/06/2012 00:00,21/06/2012 00:00
264,"swiatzdrowia.com",3768,-1,1,1,15065,61273,14671,29/07/2008 00:00,10/08/2013 00:00,"89.161.186.164","89.161.186.0","PL","com",34,12,1,20/02/2013 00:00,21/02/2013 00:00
265,"thaicomic.com",3952,-1,1,1,38586,654398,216758,25/01/2008 00:00,10/08/2013 00:00,"203.150.8.139","203.150.8.0","TH","com",35,9,1,10/07/2012 00:00,10/07/2012 00:00
266,"thenadas.com",2486,-1,1,1,62440,8878,5933,01/02/2008 00:00,10/08/2013 00:00,"199.204.253.45","199.204.253.0","US","com",29,31,1,15/06/2012 00:00,15/06/2012 00:00
267,"thsbandtheearlyyears.com",1046,-1,1,1,6774,88309,33356,22/03/2008 00:00,10/08/2013 00:00,"72.41.113.187","72.41.113.0","US","com",16,2,1,10/07/2012 00:00,10/07/2012 00:00
268,"tigrik.com",20052,-1,1,1,1032947,437833,225438,01/10/2009 00:00,09/04/2013 00:00,"64.74.223.47","64.74.223.0","US","com",16,2,1,16/07/2012 00:00,16/07/2012 00:00
269,"todocontenidos.com",1449,-1,1,1,9657,733671,454615,22/02/2008 00:00,10/08/2013 00:00,"69.50.194.52","69.50.194.0","US","com",23,19,1,22/11/2009 00:00,15/04/2011 00:00
270,"topcomputershops.com",642,-1,1,1,18721,47206,33013,13/09/2010 00:00,10/08/2013 00:00,"174.121.83.153","174.121.83.0","US","com",24,24,1,27/10/2010 00:00,12/07/2013 00:00
271,"trendfo.com",2282,-1,1,1,34685,119247,97372,04/10/2008 00:00,25/05/2010 00:00,"204.16.245.106","204.16.245.0","US","com",10,14,1,26/07/2009 00:00,26/07/2009 00:00
272,"sh-pingtan.com",4512,-1,1,1,34641,110014,59151,21/05/2008 00:00,10/08/2013 00:00,"222.68.17.162","222.68.17.0","CN","com",22,39,1,26/07/2012 00:00,26/07/2012 00:00
273,"ej.am",86065,-1,1,1,7115483,3622935,1322369,24/01/2008 00:00,10/08/2013 00:00,"82.98.86.178","82.98.86.0","DE","am",27,25,1,03/04/2012 00:00,03/04/2012 00:00
