"Position","Domain","RefDomains","AlexaRank","Matches","MatchedLinks","ExtBackLinks","IndexedURLs","CrawledURLs","FirstCrawled","LastSuccessfulCrawl","IP","SubNet","CountryCode","TLD","CitationFlow","TrustFlow","BackLinks_autoshop.com","FirstLinkDate_autoshop.com","LastLinkDate_autoshop.com"
1,"vrgdt.se",209,-1,1,393,1586,50283,22114,27/12/2009 00:00,08/08/2013 00:00,"46.30.211.51","46.30.211.0","DK","se",18,9,393,27/04/2012 00:00,07/06/2012 00:00
2,"sirietta.com",67,-1,1,358,404,3298,2145,06/12/2011 00:00,10/08/2013 00:00,"97.74.215.143","97.74.215.0","US","com",15,6,358,24/02/2013 00:00,24/02/2013 00:00
3,"zhangheng.org",89,-1,1,213,1816,21916,13726,21/06/2008 00:00,10/08/2013 00:00,"74.220.199.6","74.220.199.0","US","org",7,0,213,15/05/2012 00:00,26/06/2012 00:00
4,"chiisai.org",207,-1,1,195,10060,94028,42581,31/01/2009 00:00,10/08/2013 00:00,"46.30.211.54","46.30.211.0","DK","org",16,4,195,06/05/2012 00:00,06/05/2012 00:00
5,"ech24.org",71,-1,1,182,349,62721,48886,23/02/2013 00:00,10/08/2013 00:00,"66.96.147.104","66.96.147.0","US","org",13,1,182,11/06/2013 00:00,24/06/2013 00:00
6,"yslhandbags.net",214,-1,1,167,2174,8240,4493,31/01/2010 00:00,24/05/2012 00:00,"174.37.86.160","174.37.86.0","US","net",8,3,167,07/05/2012 00:00,07/05/2012 00:00
7,"kaeff.net",27,-1,1,154,238,790,511,01/11/2010 00:00,10/08/2013 00:00,"178.254.62.72","178.254.62.0","DE","net",10,5,154,14/05/2012 00:00,14/05/2012 00:00
8,"tooclothesminded.com",332,-1,1,117,19284,32564,27768,04/01/2011 00:00,02/08/2013 00:00,"173.201.1.1","173.201.1.0","US","com",19,2,117,04/06/2012 00:00,28/05/2013 00:00
9,"brunomars.me",5076,-1,1,91,17762,6582,5478,22/02/2013 00:00,20/07/2013 00:00,"173.201.144.128","173.201.144.0","US","me",22,5,91,15/02/2013 00:00,24/05/2013 00:00
10,"werlv.com",2209,-1,1,63,116592,16831,14064,06/06/2008 00:00,09/08/2013 00:00,"67.72.16.137","67.72.16.0","US","com",30,22,63,16/08/2010 00:00,16/08/2010 00:00
11,"horizonwebmarketing.com",99,-1,1,30,783,271,226,19/02/2013 00:00,31/07/2013 00:00,"174.122.114.254","174.122.114.0","US","com",19,9,30,09/02/2013 00:00,30/06/2013 00:00
12,"diktiergeraete-forum.de",5866,-1,1,23,30357,328179,171529,01/02/2010 00:00,26/07/2013 00:00,"85.13.133.58","85.13.133.0","DE","de",36,12,23,29/03/2013 00:00,26/04/2013 00:00
13,"holawigs.com",2096,-1,1,22,58041,4964,2781,03/10/2010 00:00,10/08/2013 00:00,"70.32.43.228","70.32.43.0","US","com",25,14,22,23/06/2012 00:00,23/06/2012 00:00
14,"medicalmarijuanavirginia.net",49,-1,1,22,514,3954,3692,26/02/2013 00:00,10/08/2013 00:00,"50.63.120.1","50.63.120.0","US","net",15,0,22,24/02/2013 00:00,15/07/2013 00:00
15,"mainstreetchamber.org",424,775412,1,19,12046,185809,71422,09/10/2009 00:00,10/08/2013 00:00,"54.243.97.145","54.243.97.0","US","org",32,16,19,12/03/2011 00:00,12/03/2011 00:00
16,"mainstreetchamber.us",9,-1,1,19,987,404,398,10/11/2009 00:00,04/06/2013 00:00,"72.32.231.8","72.32.231.0","US","us",8,0,19,18/03/2011 00:00,03/04/2011 00:00
17,"medicalmarijuanamississippi.org",63,-1,1,18,518,4119,3715,04/03/2013 00:00,10/08/2013 00:00,"50.63.120.1","50.63.120.0","US","org",15,0,18,02/03/2013 00:00,11/07/2013 00:00
18,"emeraldcitymedia.com",232,-1,1,16,2935,1530,1305,02/04/2008 00:00,10/08/2013 00:00,"74.208.28.98","74.208.28.0","US","com",18,15,16,20/02/2013 00:00,20/02/2013 00:00
19,"eforumz.net",17467,-1,1,14,308043,211151,90200,15/08/2010 00:00,10/08/2013 00:00,"46.252.207.1","46.252.207.0","NL","net",34,4,14,20/04/2013 00:00,20/04/2013 00:00
20,"littlewebdirectory.com",20817,14589,1,12,4525810,2185125,360823,11/01/2008 00:00,10/08/2013 00:00,"208.109.138.201","208.109.138.0","US","com",37,31,12,24/08/2012 00:00,24/08/2012 00:00
21,"humsa.lt",208,-1,1,12,4190,6102,4765,16/10/2010 00:00,10/08/2013 00:00,"79.98.29.5","79.98.29.0","LT","lt",20,20,12,03/05/2013 00:00,21/07/2013 00:00
22,"praxishomepage.de",600,-1,1,12,6681,20800,14226,20/01/2008 00:00,10/08/2013 00:00,"85.236.48.180","85.236.48.0","DE","de",25,19,12,19/06/2012 00:00,18/07/2013 00:00
23,"webometrics.org.uk",18,-1,1,12,28,2335870,2335870,10/02/2008 00:00,10/08/2013 00:00,"213.171.218.143","213.171.218.0","UK","uk",5,0,12,19/10/2010 00:00,19/10/2010 00:00
24,"tigrik.com",20052,-1,1,11,1032947,437833,225438,01/10/2009 00:00,09/04/2013 00:00,"64.74.223.47","64.74.223.0","US","com",16,2,11,16/07/2012 00:00,16/07/2012 00:00
25,"sitelistings.net",4646,30833,1,10,1983603,87740,37416,28/11/2008 00:00,31/07/2013 00:00,"74.52.155.82","74.52.155.0","US","net",19,17,10,30/09/2012 00:00,30/09/2012 00:00
26,"add2dir.info",5688,49842,1,9,4233323,317752,233125,20/01/2008 00:00,10/07/2013 00:00,"205.196.211.22","205.196.211.0","US","info",23,18,9,26/09/2012 00:00,18/01/2013 00:00
27,"medicalmarijuanatennessee.net",382,-1,1,9,12038,4675,3941,06/02/2013 00:00,10/08/2013 00:00,"50.63.120.1","50.63.120.0","US","net",26,2,9,03/03/2013 00:00,25/07/2013 00:00
28,"medicalmarijuananorthcarolina.org",75,-1,1,9,275,3915,3635,17/07/2012 00:00,10/08/2013 00:00,"50.63.120.1","50.63.120.0","US","org",16,0,9,06/03/2013 00:00,23/07/2013 00:00
29,"showmelocal.com",25924,12789,1,8,48650052,19415668,1883617,11/01/2008 00:00,10/08/2013 00:00,"208.74.201.175","208.74.201.0","US","com",44,41,8,20/03/2013 00:00,20/03/2013 00:00
30,"badboysoftware.biz",44055,172540,1,8,701902,606946,151882,17/11/2008 00:00,10/08/2013 00:00,"182.50.148.128","182.50.148.0","SG","biz",44,25,8,08/05/2012 00:00,16/11/2012 00:00
31,"wildhogs.se",130,-1,1,8,23864,2225,1793,15/06/2012 00:00,10/08/2013 00:00,"46.30.211.53","46.30.211.0","DK","se",21,2,8,26/02/2013 00:00,08/08/2013 00:00
32,"medicalmarijuanalouisiana.net",46,-1,1,8,246,4614,4246,28/02/2013 00:00,10/08/2013 00:00,"50.63.120.1","50.63.120.0","US","net",15,0,8,23/02/2013 00:00,01/08/2013 00:00
33,"wearelv.com",218,-1,1,8,3122,1055,596,03/09/2008 00:00,08/08/2013 00:00,"67.72.16.137","67.72.16.0","US","com",19,23,8,25/08/2010 00:00,25/08/2010 00:00
34,"thestatedtruth.com",11307,837392,1,7,225358,75558,53300,02/01/2010 00:00,10/08/2013 00:00,"184.168.58.1","184.168.58.0","US","com",45,5,7,10/04/2012 00:00,10/04/2012 00:00
35,"medicalmarijuananebraska.net",140,-1,1,7,1231,5395,4821,26/02/2013 00:00,10/08/2013 00:00,"50.63.120.1","50.63.120.0","US","net",22,2,7,26/02/2013 00:00,24/07/2013 00:00
36,"taze.us",301,-1,1,7,2726,3267,1368,18/08/2010 00:00,10/08/2013 00:00,"173.236.128.85","173.236.128.0","US","us",19,2,7,30/04/2012 00:00,04/07/2012 00:00
37,"medicalmarijuanaindiana.org",58,-1,1,7,460,4134,3569,19/06/2012 00:00,10/08/2013 00:00,"50.63.120.1","50.63.120.0","US","org",17,2,7,13/03/2013 00:00,09/08/2013 00:00
38,"medicalmarijuanaconnecticut.net",33,-1,1,7,269,3623,3346,26/02/2013 00:00,01/08/2013 00:00,"50.63.120.1","50.63.120.0","US","net",11,0,7,26/02/2013 00:00,01/08/2013 00:00
39,"maxpellblog.com",274,-1,1,7,2949,44143,13992,02/01/2011 00:00,10/08/2013 00:00,"173.201.146.128","173.201.146.0","US","com",23,19,7,03/05/2012 00:00,10/05/2012 00:00
40,"alpvideo.ru",322,-1,1,7,8816,46144,33601,13/02/2009 00:00,10/08/2013 00:00,"188.128.85.11","188.128.85.0","RU","ru",13,13,7,20/04/2012 00:00,20/04/2012 00:00
41,"medicalmarijuanaoklahoma.org",45,-1,1,7,24438,3706,3413,29/05/2013 00:00,10/08/2013 00:00,"50.63.120.1","50.63.120.0","US","org",13,0,7,24/02/2013 00:00,12/07/2013 00:00
42,"cumshotbestpics.com",1886,-1,1,7,48967,5700,3341,04/02/2008 00:00,10/08/2013 00:00,"208.94.232.213","208.94.232.0","US","com",21,3,7,02/05/2012 00:00,20/07/2012 00:00
43,"frankvandervorm.nl",9574,-1,1,6,68200,148322,85587,04/12/2008 00:00,28/06/2013 00:00,"188.93.150.34","188.93.150.0","NL","nl",21,5,6,03/03/2013 00:00,07/05/2013 00:00
44,"opinemosf1.es",3754,-1,1,6,20656,118899,60266,04/05/2010 00:00,19/07/2013 00:00,"87.106.187.82","87.106.187.0","DE","es",17,4,6,29/04/2012 00:00,10/07/2012 00:00
45,"moo-vees.co.uk",1037,-1,1,6,11123,22154,20757,19/06/2012 00:00,10/08/2013 00:00,"88.208.238.174","88.208.238.0","UK","uk",28,5,6,12/07/2013 00:00,12/07/2013 00:00
46,"medicalmarijuanamassachusetts.net",111,-1,1,6,315,4112,3696,28/02/2013 00:00,10/08/2013 00:00,"50.63.120.1","50.63.120.0","US","net",19,0,6,23/02/2013 00:00,09/08/2013 00:00
47,"eviltowmater.com",2,-1,1,6,6,13,7,01/07/2013 00:00,15/07/2013 00:00,"209.157.71.206","209.157.71.0","US","com",8,0,6,18/02/2013 00:00,01/07/2013 00:00
48,"actautostaffing.com",2159,-1,1,6,1666333,273813,130275,12/01/2008 00:00,10/08/2013 00:00,"66.77.185.150","66.77.185.0","US","com",28,24,6,27/02/2013 00:00,27/02/2013 00:00
49,"armchairassociation.com",1137,-1,1,6,86508,325176,129364,08/02/2008 00:00,10/08/2013 00:00,"184.168.178.1","184.168.178.0","US","com",20,13,6,13/06/2012 00:00,04/07/2012 00:00
50,"adultchatbbs.com",720,-1,1,6,80374,86305,55987,21/12/2011 00:00,10/08/2013 00:00,"108.170.23.218","108.170.23.0","US","com",9,4,6,15/03/2013 00:00,17/07/2013 00:00
51,"xn--kaksitymaata-bjb.fi",48,-1,1,6,427,1252,839,05/11/2010 00:00,06/11/2012 00:00,"217.149.52.7","217.149.52.0","FI","fi",7,1,6,22/05/2012 00:00,06/11/2012 00:00
52,"backpainunitedstates.com",625,928947,1,5,19596,26962,14780,25/11/2010 00:00,10/08/2013 00:00,"184.173.193.62","184.173.193.0","US","com",28,2,5,18/05/2012 00:00,14/06/2012 00:00
53,"etf-trend.com",688,-1,1,5,14661,111684,18149,22/12/2011 00:00,10/08/2013 00:00,"67.231.240.66","67.231.240.0","US","com",25,1,5,14/06/2012 00:00,15/06/2012 00:00
54,"fieldtrip.nl",206,-1,1,5,2991,223175,94222,01/07/2008 00:00,10/08/2013 00:00,"193.93.174.57","193.93.174.0","NL","nl",12,8,5,05/04/2013 00:00,05/04/2013 00:00
55,"tuninghell.com",5173,-1,1,5,47131,418394,100703,09/07/2010 00:00,10/08/2013 00:00,"176.9.23.121","176.9.23.0","DE","com",43,6,5,10/03/2013 00:00,07/06/2013 00:00
56,"essentialassisting.com",93,-1,1,5,561,486,435,24/07/2010 00:00,10/08/2013 00:00,"69.195.124.68","69.195.124.0","US","com",17,6,5,10/05/2012 00:00,22/12/2012 00:00
57,"lastorres.com.mx",11119,-1,1,5,2117408,122007,47802,08/11/2008 00:00,06/05/2013 00:00,"94.23.230.218","94.23.230.0","FR","mx",15,3,5,07/08/2012 00:00,03/05/2013 00:00
58,"projectcarforum.com",1348,-1,1,5,10353,250147,114738,09/10/2010 00:00,10/08/2013 00:00,"208.87.35.103","208.87.35.0","BS","com",21,4,5,15/06/2012 00:00,17/06/2012 00:00
59,"malapolska.in",153,-1,1,5,987,46149,30801,10/12/2008 00:00,07/04/2013 00:00,"198.58.93.40","198.58.93.0","US","in",6,2,5,30/04/2012 00:00,08/06/2012 00:00
60,"medicalmarijuanaidaho.net",139,-1,1,5,1316,4784,4284,26/02/2013 00:00,10/08/2013 00:00,"50.63.120.1","50.63.120.0","US","net",24,2,5,21/04/2013 00:00,23/06/2013 00:00
61,"medicalmarijuanamaryland.org",121,-1,1,5,799,4393,3758,19/06/2012 00:00,10/08/2013 00:00,"50.63.120.1","50.63.120.0","US","org",19,0,5,23/02/2013 00:00,04/08/2013 00:00
62,"adddir.info",9901,23031,1,4,6023513,769501,404667,28/02/2008 00:00,23/07/2013 00:00,"205.196.211.22","205.196.211.0","US","info",25,17,4,10/03/2013 00:00,10/03/2013 00:00
63,"submit2dir.info",6487,35767,1,4,4291837,457207,342280,08/05/2008 00:00,10/07/2013 00:00,"205.196.211.22","205.196.211.0","US","info",24,14,4,12/03/2013 00:00,12/03/2013 00:00
64,"theexperthost.com",3147,512527,1,4,87049,380595,153715,17/10/2008 00:00,10/08/2013 00:00,"198.154.240.154","198.154.240.0","US","com",31,21,4,27/07/2012 00:00,27/07/2012 00:00
65,"alivincent.com",3751,936911,1,4,42750,28140,9911,17/09/2009 00:00,10/08/2013 00:00,"97.74.215.148","97.74.215.0","US","com",26,15,4,08/04/2012 00:00,08/04/2012 00:00
66,"medicalmarijuanaiowa.org",67,-1,1,4,457,4049,3485,19/06/2012 00:00,10/08/2013 00:00,"50.63.120.1","50.63.120.0","US","org",16,0,4,02/04/2013 00:00,11/07/2013 00:00
67,"c404.net",5525,-1,1,4,165670,104814,44408,19/02/2008 00:00,10/08/2013 00:00,"50.22.11.31","50.22.11.0","US","net",23,18,4,27/04/2012 00:00,22/03/2013 00:00
68,"medicalmarijuanawisconsin.org",355,-1,1,4,3361,8711,4318,22/10/2010 00:00,10/08/2013 00:00,"50.63.120.1","50.63.120.0","US","org",25,0,4,02/05/2013 00:00,05/08/2013 00:00
69,"medicalmarijuanamississippi.net",114,-1,1,4,1240,6069,5018,27/02/2013 00:00,10/08/2013 00:00,"50.63.120.1","50.63.120.0","US","net",20,0,4,18/04/2013 00:00,06/08/2013 00:00
70,"howtocleanseyourbody.com",4712,-1,1,4,63597,717191,232561,18/06/2010 00:00,05/01/2013 00:00,"199.59.58.162","199.59.58.0","US","com",14,4,4,13/06/2012 00:00,14/06/2012 00:00
71,"medicalmarijuanamissouri.net",351,-1,1,4,4751,4558,3804,17/12/2010 00:00,10/08/2013 00:00,"50.63.120.1","50.63.120.0","US","net",25,4,4,12/03/2013 00:00,21/07/2013 00:00
72,"marcferris.com",128,-1,1,4,1234,626,393,24/12/2011 00:00,02/01/2013 00:00,"81.88.48.79","81.88.48.0","IT","com",10,1,4,07/07/2012 00:00,22/12/2012 00:00
73,"blanchardstown.net",12,-1,1,4,3425,1021925,1021925,08/06/2009 00:00,07/03/2013 00:00,"82.98.86.174","82.98.86.0","DE","net",0,0,4,17/10/2011 00:00,17/10/2011 00:00
74,"cuba-rundreisen.de",447,-1,1,4,2339,85871,34163,17/10/2011 00:00,10/08/2013 00:00,"87.106.153.186","87.106.153.0","DE","de",17,1,4,30/07/2013 00:00,30/07/2013 00:00
75,"wldirectory.com",5660,15854,1,3,224244,362467,176878,09/01/2009 00:00,10/08/2013 00:00,"176.31.69.138","176.31.69.0","FR","com",38,32,3,13/09/2012 00:00,13/09/2012 00:00
76,"agrieducation.org",6191,25644,1,3,283370,665880,187939,23/02/2011 00:00,10/08/2013 00:00,"50.63.124.1","50.63.124.0","US","org",29,17,3,14/06/2013 00:00,14/06/2013 00:00
77,"craftrobo.se",4940,-1,1,3,30923,141230,53242,18/02/2008 00:00,10/08/2013 00:00,"195.47.247.250","195.47.247.0","DK","se",33,4,3,09/05/2013 00:00,11/05/2013 00:00
78,"medicalmarijuanakansas.org",130,-1,1,3,1340,4738,3934,28/02/2013 00:00,10/08/2013 00:00,"50.63.120.1","50.63.120.0","US","org",20,1,3,03/03/2013 00:00,04/08/2013 00:00
79,"jpkh.org",8581,-1,1,3,123297,134023,38569,24/01/2008 00:00,10/08/2013 00:00,"85.17.109.62","85.17.109.0","NL","org",43,4,3,27/06/2012 00:00,21/07/2013 00:00
80,"medicalmarijuananewhampshire.org",102,-1,1,3,500,4821,4055,01/03/2013 00:00,10/08/2013 00:00,"50.63.120.1","50.63.120.0","US","org",20,0,3,18/03/2013 00:00,09/08/2013 00:00
81,"goncil.org",85,-1,1,3,612,443,271,24/04/2011 00:00,10/08/2013 00:00,"184.168.152.52","184.168.152.0","US","org",18,3,3,25/06/2012 00:00,04/07/2012 00:00
82,"studentische-mitte.de",55401,-1,1,3,3260329,1787049,939310,31/03/2008 00:00,10/08/2013 00:00,"87.106.23.68","87.106.23.0","DE","de",32,5,3,05/05/2012 00:00,17/07/2012 00:00
83,"medicalmarijuanatexas.org",119,-1,1,3,759,5313,4185,27/02/2013 00:00,10/08/2013 00:00,"50.63.120.1","50.63.120.0","US","org",21,2,3,01/03/2013 00:00,09/08/2013 00:00
84,"bridal-buy.com",2624,-1,1,3,253499,221225,125030,21/06/2012 00:00,10/08/2013 00:00,"66.220.4.87","66.220.4.0","US","com",39,28,3,24/02/2013 00:00,13/03/2013 00:00
85,"messiahbaptist-ct.org",1111,-1,1,3,6028,1448,946,16/07/2008 00:00,10/08/2013 00:00,"68.178.232.95","68.178.232.0","US","org",24,3,3,26/07/2012 00:00,26/07/2012 00:00
86,"medicalmarijuanamassachusetts.com",229,-1,1,3,1535,5193,4643,28/02/2013 00:00,10/08/2013 00:00,"50.63.120.1","50.63.120.0","US","com",23,2,3,17/04/2013 00:00,22/07/2013 00:00
87,"touchlingerie.com",18002,-1,1,3,227075,136059,57764,06/02/2008 00:00,09/08/2013 00:00,"70.38.55.226","70.38.55.0","CA","com",29,9,3,04/07/2012 00:00,04/07/2012 00:00
88,"islamickorner.net",1669,-1,1,3,49730,567941,174159,01/06/2011 00:00,10/08/2013 00:00,"206.253.167.162","206.253.167.0","US","net",30,9,3,26/04/2012 00:00,19/10/2012 00:00
89,"negaheno.net",929,-1,1,3,20777,18287,9867,27/06/2008 00:00,10/08/2013 00:00,"65.254.250.109","65.254.250.0","US","net",26,8,3,31/05/2012 00:00,31/05/2012 00:00
90,"larrymaluma.com.au",73,-1,1,3,821,469,300,16/02/2008 00:00,10/08/2013 00:00,"69.72.240.26","69.72.240.0","US","au",13,10,3,09/06/2013 00:00,10/08/2013 00:00
91,"medicalmarijuanatexas.net",72,-1,1,3,508,4443,3930,24/02/2013 00:00,10/08/2013 00:00,"50.63.120.1","50.63.120.0","US","net",16,2,3,21/07/2013 00:00,09/08/2013 00:00
92,"natural-skincare-products.info",478,-1,1,3,23287,4969,2260,10/04/2011 00:00,09/02/2013 00:00,"216.172.170.48","216.172.170.0","US","info",9,0,3,16/05/2012 00:00,10/01/2013 00:00
93,"weightlossdallasweightloss.com",663,-1,1,3,13653,17566,13070,13/10/2009 00:00,27/05/2013 00:00,"149.47.132.220","149.47.132.0","US","com",13,3,3,18/04/2012 00:00,13/06/2012 00:00
94,"accepa.com.au",64,-1,1,3,108,1892,1186,23/03/2013 00:00,10/08/2013 00:00,"65.99.229.21","65.99.229.0","US","au",16,3,3,17/07/2013 00:00,31/07/2013 00:00
95,"friendsw.com",326,-1,1,3,2938,94490,19618,26/10/2011 00:00,10/08/2013 00:00,"184.154.105.78","184.154.105.0","US","com",12,1,3,18/04/2013 00:00,21/04/2013 00:00
96,"boatyard.ru",7033,-1,1,3,173747,147760,56610,20/01/2008 00:00,29/09/2012 00:00,"67.215.66.132","67.215.66.0","US","ru",14,14,3,19/06/2012 00:00,01/08/2012 00:00
97,"yamamotomasaki.com",273,-1,1,3,1908,1442,1044,29/11/2012 00:00,07/08/2013 00:00,"220.110.51.147","220.110.51.0","JP","com",21,5,3,18/04/2013 00:00,18/07/2013 00:00
98,"unam.mx",174943,1706,1,2,31767193,6933159,1698504,10/01/2008 00:00,10/08/2013 00:00,"132.248.10.44","132.248.10.0","MX","mx",61,74,2,03/07/2012 00:00,03/07/2012 00:00
99,"buysll.com",1322,23651,1,2,213705,55079,44547,25/07/2012 00:00,10/08/2013 00:00,"208.101.62.195","208.101.62.0","US","com",32,16,2,19/03/2013 00:00,26/07/2013 00:00
100,"betterseodirectory.com",1124,28117,1,2,116213,136630,94416,02/05/2011 00:00,10/08/2013 00:00,"66.147.240.185","66.147.240.0","US","com",19,12,2,14/03/2013 00:00,14/03/2013 00:00
101,"forum-software.org",107557,53792,1,2,3671355,436686,109754,23/01/2008 00:00,10/08/2013 00:00,"46.105.101.92","46.105.101.0","FR","org",68,44,2,30/03/2012 00:00,28/07/2012 00:00
102,"mobigf.com",18158,559357,1,2,154294,70467,18739,20/06/2012 00:00,10/08/2013 00:00,"216.18.174.217","216.18.174.0","US","com",36,9,2,13/10/2012 00:00,11/03/2013 00:00
103,"midnightowlvideo.com",2589,671496,1,2,30952,211136,73823,11/01/2008 00:00,10/08/2013 00:00,"209.31.182.57","209.31.182.0","US","com",26,7,2,13/06/2012 00:00,13/06/2012 00:00
104,"energija.ru",11155,695731,1,2,1032459,105973,88948,22/01/2008 00:00,10/08/2013 00:00,"194.186.45.230","194.186.45.0","RU","ru",36,27,2,28/03/2013 00:00,28/03/2013 00:00
105,"nepalitube.com",2024,873185,1,2,100072,4831638,1040270,26/08/2008 00:00,10/08/2013 00:00,"64.150.187.4","64.150.187.0","US","com",25,10,2,02/05/2012 00:00,04/07/2012 00:00
106,"onallcylinders.com",372,965526,1,2,2032,7969,6901,04/07/2012 00:00,10/08/2013 00:00,"184.168.188.1","184.168.188.0","US","com",27,30,2,17/02/2013 00:00,03/07/2013 00:00
107,"meisterdaja.ee",109,-1,1,2,588,2360,1250,26/09/2010 00:00,06/02/2013 00:00,"194.126.124.136","194.126.124.0","EE","ee",10,7,2,05/06/2012 00:00,05/06/2012 00:00
108,"louisianamedicalmarijuana.org",114,-1,1,2,604,4502,3959,19/06/2012 00:00,02/08/2013 00:00,"50.63.120.1","50.63.120.0","US","org",19,1,2,02/03/2013 00:00,21/07/2013 00:00
109,"add-url-business.com",49,-1,1,2,381,25448,25155,16/02/2013 00:00,,"94.247.178.141","94.247.178.0","FR","com",5,0,2,13/03/2013 00:00,13/03/2013 00:00
110,"adult-psp.com",963,-1,1,2,18970,53859,39899,07/03/2008 00:00,10/08/2013 00:00,"66.254.117.17","66.254.117.0","US","com",26,8,2,07/07/2012 00:00,07/07/2012 00:00
111,"rwsop.com",5391,-1,1,2,2345216,98946,46903,24/03/2008 00:00,10/08/2013 00:00,"184.168.166.1","184.168.166.0","US","com",22,16,2,18/07/2012 00:00,01/08/2012 00:00
112,"polustrovo.net",1985,-1,1,2,20146,287452,118640,31/01/2008 00:00,10/08/2013 00:00,"84.204.225.3","84.204.225.0","RU","net",26,15,2,26/04/2012 00:00,01/08/2012 00:00
113,"pib.com.br",2586,-1,1,2,36093,156444,63087,31/01/2008 00:00,10/08/2013 00:00,"200.194.176.25","200.194.176.0","BR","br",18,12,2,13/06/2012 00:00,13/06/2012 00:00
114,"cskin.cn",7231,-1,1,2,91638,180688,75996,11/01/2008 00:00,10/08/2013 00:00,"183.60.158.7","183.60.158.0","CN","cn",22,10,2,26/07/2012 00:00,26/07/2012 00:00
115,"amsud.net",287,-1,1,2,32273,18698,9466,06/12/2008 00:00,12/02/2013 00:00,"87.98.135.167","87.98.135.0","FR","net",11,18,2,22/04/2012 00:00,27/07/2012 00:00
116,"luchtop.nl",3930,-1,1,2,33756,52574,15334,31/01/2008 00:00,01/02/2013 00:00,"83.137.194.21","83.137.194.0","NL","nl",10,2,2,13/05/2012 00:00,13/05/2012 00:00
117,"habanerotours.de",756,-1,1,2,8161,76023,30249,24/07/2009 00:00,10/08/2013 00:00,"87.106.153.186","87.106.153.0","DE","de",21,3,2,01/08/2013 00:00,01/08/2013 00:00
118,"web3.nl",6313,-1,1,2,406926,340796,118007,14/01/2008 00:00,10/08/2013 00:00,"46.51.195.120","46.51.195.0","IE","nl",38,18,2,24/04/2012 00:00,15/07/2013 00:00
119,"4myhometown.com",936,-1,1,2,28979,1947,1866,19/06/2012 00:00,10/08/2013 00:00,"184.168.249.1","184.168.249.0","US","com",21,6,2,12/06/2012 00:00,19/06/2012 00:00
120,"actstaffing.com",218,-1,1,2,1585,60060,38847,29/04/2008 00:00,10/08/2013 00:00,"66.77.185.150","66.77.185.0","US","com",7,3,2,28/02/2013 00:00,28/02/2013 00:00
121,"hqsocken.de",1929,-1,1,2,11350,44809,24203,13/07/2008 00:00,18/07/2013 00:00,"87.238.192.101","87.238.192.0","DE","de",13,2,2,01/08/2012 00:00,22/12/2012 00:00
122,"ambl.org",1242,-1,1,2,41511,143138,73463,18/06/2008 00:00,10/08/2013 00:00,"74.208.24.175","74.208.24.0","US","org",13,4,2,30/07/2012 00:00,25/05/2013 00:00
123,"502hollywood.com",480,-1,1,2,1921,4204,1913,28/12/2010 00:00,10/08/2013 00:00,"184.168.192.4","184.168.192.0","US","com",19,9,2,06/04/2012 00:00,06/04/2012 00:00
124,"alkhansagsm.com",4953,-1,1,2,46975,1117424,225216,24/07/2008 00:00,10/08/2013 00:00,"97.74.144.174","97.74.144.0","US","com",37,11,2,13/06/2012 00:00,18/07/2012 00:00
125,"abogadosmilitares.com",50,-1,1,2,1777,61139,37298,01/03/2013 00:00,10/08/2013 00:00,"93.174.4.54","93.174.4.0","ES","com",11,1,2,01/05/2013 00:00,01/05/2013 00:00
126,"web-pole.com",82,-1,1,2,74477,26384,26310,03/04/2013 00:00,29/07/2013 00:00,"94.247.178.141","94.247.178.0","FR","com",0,0,2,18/04/2013 00:00,18/04/2013 00:00
127,"sljobfinder.com",14089,-1,1,2,119344,85750,39947,17/02/2008 00:00,10/08/2013 00:00,"184.168.221.59","184.168.221.0","US","com",35,6,2,14/06/2012 00:00,14/06/2012 00:00
128,"dublindocklands.net",25,-1,1,2,3663,822335,822335,23/04/2009 00:00,08/06/2012 00:00,"204.13.160.107","204.13.160.0","US","net",0,0,2,15/10/2011 00:00,15/10/2011 00:00
129,"radompon.com",18839,-1,1,2,255546,151301,27406,17/02/2008 00:00,10/08/2013 00:00,"119.59.120.22","119.59.120.0","TH","com",23,16,2,30/07/2012 00:00,01/12/2012 00:00
130,"umkendari.ac.id",178,-1,1,2,1318,1693,366,27/04/2011 00:00,10/08/2013 00:00,"174.120.70.140","174.120.70.0","US","id",12,3,2,13/04/2012 00:00,13/04/2012 00:00
131,"perkymomsvids.com",2719,-1,1,2,38362,7750,4283,30/01/2008 00:00,10/08/2013 00:00,"74.117.179.23","74.117.179.0","US","com",23,6,2,01/05/2012 00:00,28/06/2012 00:00
132,"hannaalm.com",392,-1,1,2,2692,464,236,20/06/2012 00:00,14/03/2013 00:00,"193.202.110.211","193.202.110.0","NL","com",11,2,2,03/07/2012 00:00,03/07/2012 00:00
133,"heritagedental.info",36,-1,1,2,801,257,213,28/04/2011 00:00,10/08/2013 00:00,"74.220.219.132","74.220.219.0","US","info",11,2,2,08/04/2013 00:00,15/07/2013 00:00
134,"inforetail.com",239,-1,1,2,2870,2164,1480,16/08/2010 00:00,10/08/2013 00:00,"205.147.208.251","205.147.208.0","US","com",14,16,2,03/05/2013 00:00,17/07/2013 00:00
135,"escn.pl",4439,-1,1,2,1027865,122917,58516,06/12/2008 00:00,10/08/2013 00:00,"91.236.52.103","91.236.52.0","PL","pl",23,8,2,21/02/2013 00:00,13/04/2013 00:00
136,"jianfenz.com",13,-1,1,2,30,371,327,29/05/2013 00:00,10/08/2013 00:00,"173.208.154.76","173.208.154.0","US","com",12,0,2,22/02/2013 00:00,03/08/2013 00:00
137,"keaneu.com",978,-1,1,2,47385,2854,1465,19/09/2009 00:00,04/03/2013 00:00,"46.23.68.92","46.23.68.0","UK","com",13,3,2,11/07/2012 00:00,11/07/2012 00:00
138,"livematurezone.com",4267,-1,1,2,46941,9522,7810,14/02/2008 00:00,10/08/2013 00:00,"74.117.176.18","74.117.176.0","US","com",20,2,2,15/05/2012 00:00,02/06/2012 00:00
139,"althiriany.com",1928,-1,1,2,13493,76418,25577,06/11/2012 00:00,10/08/2013 00:00,"50.63.38.1","50.63.38.0","US","com",28,4,2,03/05/2013 00:00,11/07/2013 00:00
140,"faineants-robustes.fr",4475,-1,1,2,56798,65944,56836,16/06/2008 00:00,09/08/2013 00:00,"87.106.15.50","87.106.15.0","DE","fr",21,1,2,26/07/2012 00:00,21/12/2012 00:00
141,"makemeablogger.com",44605,-1,1,2,1041165,835642,239770,28/11/2008 00:00,10/08/2013 00:00,"67.222.101.40","67.222.101.0","US","com",31,11,2,12/06/2012 00:00,12/06/2012 00:00
142,"copiaintl.com",21596,-1,1,2,1048343,232955,105988,28/03/2008 00:00,10/08/2013 00:00,"64.202.163.152","64.202.163.0","US","com",38,8,2,26/07/2012 00:00,01/08/2012 00:00
143,"poyo.jp",1913,-1,1,2,113081,1071517,501563,24/01/2008 00:00,10/08/2013 00:00,"219.94.254.173","219.94.254.0","JP","jp",29,40,2,28/04/2012 00:00,20/05/2012 00:00
144,"erage.eu",11311,-1,1,2,69112,49494,13904,25/01/2008 00:00,10/08/2013 00:00,"94.125.105.119","94.125.105.0","FR","eu",29,17,2,07/05/2012 00:00,07/05/2012 00:00
145,"teamcb.info",1705,-1,1,2,7523,117090,38730,28/04/2009 00:00,10/08/2013 00:00,"208.109.181.179","208.109.181.0","US","info",22,3,2,05/05/2012 00:00,05/05/2012 00:00
146,"medicalmarijuanawyoming.org",102,-1,1,2,507,5230,4253,25/05/2013 00:00,10/08/2013 00:00,"50.63.120.1","50.63.120.0","US","org",20,0,2,01/03/2013 00:00,13/07/2013 00:00
147,"bestgaydvd.com",234,-1,1,2,5437,1110,987,15/11/2011 00:00,10/08/2013 00:00,"184.173.28.165","184.173.28.0","US","com",11,14,2,30/05/2012 00:00,30/05/2012 00:00
148,"soyuzizvest.ru",7794,-1,1,2,37455,41413,9564,09/04/2009 00:00,09/08/2013 00:00,"217.112.35.8","217.112.35.0","UK","ru",16,14,2,25/07/2012 00:00,21/03/2013 00:00
149,"bnilasvegas.com",166,-1,1,2,809,1235,1192,04/03/2008 00:00,10/08/2013 00:00,"83.138.153.47","83.138.153.0","UK","com",16,19,2,20/02/2013 00:00,30/06/2013 00:00
150,"medicalmarijuanatennessee.org",90,-1,1,2,811,5215,3879,19/06/2012 00:00,10/08/2013 00:00,"50.63.120.1","50.63.120.0","US","org",20,0,2,06/03/2013 00:00,28/07/2013 00:00
151,"partners4results.org",635,-1,1,2,78712,8268,4243,27/08/2008 00:00,10/08/2013 00:00,"96.30.242.78","96.30.242.0","US","org",15,16,2,03/04/2012 00:00,03/04/2012 00:00
152,"medicalmarijuanautah.org",196,-1,1,2,1178,5458,3971,19/06/2012 00:00,10/08/2013 00:00,"50.63.120.1","50.63.120.0","US","org",26,7,2,01/08/2013 00:00,08/08/2013 00:00
153,"youtube.com",17319452,3,1,1,34644217537,4221017727,260419341,09/01/2008 00:00,10/08/2013 00:00,"74.125.226.206","74.125.226.0","US","com",98,99,1,02/06/2011 00:00,16/06/2011 00:00
154,"noticias24.com",22484,1231,1,1,1989481,964957,400087,10/01/2008 00:00,10/08/2013 00:00,"173.203.146.195","173.203.146.0","US","com",58,34,1,13/06/2012 00:00,13/06/2012 00:00
155,"salespider.com",24521,6430,1,1,2779012,8988012,1312021,09/01/2008 00:00,10/08/2013 00:00,"67.213.76.11","67.213.76.0","CA","com",55,49,1,21/03/2013 00:00,21/03/2013 00:00
156,"reviewjournal.com",61959,18833,1,1,45379356,57215594,2545354,09/01/2008 00:00,10/08/2013 00:00,"54.245.88.31","54.245.88.0","US","com",72,62,1,11/05/2011 00:00,25/05/2011 00:00
157,"3dtotal.com",54810,24287,1,1,15278987,4033787,907479,13/01/2008 00:00,10/08/2013 00:00,"213.229.119.86","213.229.119.0","UK","com",63,60,1,20/05/2011 00:00,07/06/2013 00:00
158,"wordnewsonline.com",4057,25727,1,1,146571,1827075,695096,03/08/2009 00:00,01/06/2013 00:00,"108.162.197.52","108.162.197.0","US","com",21,25,1,17/05/2013 00:00,17/05/2013 00:00
159,"expressbusinessdirectory.com",5031,26896,1,1,329401,238443,97736,14/10/2011 00:00,10/08/2013 00:00,"173.248.128.158","173.248.128.0","US","com",43,19,1,20/03/2013 00:00,30/07/2013 00:00
160,"linkresell.com",1857,27381,1,1,617766,72703,63943,05/12/2011 00:00,10/08/2013 00:00,"67.20.83.144","67.20.83.0","US","com",26,10,1,27/05/2013 00:00,27/05/2013 00:00
161,"myhuckleberry.com",16066,28505,1,1,1072152,18837754,1507266,10/01/2008 00:00,10/08/2013 00:00,"50.116.119.77","50.116.119.0","US","com",39,32,1,01/08/2013 00:00,01/08/2013 00:00
162,"gigpark.com",31422,45941,1,1,1528202,1873837,349371,09/02/2008 00:00,10/08/2013 00:00,"75.101.144.199","75.101.144.0","US","com",32,30,1,16/05/2013 00:00,16/05/2013 00:00
163,"getfave.com",28833,64536,1,1,11561427,30123650,2117131,19/01/2008 00:00,10/08/2013 00:00,"23.21.57.89","23.21.57.0","US","com",49,31,1,10/03/2013 00:00,10/03/2013 00:00
164,"canucks.com",13594,69499,1,1,1708804,10560444,1625584,13/01/2008 00:00,10/08/2013 00:00,"8.20.73.150","8.20.73.0","US","com",34,43,1,19/07/2012 00:00,19/07/2012 00:00
165,"bolalist.com",6616,73117,1,1,157883,140624,113093,18/01/2009 00:00,10/08/2013 00:00,"173.0.129.54","173.0.129.0","US","com",41,14,1,21/03/2013 00:00,10/08/2013 00:00
166,"mediapool.bg",19206,79270,1,1,3767096,800966,378647,24/01/2008 00:00,10/08/2013 00:00,"193.194.140.19","193.194.140.0","BG","bg",47,45,1,02/06/2012 00:00,26/07/2013 00:00
167,"unifesp.br",33924,82558,1,1,1923963,1217411,552091,28/01/2008 00:00,10/08/2013 00:00,"200.17.25.11","200.17.25.0","BR","br",46,52,1,08/04/2012 00:00,08/04/2012 00:00
168,"thegnomonworkshop.com",20991,90978,1,1,1042707,335232,143515,24/01/2008 00:00,10/08/2013 00:00,"98.129.11.48","98.129.11.0","US","com",52,45,1,30/04/2011 00:00,24/01/2012 00:00
169,"tileshop.com",7380,107415,1,1,255749,88815,70160,12/01/2008 00:00,10/08/2013 00:00,"67.90.96.102","67.90.96.0","US","com",42,50,1,30/03/2012 00:00,30/03/2012 00:00
170,"walah-m.com",5396,161193,1,1,381415,2100181,498600,29/01/2010 00:00,10/08/2013 00:00,"63.143.54.234","63.143.54.0","US","com",29,7,1,30/06/2012 00:00,25/05/2013 00:00
171,"tektonic.net",10855,166847,1,1,243223,366213,148930,24/01/2008 00:00,10/08/2013 00:00,"65.254.45.254","65.254.45.0","US","net",35,45,1,12/07/2013 00:00,12/07/2013 00:00
172,"moresiteslike.net",772,264803,1,1,34746,2638641,177623,16/03/2013 00:00,08/07/2013 00:00,"213.174.158.140","213.174.158.0","US","net",20,15,1,10/04/2013 00:00,10/04/2013 00:00
173,"relax-ptc.info",3577,271783,1,1,51696,80341,32880,10/03/2011 00:00,10/08/2013 00:00,"216.59.33.202","216.59.33.0","US","info",38,11,1,16/07/2013 00:00,16/07/2013 00:00
174,"referat.com",15545,295294,1,1,557807,158973,121898,12/01/2008 00:00,10/08/2013 00:00,"93.191.12.172","93.191.12.0","RU","com",33,25,1,21/07/2012 00:00,21/07/2012 00:00
175,"iacampaigns.com",512,301252,1,1,4608,1210,845,29/08/2009 00:00,10/08/2013 00:00,"67.225.151.17","67.225.151.0","US","com",26,34,1,23/08/2012 00:00,23/08/2012 00:00
176,"k2skis.com",9231,317251,1,1,1606793,202046,108711,13/01/2008 00:00,10/08/2013 00:00,"107.20.151.182","107.20.151.0","US","com",45,55,1,12/04/2012 00:00,23/06/2012 00:00
177,"localbusinessesusa.com",1570,340236,1,1,345245,272892,146004,01/08/2009 00:00,10/08/2013 00:00,"67.227.166.55","67.227.166.0","US","com",33,18,1,22/05/2011 00:00,17/12/2011 00:00
178,"holahola.pl",2115,386599,1,1,34205,12492,7276,22/01/2008 00:00,10/08/2013 00:00,"89.161.224.95","89.161.224.0","PL","pl",36,17,1,16/06/2012 00:00,16/06/2012 00:00
179,"myluximage.com",5583,417855,1,1,28673,232036,83362,12/06/2008 00:00,31/07/2013 00:00,"96.125.161.174","96.125.161.0","US","com",21,11,1,03/06/2013 00:00,03/06/2013 00:00
180,"accessvegas.com",6764,565373,1,1,1345704,17281007,1263972,09/01/2008 00:00,10/08/2013 00:00,"50.28.50.43","50.28.50.0","US","com",50,19,1,21/04/2011 00:00,20/05/2011 00:00
181,"klewer.pl",2423,613944,1,1,88142,16093,12298,03/10/2010 00:00,10/08/2013 00:00,"79.96.43.47","79.96.43.0","PL","pl",38,10,1,27/02/2013 00:00,27/02/2013 00:00
182,"ludoko.com",545,719507,1,1,4864,8513,5640,20/03/2008 00:00,10/08/2013 00:00,"64.22.68.6","64.22.68.0","US","com",24,8,1,04/04/2013 00:00,04/04/2013 00:00
183,"vocescubanas.com",15647,728123,1,1,1410487,32576,19606,17/06/2009 00:00,10/08/2013 00:00,"68.71.58.73","68.71.58.0","CA","com",33,21,1,16/04/2012 00:00,16/04/2012 00:00
184,"ezhka.ru",6488,-1,1,1,99702,19414,6132,10/04/2011 00:00,10/08/2013 00:00,"77.222.40.91","77.222.40.0","RU","ru",22,5,1,26/06/2012 00:00,22/12/2012 00:00
185,"fabrikant-ural.ru",4340,-1,1,1,39870,101034,37628,03/09/2010 00:00,10/08/2013 00:00,"91.201.52.48","91.201.52.0","RU","ru",39,3,1,15/07/2013 00:00,15/07/2013 00:00
186,"l2mnet.ru",5129,-1,1,1,116462,78539,15116,08/08/2010 00:00,09/08/2013 00:00,"46.4.48.119","46.4.48.0","DE","ru",20,4,1,22/03/2013 00:00,22/03/2013 00:00
187,"prtcom.ru",9781,-1,1,1,740294,118889,49597,28/06/2009 00:00,09/08/2013 00:00,"78.24.40.38","78.24.40.0","RU","ru",14,2,1,14/08/2012 00:00,14/08/2012 00:00
188,"remontkoles.ru",4229,-1,1,1,43551,86572,36451,17/01/2008 00:00,10/08/2013 00:00,"78.108.80.56","78.108.80.0","RU","ru",37,5,1,15/07/2013 00:00,15/07/2013 00:00
189,"ring07.ru",10039,-1,1,1,65492,255707,37931,27/12/2008 00:00,21/05/2013 00:00,"178.236.176.69","178.236.176.0","NL","ru",13,7,1,12/06/2012 00:00,12/06/2012 00:00
190,"nappo.su",1856,-1,1,1,8621,11683,1938,16/02/2010 00:00,02/10/2012 00:00,"31.31.204.60","31.31.204.0","RU","su",11,4,1,07/08/2012 00:00,07/08/2012 00:00
191,"findforyou.tv",1226,-1,1,1,60938,29838,13615,02/05/2011 00:00,29/01/2013 00:00,"173.193.105.243","173.193.105.0","US","tv",7,0,1,28/07/2011 00:00,28/07/2011 00:00
192,"smallad.tv",136,-1,1,1,1245,608,76,14/06/2012 00:00,10/08/2013 00:00,"184.168.221.45","184.168.221.0","US","tv",11,1,1,14/06/2012 00:00,14/06/2012 00:00
193,"rdc3.net",13331,-1,1,1,103717,2366,1892,29/10/2011 00:00,10/08/2013 00:00,"64.90.60.63","64.90.60.0","US","net",42,6,1,23/03/2012 00:00,23/03/2012 00:00
194,"vengopronto.tv",193,-1,1,1,1214,19672,5220,31/03/2012 00:00,08/08/2013 00:00,"97.74.215.186","97.74.215.0","US","tv",11,2,1,17/07/2012 00:00,17/07/2012 00:00
195,"whisenhunt.tv",6762,-1,1,1,29607,1228,1220,10/03/2013 00:00,10/08/2013 00:00,"69.194.230.107","69.194.230.0","US","tv",34,9,1,04/05/2013 00:00,04/05/2013 00:00
196,"lgl20th.net",1526,-1,1,1,8997,24868,6287,01/12/2008 00:00,10/08/2013 00:00,"82.165.95.94","82.165.95.0","DE","net",13,1,1,31/03/2012 00:00,31/03/2012 00:00
197,"dadupo-bbs.com.tw",1117,-1,1,1,10038,1046186,431459,24/01/2008 00:00,11/07/2013 00:00,"82.98.86.167","82.98.86.0","DE","tw",12,8,1,07/04/2012 00:00,07/04/2012 00:00
198,"tnua.edu.tw",69266,-1,1,1,3486626,293743,128595,25/01/2008 00:00,10/08/2013 00:00,"60.251.46.221","60.251.46.0","TW","tw",46,66,1,10/07/2012 00:00,10/07/2012 00:00
199,"volyn.ua",7719,-1,1,1,415574,976804,208456,21/09/2009 00:00,10/08/2013 00:00,"64.85.163.245","64.85.163.0","US","ua",42,18,1,29/04/2012 00:00,29/04/2012 00:00
200,"giftsforothers.co.uk",76,-1,1,1,906,1775,68,19/06/2012 00:00,01/06/2013 00:00,"176.32.230.2","176.32.230.0","UK","uk",7,0,1,19/06/2012 00:00,19/06/2012 00:00
201,"jaor.net",7120,-1,1,1,64776,147651,53721,30/06/2008 00:00,10/08/2013 00:00,"80.237.133.11","80.237.133.0","DE","net",28,7,1,30/07/2013 00:00,30/07/2013 00:00
202,"joeway.co.uk",725,-1,1,1,8584,3346,617,10/10/2008 00:00,10/08/2013 00:00,"94.76.213.71","94.76.213.0","UK","uk",17,7,1,26/03/2012 00:00,26/03/2012 00:00
203,"imps4ever.net",14,-1,1,1,33,292,151,14/03/2012 00:00,24/07/2013 00:00,"74.220.199.6","74.220.199.0","US","net",0,0,1,27/06/2012 00:00,27/06/2012 00:00
204,"mortgageblog.co.uk",1410,-1,1,1,9922,4875,4236,15/04/2009 00:00,10/08/2013 00:00,"194.145.196.115","194.145.196.0","UK","uk",21,10,1,06/04/2012 00:00,06/04/2012 00:00
205,"epilepsyhelp.ru",1239,-1,1,1,5933,36126,14895,02/06/2008 00:00,10/08/2013 00:00,"77.221.155.154","77.221.155.0","RU","ru",27,3,1,27/05/2013 00:00,27/07/2013 00:00
206,"chernev.ru",1724,-1,1,1,33904,96247,21578,11/04/2009 00:00,12/10/2012 00:00,"67.215.66.132","67.215.66.0","US","ru",17,14,1,14/06/2012 00:00,14/06/2012 00:00
207,"antikas.ru",8322,-1,1,1,155329,97267,33481,04/09/2010 00:00,10/08/2013 00:00,"77.222.40.98","77.222.40.0","RU","ru",40,11,1,22/03/2013 00:00,16/07/2013 00:00
208,"propertyoxford.net",33,-1,1,1,5955,715672,715672,29/09/2008 00:00,25/06/2013 00:00,"82.98.86.172","82.98.86.0","DE","net",0,0,1,08/11/2011 00:00,08/11/2011 00:00
209,"hetaquariumcollectief.nl",584,-1,1,1,34306,37808,15686,19/02/2008 00:00,27/08/2012 00:00,"5.9.210.33","5.9.210.0","DE","nl",8,11,1,02/05/2012 00:00,02/05/2012 00:00
210,"muziekpromo.nl",14153,-1,1,1,233467,80414,26760,02/10/2008 00:00,10/08/2013 00:00,"193.43.92.120","193.43.92.0","NL","nl",48,10,1,08/06/2013 00:00,08/06/2013 00:00
211,"gatewaycollege.no",4516,-1,1,1,105018,22489,7833,23/01/2008 00:00,10/08/2013 00:00,"80.232.120.75","80.232.120.0","NO","no",24,30,1,31/07/2012 00:00,31/07/2012 00:00
212,"paulwoodart.net",178,-1,1,1,857,106,45,19/06/2012 00:00,03/07/2012 00:00,"46.30.211.61","46.30.211.0","DK","net",9,2,1,10/07/2012 00:00,10/07/2012 00:00
213,"celinac.org",4525,-1,1,1,28732,31592,15599,21/01/2008 00:00,07/08/2013 00:00,"188.40.111.44","188.40.111.0","DE","org",18,7,1,29/03/2012 00:00,29/03/2012 00:00
214,"fundacionporlajusticia.org",541,-1,1,1,8963,1491,1013,27/06/2008 00:00,10/08/2013 00:00,"31.193.225.51","31.193.225.0","ES","org",27,19,1,11/05/2013 00:00,10/08/2013 00:00
215,"insooth.org",52,-1,1,1,496,768,436,27/01/2008 00:00,04/08/2013 00:00,"64.13.232.250","64.13.232.0","US","org",5,1,1,15/07/2013 00:00,15/07/2013 00:00
216,"onlineed.org",6078,-1,1,1,43400,23668,6529,07/07/2008 00:00,10/08/2013 00:00,"174.127.104.173","174.127.104.0","US","org",18,11,1,17/04/2012 00:00,17/04/2012 00:00
217,"nekokinoko.net",108,-1,1,1,737,25975,6929,28/12/2010 00:00,07/08/2013 00:00,"203.189.109.166","203.189.109.0","JP","net",10,1,1,26/06/2012 00:00,26/06/2012 00:00
218,"sugarstitch.org",18,-1,1,1,265,37150,16313,19/10/2011 00:00,09/08/2013 00:00,"98.129.229.162","98.129.229.0","US","org",9,0,1,26/07/2012 00:00,26/07/2012 00:00
219,"britani.ru",14956,-1,1,1,114062,158809,59954,09/01/2008 00:00,10/08/2013 00:00,"178.79.175.118","178.79.175.0","UK","ru",43,10,1,01/08/2012 00:00,01/08/2012 00:00
220,"tour-dates.org",405,-1,1,1,3443,494,392,13/04/2011 00:00,10/08/2013 00:00,"176.74.176.167","176.74.176.0","UK","org",15,0,1,12/05/2012 00:00,12/05/2012 00:00
221,"mullerovi.net",110,-1,1,1,1289,26536,17184,27/01/2008 00:00,14/08/2012 00:00,"69.43.161.167","69.43.161.0","US","net",13,9,1,25/07/2012 00:00,25/07/2012 00:00
222,"evis.net.ph",33591,-1,1,1,1536661,497008,254621,29/01/2008 00:00,08/08/2013 00:00,"69.64.43.146","69.64.43.0","US","ph",20,33,1,31/07/2012 00:00,31/07/2012 00:00
223,"minimalbliss.net",23528,-1,1,1,379618,169285,81482,24/01/2008 00:00,10/08/2013 00:00,"208.109.138.74","208.109.138.0","US","net",58,13,1,01/08/2012 00:00,01/08/2012 00:00
224,"aquaweb.pl",3755,-1,1,1,65713,2233,1468,03/05/2011 00:00,31/07/2013 00:00,"50.22.40.98","50.22.40.0","US","pl",19,13,1,24/05/2012 00:00,24/05/2012 00:00
225,"it-host.pl",6626,-1,1,1,340974,191008,31834,08/01/2010 00:00,15/07/2013 00:00,"216.8.179.25","216.8.179.0","CA","pl",19,17,1,10/04/2012 00:00,17/04/2012 00:00
226,"alien.net.pl",546,-1,1,1,9246,4316900,56904,10/10/2011 00:00,10/08/2013 00:00,"91.200.32.24","91.200.32.0","PL","pl",17,6,1,12/04/2011 00:00,12/04/2011 00:00
227,"paski.org.pl",1682,-1,1,1,20446,1646,1386,26/03/2008 00:00,10/08/2013 00:00,"79.96.148.162","79.96.148.0","PL","pl",30,4,1,07/08/2012 00:00,07/08/2012 00:00
228,"srodaslaska24.pl",795,-1,1,1,77168,94150,31936,21/11/2010 00:00,09/08/2013 00:00,"95.211.15.83","95.211.15.0","NL","pl",19,10,1,09/04/2012 00:00,09/04/2012 00:00
229,"ssl2.pl",40650,-1,1,1,1600100,742764,126616,24/03/2011 00:00,10/08/2013 00:00,"62.212.76.147","62.212.76.0","NL","pl",34,15,1,11/06/2012 00:00,11/06/2012 00:00
230,"apasaracitaindeuteriu.ro",6541,-1,1,1,48162,34294,11576,08/07/2008 00:00,09/08/2013 00:00,"93.115.117.156","93.115.117.0","RO","ro",22,8,1,13/05/2012 00:00,13/05/2012 00:00
231,"ucfccc.org",3099,-1,1,1,21086,39961,7768,24/02/2008 00:00,10/08/2013 00:00,"74.220.203.52","74.220.203.0","US","org",17,3,1,23/05/2012 00:00,19/10/2012 00:00
232,"hoipoi.net",603,-1,1,1,40827,4931,4118,16/04/2008 00:00,10/08/2013 00:00,"50.63.51.1","50.63.51.0","US","net",31,27,1,21/05/2012 00:00,21/05/2012 00:00
233,"teoriadesarrolloweb.com.ar",21,-1,1,1,498539,28583,6528,12/03/2012 00:00,10/08/2013 00:00,"190.228.29.82","190.228.29.0","AR","ar",39,3,1,05/04/2012 00:00,05/04/2012 00:00
234,"el-rincon.net",809,-1,1,1,4217,118939,40639,28/01/2008 00:00,10/08/2013 00:00,"217.76.130.52","217.76.130.0","ES","net",25,0,1,27/04/2012 00:00,27/04/2012 00:00
235,"djsoundssupreme.com",103,-1,1,1,9099,1478,1382,05/10/2010 00:00,10/08/2013 00:00,"174.120.194.34","174.120.194.0","US","com",18,11,1,31/07/2013 00:00,31/07/2013 00:00
236,"eliteflashgame.com",16,-1,1,1,37,1086,1079,29/05/2013 00:00,10/08/2013 00:00,"50.63.40.1","50.63.40.0","US","com",10,1,1,14/07/2013 00:00,14/07/2013 00:00
237,"elkshelldorado.com",421,-1,1,1,3847,1429,966,18/01/2008 00:00,10/08/2013 00:00,"184.106.55.84","184.106.55.0","US","com",27,24,1,30/06/2013 00:00,14/07/2013 00:00
238,"empresariasmillonarias.com",218,-1,1,1,1621,210,124,21/06/2012 00:00,05/08/2013 00:00,"64.202.189.170","64.202.189.0","US","com",11,0,1,17/07/2012 00:00,17/07/2012 00:00
239,"facebookgameworld.com",495,-1,1,1,4850,33658,28805,18/05/2012 00:00,21/07/2013 00:00,"50.21.182.75","50.21.182.0","US","com",19,2,1,27/02/2013 00:00,27/02/2013 00:00
240,"fodq.com",16,-1,1,1,24,939,924,27/08/2012 00:00,09/08/2013 00:00,"173.233.70.90","173.233.70.0","US","com",10,0,1,13/07/2012 00:00,13/07/2012 00:00
241,"friendslife1.com",385,-1,1,1,10729,15715,7310,08/08/2010 00:00,28/07/2013 00:00,"74.53.104.182","74.53.104.0","US","com",7,0,1,15/08/2012 00:00,09/11/2012 00:00
242,"gorgeouswhores.com",1393,-1,1,1,10933,7449,6203,17/09/2009 00:00,10/08/2013 00:00,"74.117.176.61","74.117.176.0","US","com",17,9,1,13/07/2012 00:00,13/07/2012 00:00
243,"guidepop.com",10813,-1,1,1,131106,166312,70610,20/03/2008 00:00,10/08/2013 00:00,"202.57.128.199","202.57.128.0","TH","com",44,14,1,01/08/2012 00:00,01/08/2012 00:00
244,"habitacion404.com",294,-1,1,1,6179,936,789,18/11/2011 00:00,04/03/2013 00:00,"87.98.231.19","87.98.231.0","ES","com",9,7,1,03/05/2012 00:00,03/05/2012 00:00
245,"hermeticcircle.com",100,-1,1,1,454,2844,2275,12/10/2010 00:00,01/08/2012 00:00,"63.156.206.202","63.156.206.0","US","com",6,1,1,18/07/2012 00:00,18/07/2012 00:00
246,"cynomedia.com",6456,-1,1,1,1338736,262044,153751,13/09/2009 00:00,10/08/2013 00:00,"87.98.140.31","87.98.140.0","FR","com",42,20,1,27/03/2012 00:00,27/03/2012 00:00
247,"howdyinc.com",346,-1,1,1,3306,97067,60939,08/02/2008 00:00,10/08/2013 00:00,"208.109.181.210","208.109.181.0","US","com",12,2,1,09/08/2013 00:00,09/08/2013 00:00
248,"jymix.com",938,-1,1,1,27463,36595,17141,19/07/2008 00:00,09/08/2013 00:00,"108.166.161.209","108.166.161.0","US","com",20,6,1,02/03/2013 00:00,02/03/2013 00:00
249,"kimboberg.com",879,-1,1,1,13135,4291,2318,24/10/2011 00:00,01/03/2013 00:00,"193.202.110.149","193.202.110.0","NL","com",12,5,1,18/05/2012 00:00,18/05/2012 00:00
250,"localbizdex.com",0,-1,1,1,0,54459,54459,06/11/2012 00:00,09/08/2013 00:00,"198.1.126.24","198.1.126.0","US","com",0,0,1,10/03/2013 00:00,10/03/2013 00:00
251,"matickos.com",682,-1,1,1,5175,31527,12667,17/01/2008 00:00,10/08/2013 00:00,"69.89.22.108","69.89.22.0","US","com",21,8,1,30/07/2012 00:00,25/05/2013 00:00
252,"matureslutszone.com",1563,-1,1,1,33986,6958,5146,12/01/2008 00:00,10/08/2013 00:00,"74.117.176.54","74.117.176.0","US","com",18,3,1,19/07/2012 00:00,19/07/2012 00:00
253,"minimusopus.com",128,-1,1,1,578,6644,897,28/05/2008 00:00,01/08/2013 00:00,"46.105.111.116","46.105.111.0","FR","com",11,0,1,27/07/2012 00:00,27/07/2012 00:00
254,"mkforums.com",5246,-1,1,1,53218,329774,36426,22/12/2011 00:00,06/07/2012 00:00,"208.91.197.13","208.91.197.0","UK","com",18,4,1,13/06/2012 00:00,13/06/2012 00:00
255,"mostangs.com",20640,-1,1,1,1143645,197853,66572,28/06/2012 00:00,10/08/2013 00:00,"184.168.238.1","184.168.238.0","US","com",39,6,1,10/07/2012 00:00,10/07/2012 00:00
256,"moussaandthelatinreggaeband.com",20262,-1,1,1,377558,43037,16979,17/09/2008 00:00,10/08/2013 00:00,"68.178.232.56","68.178.232.0","US","com",26,13,1,27/07/2012 00:00,27/07/2012 00:00
257,"movieeasy.com",33,-1,1,1,4234,6281,5011,29/11/2010 00:00,02/04/2013 00:00,"173.237.136.143","173.237.136.0","US","com",7,1,1,06/06/2012 00:00,06/06/2012 00:00
258,"mrcoolsboutique.com",838,-1,1,1,6069,11786,5838,30/10/2010 00:00,25/05/2013 00:00,"66.147.244.189","66.147.244.0","US","com",13,1,1,15/07/2012 00:00,15/07/2012 00:00
259,"jheniosman.com",12,-1,1,1,20,81,71,25/04/2013 00:00,07/08/2013 00:00,"174.127.106.61","174.127.106.0","US","com",6,7,1,03/05/2013 00:00,03/05/2013 00:00
260,"musikktropp.com",7576,-1,1,1,113901,55365,17240,24/01/2010 00:00,08/05/2013 00:00,"46.30.211.47","46.30.211.0","DK","com",19,3,1,08/08/2012 00:00,08/08/2012 00:00
261,"cryptevolante.com",33,-1,1,1,3706,4349,1310,21/02/2013 00:00,10/08/2013 00:00,"213.186.33.19","213.186.33.0","FR","com",18,3,1,25/06/2012 00:00,21/03/2013 00:00
262,"corazonyvida.com",7228,-1,1,1,51982,122830,50163,13/01/2008 00:00,10/08/2013 00:00,"176.28.47.153","176.28.47.0","DE","com",39,24,1,11/08/2012 00:00,17/12/2012 00:00
263,"mfu-wien.at",11940,-1,1,1,102386,260569,128827,16/04/2008 00:00,10/08/2013 00:00,"81.19.145.43","81.19.145.0","AT","at",39,13,1,01/05/2012 00:00,25/05/2013 00:00
264,"aikido.org.au",7848,-1,1,1,181155,88065,37572,31/01/2008 00:00,10/08/2013 00:00,"202.124.241.200","202.124.241.0","AU","au",24,26,1,31/07/2012 00:00,31/07/2012 00:00
265,"chirobevel.be",3293,-1,1,1,16202,188555,55046,28/10/2009 00:00,10/08/2013 00:00,"46.30.211.54","46.30.211.0","DK","be",29,9,1,27/04/2012 00:00,27/04/2012 00:00
266,"pilladas.biz",213,-1,1,1,27139,32222,11319,25/01/2009 00:00,06/01/2013 00:00,"67.215.66.132","67.215.66.0","US","biz",10,5,1,05/05/2012 00:00,22/05/2012 00:00
267,"5nvtreinamentos.com.br",832,-1,1,1,7317,13231,3493,03/12/2010 00:00,23/02/2013 00:00,"200.98.196.21","200.98.196.0","BR","br",11,5,1,21/03/2012 00:00,21/03/2012 00:00
268,"prover.com.br",2266,-1,1,1,14891,116410,41968,21/01/2008 00:00,10/08/2013 00:00,"200.194.176.25","200.194.176.0","BR","br",19,16,1,31/07/2012 00:00,31/07/2012 00:00
269,"italchambers.ca",4309,-1,1,1,43771,43207,16782,31/01/2008 00:00,10/08/2013 00:00,"208.113.225.168","208.113.225.0","US","ca",30,17,1,05/04/2012 00:00,05/04/2012 00:00
270,"i-put-you.cc",354,-1,1,1,4918,4602,3445,06/11/2011 00:00,10/08/2013 00:00,"80.67.28.225","80.67.28.0","DE","cc",19,6,1,25/07/2012 00:00,25/07/2012 00:00
271,"zergipio.cl",34829,-1,1,1,376223,283959,74985,27/06/2008 00:00,10/08/2013 00:00,"184.107.202.162","184.107.202.0","CA","cl",47,11,1,03/07/2012 00:00,03/07/2012 00:00
272,"dreamshare.cn",3598,-1,1,1,19863,46674,18906,27/04/2009 00:00,25/02/2013 00:00,"219.232.227.49","219.232.227.0","CN","cn",11,2,1,12/06/2012 00:00,12/06/2012 00:00
273,"1hotparty.com",52,-1,1,1,127,118,77,19/03/2013 00:00,10/08/2013 00:00,"199.26.86.226","199.26.86.0","US","com",13,0,1,27/05/2013 00:00,27/05/2013 00:00
274,"creativenewyorker.com",268,-1,1,1,30586,6108,5434,04/07/2012 00:00,10/08/2013 00:00,"50.63.36.1","50.63.36.0","US","com",13,2,1,28/06/2012 00:00,28/06/2012 00:00
275,"396rainlab.com",38,-1,1,1,5346,907,854,11/04/2011 00:00,10/08/2013 00:00,"176.58.98.9","176.58.98.0","UK","com",15,6,1,28/03/2013 00:00,12/07/2013 00:00
276,"acttirestaffing.com",86,-1,1,1,179068,46444,28037,04/02/2008 00:00,10/08/2013 00:00,"66.77.185.150","66.77.185.0","US","com",16,15,1,24/02/2013 00:00,24/02/2013 00:00
277,"acttruckstaffing.com",91,-1,1,1,174358,55821,36118,12/01/2008 00:00,10/08/2013 00:00,"66.77.185.150","66.77.185.0","US","com",16,15,1,24/02/2013 00:00,24/02/2013 00:00
278,"aqardaily.com",678,-1,1,1,4102,461554,162498,08/06/2010 00:00,10/08/2013 00:00,"64.74.223.43","64.74.223.0","US","com",15,1,1,14/06/2012 00:00,14/06/2012 00:00
279,"assarat.com",917,-1,1,1,5996,130228,17913,03/10/2012 00:00,10/08/2013 00:00,"184.172.59.83","184.172.59.0","US","com",26,6,1,06/08/2013 00:00,06/08/2013 00:00
280,"autoshopjobs.com",49,-1,1,1,7820,15674,10005,21/05/2008 00:00,10/08/2013 00:00,"66.77.185.150","66.77.185.0","US","com",7,8,1,02/03/2013 00:00,02/03/2013 00:00
281,"balatar.com",1061,-1,1,1,52907,12128,7991,28/04/2008 00:00,21/01/2013 00:00,"173.45.86.146","173.45.86.0","US","com",12,3,1,27/07/2012 00:00,22/12/2012 00:00
282,"bestvegaslines.com",80,-1,1,1,133,957,929,30/08/2009 00:00,10/08/2013 00:00,"76.75.199.8","76.75.199.0","US","com",9,0,1,28/04/2011 00:00,28/04/2011 00:00
283,"buyvideogamesonline4cheap.com",297,-1,1,1,4969,123130,81760,23/12/2009 00:00,10/08/2013 00:00,"50.21.182.75","50.21.182.0","US","com",15,1,1,27/08/2012 00:00,27/08/2012 00:00
284,"cbc-i.com",5,-1,1,1,17,19240,17419,16/02/2013 00:00,05/08/2013 00:00,"94.247.178.141","94.247.178.0","FR","com",0,0,1,21/04/2013 00:00,21/04/2013 00:00
285,"cbc-invest.com",10439,-1,1,1,497200,45805,33073,21/06/2012 00:00,10/08/2013 00:00,"94.247.178.141","94.247.178.0","FR","com",47,10,1,09/07/2013 00:00,09/07/2013 00:00
286,"chenmengou.com",21,-1,1,1,210,156,8,28/06/2012 00:00,28/06/2012 00:00,"","","","com",6,1,1,28/06/2012 00:00,28/06/2012 00:00
287,"actshopjobs.com",89,-1,1,1,186505,13805,7791,06/11/2009 00:00,10/08/2013 00:00,"66.77.185.150","66.77.185.0","US","com",15,15,1,01/03/2013 00:00,01/03/2013 00:00
288,"myhotelsinsingapore.com",851,-1,1,1,60563,14003,9991,23/09/2010 00:00,10/08/2013 00:00,"118.139.174.1","118.139.174.0","SG","com",25,5,1,10/06/2012 00:00,10/06/2012 00:00
289,"net-working-business.com",224,-1,1,1,974,14918,14553,29/09/2012 00:00,,"94.247.178.141","94.247.178.0","FR","com",8,6,1,19/04/2013 00:00,19/04/2013 00:00
290,"network-partner-invest.com",54,-1,1,1,365,17962,16976,21/06/2012 00:00,,"94.247.178.141","94.247.178.0","FR","com",7,0,1,03/03/2013 00:00,03/03/2013 00:00
291,"citroeny.cz",6802,-1,1,1,67159,626324,263891,09/01/2008 00:00,10/08/2013 00:00,"81.2.195.71","81.2.195.0","CZ","cz",27,12,1,29/06/2012 00:00,24/05/2013 00:00
292,"abiklasse2008.de",970,-1,1,1,5846,25846,7380,21/01/2008 00:00,10/08/2013 00:00,"85.13.129.135","85.13.129.0","DE","de",13,1,1,01/08/2012 00:00,01/08/2012 00:00
293,"deutscher-fanclub.de",701,-1,1,1,6716,1806,833,22/05/2010 00:00,28/11/2012 00:00,"176.9.83.229","176.9.83.0","DE","de",22,9,1,12/06/2012 00:00,12/06/2012 00:00
294,"jcpanzerfaust.de",10511,-1,1,1,58913,89956,17596,09/12/2009 00:00,10/08/2013 00:00,"94.100.20.12","94.100.20.0","NL","de",30,5,1,21/06/2012 00:00,15/07/2013 00:00
295,"c2l.eu",31178,-1,1,1,1571076,1086222,283975,23/07/2009 00:00,10/08/2013 00:00,"188.121.55.128","188.121.55.0","NL","eu",57,15,1,26/06/2012 00:00,26/06/2012 00:00
296,"suojarvi.fi",345,-1,1,1,1262,12475,3996,24/01/2008 00:00,31/07/2013 00:00,"85.13.248.54","85.13.248.0","UK","fi",17,9,1,03/07/2012 00:00,03/07/2012 00:00
297,"franz-ferdinand.fr",751,-1,1,1,6090,145273,57076,22/09/2009 00:00,10/08/2013 00:00,"94.23.175.16","94.23.175.0","CZ","fr",14,12,1,27/04/2011 00:00,19/07/2012 00:00
298,"tower-defense.fr",1269,-1,1,1,8134,43301,23030,22/02/2013 00:00,10/08/2013 00:00,"87.106.17.203","87.106.17.0","DE","fr",25,2,1,11/06/2012 00:00,11/06/2012 00:00
299,"zabavan.fr",84,-1,1,1,174,2615,2538,03/07/2013 00:00,10/08/2013 00:00,"213.186.33.19","213.186.33.0","FR","fr",17,0,1,27/02/2013 00:00,16/07/2013 00:00
300,"moving-u.co.il",87,-1,1,1,424,1571,950,12/10/2011 00:00,26/07/2013 00:00,"84.94.232.44","84.94.232.0","IL","il",8,0,1,29/03/2012 00:00,29/03/2012 00:00
301,"mindcircus.in",262,-1,1,1,1861,1992,1341,18/04/2008 00:00,10/08/2013 00:00,"193.189.74.26","193.189.74.0","UK","in",23,2,1,16/07/2013 00:00,16/07/2013 00:00
302,"zakhas.com",19530,-1,1,1,231130,136164,61951,14/01/2008 00:00,10/08/2013 00:00,"67.222.56.141","67.222.56.0","US","com",23,8,1,28/03/2012 00:00,28/03/2012 00:00
303,"approvedschool.info",182,-1,1,1,1376,1117,1070,30/09/2010 00:00,10/08/2013 00:00,"99.192.238.180","99.192.238.0","US","info",12,1,1,12/06/2012 00:00,12/06/2012 00:00
304,"cometogether.it",186,-1,1,1,1610,3515,41,25/02/2013 00:00,,"62.116.181.25","62.116.181.0","DE","it",9,9,1,13/06/2012 00:00,13/06/2012 00:00
305,"motoklubasdakaras.lt",11398,-1,1,1,98302,199667,57108,14/08/2008 00:00,10/08/2013 00:00,"79.98.25.14","79.98.25.0","LT","lt",41,10,1,26/05/2013 00:00,26/05/2013 00:00
306,"rotaractmarijampole.lt",233,-1,1,1,17515,941,336,18/06/2012 00:00,08/08/2013 00:00,"79.98.28.22","79.98.28.0","LT","lt",22,4,1,21/06/2012 00:00,21/06/2012 00:00
307,"dangerarrows.lv",3987,-1,1,1,39272,37407,17129,28/06/2008 00:00,07/08/2012 00:00,"78.28.227.182","78.28.227.0","LV","lv",13,4,1,17/07/2012 00:00,17/07/2012 00:00
308,"1st-auto-parts.net",3900,-1,1,1,213598,173162,91866,05/12/2008 00:00,29/07/2013 00:00,"50.22.108.32","50.22.108.0","US","net",23,2,1,27/02/2012 00:00,16/04/2012 00:00
309,"6y9.net",19404,-1,1,1,196528,198350,47554,02/07/2008 00:00,01/02/2013 00:00,"82.98.135.43","82.98.135.0","ES","net",24,7,1,07/05/2012 00:00,07/05/2012 00:00
310,"alufok.net",707,-1,1,1,7084,78686,18812,04/06/2010 00:00,07/04/2013 00:00,"50.63.202.76","50.63.202.0","US","net",11,0,1,26/07/2012 00:00,22/12/2012 00:00
311,"aofbilgi.net",1128,-1,1,1,24131,619321,181126,23/02/2008 00:00,10/08/2013 00:00,"208.91.197.101","208.91.197.0","UK","net",20,6,1,12/04/2012 00:00,12/04/2012 00:00
312,"canadianessence.net",9421,-1,1,1,82613,60487,15872,06/03/2008 00:00,10/08/2013 00:00,"74.220.199.6","74.220.199.0","US","net",19,3,1,27/07/2012 00:00,27/07/2012 00:00
313,"crosss.net",7520,-1,1,1,84109,51761,7833,15/07/2009 00:00,10/08/2013 00:00,"203.189.109.240","203.189.109.0","JP","net",27,7,1,06/05/2012 00:00,06/05/2012 00:00
314,"dublin4.net",28,-1,1,1,25559,537089,537088,08/06/2009 00:00,10/02/2013 00:00,"82.98.86.169","82.98.86.0","DE","net",0,0,1,12/04/2011 00:00,12/04/2011 00:00
315,"tourment.info",662,-1,1,1,6289,43322,18223,05/08/2008 00:00,08/08/2013 00:00,"82.165.52.73","82.165.52.0","DE","info",10,2,1,06/04/2013 00:00,06/04/2013 00:00
316,"infochief.com.vn",4478,-1,1,1,68774,47947,14644,15/09/2009 00:00,22/07/2013 00:00,"208.68.104.128","208.68.104.0","CA","vn",25,8,1,12/05/2012 00:00,12/05/2012 00:00
317,"web-sites-business.com",11,-1,1,1,45,33727,33196,16/02/2013 00:00,,"94.247.178.141","94.247.178.0","FR","com",9,0,1,03/03/2013 00:00,15/04/2013 00:00
318,"warlordfactory.com",4766,-1,1,1,47129,64358,35772,14/10/2008 00:00,10/08/2013 00:00,"74.208.58.202","74.208.58.0","US","com",16,3,1,13/06/2012 00:00,13/06/2012 00:00
319,"newmantechpartners.com",4348,-1,1,1,20987,16909,4699,18/11/2009 00:00,10/08/2013 00:00,"74.86.171.173","74.86.171.0","US","com",32,2,1,14/06/2012 00:00,14/06/2012 00:00
320,"newspapercritics.com",214,-1,1,1,3332,32168,22756,09/12/2010 00:00,26/06/2012 00:00,"208.73.211.152","208.73.211.0","US","com",7,1,1,12/06/2012 00:00,12/06/2012 00:00
321,"noiraufeminin.com",6507,-1,1,1,168381,78736,25430,08/03/2008 00:00,05/08/2013 00:00,"87.98.140.31","87.98.140.0","FR","com",43,15,1,14/07/2012 00:00,14/07/2012 00:00
322,"omeueverest.com",826,-1,1,1,28597,16051,1088,13/01/2008 00:00,10/08/2013 00:00,"187.1.133.32","187.1.133.0","BR","com",15,7,1,08/04/2012 00:00,08/04/2012 00:00
323,"partner-network-invest.com",1858,-1,1,1,14328,21453,19377,19/06/2012 00:00,17/12/2012 00:00,"94.247.178.141","94.247.178.0","FR","com",15,3,1,29/03/2013 00:00,29/03/2013 00:00
324,"pennjerseyforums.com",1833,-1,1,1,20535,128097,72407,05/03/2010 00:00,10/08/2013 00:00,"184.168.202.1","184.168.202.0","US","com",30,7,1,09/07/2013 00:00,09/07/2013 00:00
325,"raleighpublicrelations.com",1442,-1,1,1,22872,4428,1744,10/01/2009 00:00,05/09/2012 00:00,"69.163.160.214","69.163.160.0","US","com",14,17,1,07/08/2012 00:00,07/08/2012 00:00
326,"relaxpatagonia.com",1173,-1,1,1,343798,3215824,231056,10/10/2009 00:00,22/07/2013 00:00,"64.95.64.194","64.95.64.0","US","com",34,0,1,24/10/2010 00:00,24/10/2010 00:00
327,"reportbank.com",668,-1,1,1,1490563,23946,21425,25/02/2008 00:00,10/08/2013 00:00,"216.224.182.95","216.224.182.0","US","com",30,3,1,05/05/2012 00:00,05/05/2012 00:00
328,"rocksahnesi.com",8621,-1,1,1,112128,108321,16468,20/04/2009 00:00,19/07/2013 00:00,"69.43.161.167","69.43.161.0","US","com",25,3,1,13/06/2012 00:00,13/06/2012 00:00
329,"russwhiterealtor.com",28,-1,1,1,223,806,635,17/03/2013 00:00,10/08/2013 00:00,"69.89.31.167","69.89.31.0","US","com",9,0,1,24/02/2013 00:00,04/07/2013 00:00
330,"sarahcooperphotography.com",159,-1,1,1,1443,167,162,23/12/2012 00:00,10/08/2013 00:00,"67.23.237.183","67.23.237.0","US","com",12,2,1,15/06/2012 00:00,15/06/2012 00:00
331,"shesnotajanitor.com",2913,-1,1,1,23812,110990,55815,06/08/2008 00:00,10/08/2013 00:00,"208.109.14.78","208.109.14.0","US","com",38,6,1,09/08/2012 00:00,09/08/2012 00:00
332,"sihlarkoyu.com",5231,-1,1,1,36152,157320,81968,18/02/2008 00:00,10/08/2013 00:00,"94.102.1.194","94.102.1.0","TR","com",31,3,1,04/07/2012 00:00,28/07/2013 00:00
333,"sites-business.com",55,-1,1,1,82088,11878,11723,16/02/2013 00:00,,"94.247.178.141","94.247.178.0","FR","com",0,0,1,12/05/2013 00:00,12/05/2013 00:00
334,"stantonjames.com",1643,-1,1,1,44799,78127,33890,06/07/2009 00:00,10/08/2013 00:00,"72.167.27.189","72.167.27.0","US","com",30,12,1,26/06/2012 00:00,26/06/2012 00:00
335,"steveosautomotive.com",0,-1,1,1,0,4,1,17/07/2013 00:00,,"","","","com",0,0,1,21/06/2012 00:00,21/06/2012 00:00
336,"technames.com",1824,-1,1,1,6194,29210,7129,24/01/2008 00:00,10/08/2013 00:00,"184.168.152.59","184.168.152.0","US","com",26,21,1,03/04/2012 00:00,04/04/2012 00:00
337,"tennisfamilies.com",7,-1,1,1,12,626,277,29/11/2010 00:00,10/08/2013 00:00,"216.227.214.143","216.227.214.0","US","com",9,0,1,25/03/2013 00:00,10/07/2013 00:00
338,"thecleansingstory.com",104,-1,1,1,714,986,477,02/04/2008 00:00,10/08/2013 00:00,"208.97.136.200","208.97.136.0","US","com",11,14,1,26/07/2012 00:00,22/12/2012 00:00
339,"theron-fan.com",266,-1,1,1,4442,143859,90918,28/03/2011 00:00,10/08/2013 00:00,"174.37.207.128","174.37.207.0","US","com",12,6,1,04/07/2012 00:00,04/07/2012 00:00
340,"thiswayproductions.com",177,-1,1,1,690,53,43,23/01/2008 00:00,10/08/2013 00:00,"69.89.30.101","69.89.30.0","US","com",8,3,1,12/06/2012 00:00,12/06/2012 00:00
341,"thuwal-net.com",2038,-1,1,1,37100,156935,57721,22/10/2008 00:00,10/08/2013 00:00,"173.193.192.33","173.193.192.0","US","com",27,5,1,22/05/2013 00:00,22/05/2013 00:00
342,"truckshopjobs.com",26,-1,1,1,36,6897,4344,28/07/2009 00:00,10/08/2013 00:00,"66.77.185.150","66.77.185.0","US","com",0,0,1,28/02/2013 00:00,28/02/2013 00:00
343,"verticaltuning.com",591,-1,1,1,5237,22417,10565,20/06/2012 00:00,08/07/2013 00:00,"46.28.239.190","46.28.239.0","TR","com",9,6,1,04/05/2013 00:00,04/05/2013 00:00
344,"golfstrim.net",28154,-1,1,1,383926,985025,229404,26/04/2008 00:00,10/08/2013 00:00,"178.162.182.163","178.162.182.0","DE","net",48,9,1,10/05/2012 00:00,04/04/2013 00:00
345,"vce.vn",8427,-1,1,1,94013,111080,42720,20/02/2008 00:00,09/08/2013 00:00,"120.50.186.36","120.50.186.0","VN","vn",22,14,1,24/04/2013 00:00,24/04/2013 00:00
